yaml_file	sequence_length	peak_memory_mb	runtime_seconds	success	failure_reason	timestamp
BR_P0DKJ0.yaml	39	2747	93.25	TRUE	Process completed successfully with valid output	2025/7/21 18:30
BR_A0A1P8AXK3.yaml	42	2749	81.7	TRUE	Process completed successfully with valid output	2025/7/21 18:31
BR_A0A1P8AUW5.yaml	44	2751	82	TRUE	Process completed successfully with valid output	2025/7/21 18:33
BR_A0A1I9LPG1.yaml	45	2751	82.03	TRUE	Process completed successfully with valid output	2025/7/21 18:34
BR_A0A1I9LPG0.yaml	46	2765	80.61	TRUE	Process completed successfully with valid output	2025/7/21 18:36
BR_A0A1P8B012.yaml	47	2765	81.3	TRUE	Process completed successfully with valid output	2025/7/21 18:37
BR_A0A1I9LPI9.yaml	51	2767	81.34	TRUE	Process completed successfully with valid output	2025/7/21 18:39
BR_P0DKI9.yaml	52	2759	82.04	TRUE	Process completed successfully with valid output	2025/7/21 18:40
BR_A0A1P8AV14.yaml	53	2773	81.17	TRUE	Process completed successfully with valid output	2025/7/21 18:42
BR_A0A1P8AY13.yaml	54	2773	81.46	TRUE	Process completed successfully with valid output	2025/7/21 18:43
BR_F4JCA6.yaml	55	2765	81.44	TRUE	Process completed successfully with valid output	2025/7/21 18:45
BR_A0A1I9LQ91.yaml	56	2767	81.64	TRUE	Process completed successfully with valid output	2025/7/21 18:46
BR_Q3ED37.yaml	58	2787	81.1	TRUE	Process completed successfully with valid output	2025/7/21 18:48
BR_P62120.yaml	59	2789	82.04	TRUE	Process completed successfully with valid output	2025/7/21 18:49
BR_A0A1P8B936.yaml	60	2791	83.07	TRUE	Process completed successfully with valid output	2025/7/21 18:51
BR_A0A1P8BFI2.yaml	61	2791	81.33	TRUE	Process completed successfully with valid output	2025/7/21 18:52
BR_F4I697.yaml	62	2791	81.21	TRUE	Process completed successfully with valid output	2025/7/21 18:54
BR_P61039.yaml	63	2841	81.17	TRUE	Process completed successfully with valid output	2025/7/21 18:55
BR_A0A1P8B2W8.yaml	64	2791	81.71	TRUE	Process completed successfully with valid output	2025/7/21 18:57
BR_B3H4J6.yaml	65	2797	81.57	TRUE	Process completed successfully with valid output	2025/7/21 18:58
BR_A0A1P8BG84.yaml	66	2799	81.38	TRUE	Process completed successfully with valid output	2025/7/21 19:00
BR_B3H619.yaml	67	2797	82.07	TRUE	Process completed successfully with valid output	2025/7/21 19:01
BR_Q8LGA4.yaml	68	2801	81.66	TRUE	Process completed successfully with valid output	2025/7/21 19:03
BR_B3H5Y6.yaml	69	2801	81.59	TRUE	Process completed successfully with valid output	2025/7/21 19:04
BR_B3H5W5.yaml	70	2801	81.5	TRUE	Process completed successfully with valid output	2025/7/21 19:06
BR_B3H4V8.yaml	71	2801	80.89	TRUE	Process completed successfully with valid output	2025/7/21 19:07
BR_B3H5S1.yaml	72	2811	81.63	TRUE	Process completed successfully with valid output	2025/7/21 19:08
BR_P62095.yaml	73	2895	82.56	TRUE	Process completed successfully with valid output	2025/7/21 19:10
BR_B3H770.yaml	74	2807	83.03	TRUE	Process completed successfully with valid output	2025/7/21 19:12
BR_B3H5I4.yaml	75	2807	83.28	TRUE	Process completed successfully with valid output	2025/7/21 19:13
BR_B3H5C2.yaml	76	2821	81.48	TRUE	Process completed successfully with valid output	2025/7/21 19:15
BR_B3H6C0.yaml	77	2821	81.63	TRUE	Process completed successfully with valid output	2025/7/21 19:16
BR_B3H4M6.yaml	78	2815	81.75	TRUE	Process completed successfully with valid output	2025/7/21 19:17
BR_A0A1P8AXS1.yaml	79	2833	83.42	TRUE	Process completed successfully with valid output	2025/7/21 19:19
BR_B3H4Z0.yaml	80	2821	82.25	TRUE	Process completed successfully with valid output	2025/7/21 19:20
BR_F4JDL5.yaml	81	2933	85.49	TRUE	Process completed successfully with valid output	2025/7/21 19:22
BR_Q9FKK8.yaml	82	2831	83.49	TRUE	Process completed successfully with valid output	2025/7/21 19:24
BR_A0A1P8ANB8.yaml	83	2827	82.03	TRUE	Process completed successfully with valid output	2025/7/21 19:25
BR_B3H4J5.yaml	84	2841	82.93	TRUE	Process completed successfully with valid output	2025/7/21 19:27
BR_B3H4Y7.yaml	85	2835	82.69	TRUE	Process completed successfully with valid output	2025/7/21 19:28
BR_B3H6H5.yaml	86	2837	83.25	TRUE	Process completed successfully with valid output	2025/7/21 19:30
BR_B3H7L4.yaml	87	2847	82.89	TRUE	Process completed successfully with valid output	2025/7/21 19:31
BR_Q9ZNS6.yaml	88	4847	85.44	TRUE	Process completed successfully with valid output	2025/7/21 19:33
BR_B3H5I2.yaml	89	2841	83.33	TRUE	Process completed successfully with valid output	2025/7/21 19:34
BR_Q8S8K5.yaml	90	3141	85.84	TRUE	Process completed successfully with valid output	2025/7/21 19:36
BR_Q0WR81.yaml	91	2871	84.59	TRUE	Process completed successfully with valid output	2025/7/21 19:37
BR_Q2V333.yaml	92	2857	83.12	TRUE	Process completed successfully with valid output	2025/7/21 19:39
BR_F4JUQ3.yaml	93	2873	84.08	TRUE	Process completed successfully with valid output	2025/7/21 19:40
BR_A0A1P8BHB4.yaml	94	2897	83.62	TRUE	Process completed successfully with valid output	2025/7/21 19:42
BR_A0A1P8ATP0.yaml	95	2865	83.14	TRUE	Process completed successfully with valid output	2025/7/21 19:43
BR_A0A1P8BEK1.yaml	96	2867	84.18	TRUE	Process completed successfully with valid output	2025/7/21 19:45
BR_Q9ZUQ5.yaml	97	5187	85.78	TRUE	Process completed successfully with valid output	2025/7/21 19:46
BR_Q0WN71.yaml	98	2971	84.43	TRUE	Process completed successfully with valid output	2025/7/21 19:48
BR_A0A1P8B830.yaml	99	2879	83.32	TRUE	Process completed successfully with valid output	2025/7/21 19:50
BR_Q9FL57.yaml	100	3481	85.17	TRUE	Process completed successfully with valid output	2025/7/21 19:51
BR_Q3EB24.yaml	101	2881	85.68	TRUE	Process completed successfully with valid output	2025/7/21 19:53
BR_B3H6M0.yaml	102	2907	84.83	TRUE	Process completed successfully with valid output	2025/7/21 19:54
BR_Q9SN98.yaml	103	2889	83.2	TRUE	Process completed successfully with valid output	2025/7/21 19:56
BR_Q9FLU6.yaml	104	2933	84.92	TRUE	Process completed successfully with valid output	2025/7/21 19:57
BR_Q8W483.yaml	105	2893	84.59	TRUE	Process completed successfully with valid output	2025/7/21 19:59
BR_O64466.yaml	106	3457	84.49	TRUE	Process completed successfully with valid output	2025/7/21 20:00
BR_Q9ZUL8.yaml	107	3865	85.22	TRUE	Process completed successfully with valid output	2025/7/21 20:02
BR_Q8LEB7.yaml	108	2917	84.55	TRUE	Process completed successfully with valid output	2025/7/21 20:03
BR_A0A1P8AQ86.yaml	109	5869	86.02	TRUE	Process completed successfully with valid output	2025/7/21 20:05
BR_Q8LDN4.yaml	110	2943	84.39	TRUE	Process completed successfully with valid output	2025/7/21 20:06
BR_Q1G3C4.yaml	111	5555	86.27	TRUE	Process completed successfully with valid output	2025/7/21 20:08
BR_Q0V819.yaml	112	2959	85.65	TRUE	Process completed successfully with valid output	2025/7/21 20:10
BR_A0A1P8BEV7.yaml	113	2951	84.76	TRUE	Process completed successfully with valid output	2025/7/21 20:11
BR_Q56XB0.yaml	114	2953	84.58	TRUE	Process completed successfully with valid output	2025/7/21 20:13
BR_Q2V3L0.yaml	115	2985	85.31	TRUE	Process completed successfully with valid output	2025/7/21 20:14
BR_Q570N6.yaml	116	3033	85.51	TRUE	Process completed successfully with valid output	2025/7/21 20:16
BR_F4IC04.yaml	117	2993	86.47	TRUE	Process completed successfully with valid output	2025/7/21 20:17
BR_Q8L953.yaml	118	4365	87.38	TRUE	Process completed successfully with valid output	2025/7/21 20:19
BR_Q9SKM7.yaml	119	2981	86.83	TRUE	Process completed successfully with valid output	2025/7/21 20:21
BR_A0A1P8B7P2.yaml	120	2995	85.2	TRUE	Process completed successfully with valid output	2025/7/21 20:22
BR_A8MS25.yaml	121	3001	86.8	TRUE	Process completed successfully with valid output	2025/7/21 20:24
BR_Q1G3S5.yaml	122	3009	86.48	TRUE	Process completed successfully with valid output	2025/7/21 20:25
BR_Q9SMN3.yaml	123	3435	86.97	TRUE	Process completed successfully with valid output	2025/7/21 20:27
BR_F4I9B6.yaml	124	3023	86.77	TRUE	Process completed successfully with valid output	2025/7/21 20:28
BR_A8MRM7.yaml	125	3029	86.6	TRUE	Process completed successfully with valid output	2025/7/21 20:30
BR_A0A1P8ARS6.yaml	126	2997	86.96	TRUE	Process completed successfully with valid output	2025/7/21 20:32
BR_A0A1P8AZ61.yaml	127	3037	87.41	TRUE	Process completed successfully with valid output	2025/7/21 20:33
BR_Q56YK7.yaml	128	3013	87.79	TRUE	Process completed successfully with valid output	2025/7/21 20:35
BR_Q9SRW1.yaml	129	6551	88.81	TRUE	Process completed successfully with valid output	2025/7/21 20:36
BR_Q8LG60.yaml	130	3573	86.73	TRUE	Process completed successfully with valid output	2025/7/21 20:38
BR_Q1A173.yaml	131	6613	88.52	TRUE	Process completed successfully with valid output	2025/7/21 20:39
BR_Q8S8M0.yaml	132	3083	87	TRUE	Process completed successfully with valid output	2025/7/21 20:41
BR_Q6DUW7.yaml	133	3057	87.35	TRUE	Process completed successfully with valid output	2025/7/21 20:43
BR_Q9M2N7.yaml	134	3067	87.25	TRUE	Process completed successfully with valid output	2025/7/21 20:44
BR_Q6NMQ7.yaml	135	4223	86.99	TRUE	Process completed successfully with valid output	2025/7/21 20:46
BR_Q8L8Z8.yaml	136	6781	88.25	TRUE	Process completed successfully with valid output	2025/7/21 20:47
BR_Q9FF39.yaml	137	4965	87.55	TRUE	Process completed successfully with valid output	2025/7/21 20:49
BR_A0A1P8B1T3.yaml	138	3103	85.59	TRUE	Process completed successfully with valid output	2025/7/21 20:51
BR_B3H6Q9.yaml	139	3197	86.55	TRUE	Process completed successfully with valid output	2025/7/21 20:52
BR_Q9C6D7.yaml	140	3201	87.27	TRUE	Process completed successfully with valid output	2025/7/21 20:54
BR_Q9M9B4.yaml	141	3603	87.68	TRUE	Process completed successfully with valid output	2025/7/21 20:55
BR_O49636.yaml	142	5429	89.65	TRUE	Process completed successfully with valid output	2025/7/21 20:57
BR_Q8GWA4.yaml	143	3637	87.6	TRUE	Process completed successfully with valid output	2025/7/21 20:59
BR_Q3EAP6.yaml	144	3237	87.62	TRUE	Process completed successfully with valid output	2025/7/21 21:00
BR_A0A1P8B7E7.yaml	145	3099	86.23	TRUE	Process completed successfully with valid output	2025/7/21 21:02
BR_Q5XV37.yaml	146	3133	87.15	TRUE	Process completed successfully with valid output	2025/7/21 21:03
BR_Q9FKU6.yaml	147	3727	87.8	TRUE	Process completed successfully with valid output	2025/7/21 21:05
BR_Q058G7.yaml	148	3221	87.16	TRUE	Process completed successfully with valid output	2025/7/21 21:06
BR_A7REC9.yaml	149	3315	87.81	TRUE	Process completed successfully with valid output	2025/7/21 21:08
BR_Q9ZSJ6.yaml	150	3277	87.04	TRUE	Process completed successfully with valid output	2025/7/21 21:10
BR_A0A1I9LQY5.yaml	151	3149	88.06	TRUE	Process completed successfully with valid output	2025/7/21 21:11
BR_Q9SUW7.yaml	152	4479	88.19	TRUE	Process completed successfully with valid output	2025/7/21 21:13
BR_Q9LJU6.yaml	153	5063	89.02	TRUE	Process completed successfully with valid output	2025/7/21 21:14
BR_Q9LVC9.yaml	154	3257	87.88	TRUE	Process completed successfully with valid output	2025/7/21 21:16
BR_A0A1P8B3W6.yaml	155	3191	88.79	TRUE	Process completed successfully with valid output	2025/7/21 21:18
BR_Q9LUA3.yaml	156	3173	88.73	TRUE	Process completed successfully with valid output	2025/7/21 21:19
BR_Q9M0C2.yaml	157	6679	90.46	TRUE	Process completed successfully with valid output	2025/7/21 21:21
BR_F4IUB8.yaml	158	3191	88.84	TRUE	Process completed successfully with valid output	2025/7/21 21:22
BR_Q29Q07.yaml	159	3195	88.57	TRUE	Process completed successfully with valid output	2025/7/21 21:24
BR_Q8LCH9.yaml	160	7583	90.94	TRUE	Process completed successfully with valid output	2025/7/21 21:26
BR_Q9LU15.yaml	161	5425	90.7	TRUE	Process completed successfully with valid output	2025/7/21 21:27
BR_O23020.yaml	162	4997	90.44	TRUE	Process completed successfully with valid output	2025/7/21 21:29
BR_F4HV36.yaml	163	4213	89.53	TRUE	Process completed successfully with valid output	2025/7/21 21:31
BR_Q9FHS0.yaml	164	5665	90.89	TRUE	Process completed successfully with valid output	2025/7/21 21:32
BR_Q9FRL0.yaml	165	3233	89.54	TRUE	Process completed successfully with valid output	2025/7/21 21:34
BR_F4HXX2.yaml	166	3255	89.29	TRUE	Process completed successfully with valid output	2025/7/21 21:36
BR_Q9FF19.yaml	167	3745	89.73	TRUE	Process completed successfully with valid output	2025/7/21 21:37
BR_Q6NMD9.yaml	168	3273	89.01	TRUE	Process completed successfully with valid output	2025/7/21 21:39
BR_Q8RXL7.yaml	169	3471	89.55	TRUE	Process completed successfully with valid output	2025/7/21 21:40
BR_Q94F57.yaml	170	3353	89.64	TRUE	Process completed successfully with valid output	2025/7/21 21:42
BR_Q8VXX9.yaml	171	3515	92.71	TRUE	Process completed successfully with valid output	2025/7/21 21:44
BR_F4I354.yaml	172	5965	92.12	TRUE	Process completed successfully with valid output	2025/7/21 21:45
BR_A0A1P8AM80.yaml	173	3357	89.93	TRUE	Process completed successfully with valid output	2025/7/21 21:47
BR_Q8GXV0.yaml	174	4143	90.53	TRUE	Process completed successfully with valid output	2025/7/21 21:49
BR_O80669.yaml	175	3487	89.93	TRUE	Process completed successfully with valid output	2025/7/21 21:50
BR_O04848.yaml	176	8241	92.8	TRUE	Process completed successfully with valid output	2025/7/21 21:52
BR_F4J7T7.yaml	177	3279	89.53	TRUE	Process completed successfully with valid output	2025/7/21 21:54
BR_A0A1P8B104.yaml	178	3319	88.84	TRUE	Process completed successfully with valid output	2025/7/21 21:55
BR_Q9FGX6.yaml	179	3513	90.69	TRUE	Process completed successfully with valid output	2025/7/21 21:57
BR_P49637.yaml	180	7993	94.46	TRUE	Process completed successfully with valid output	2025/7/21 21:59
BR_Q9XI32.yaml	181	3413	91.17	TRUE	Process completed successfully with valid output	2025/7/21 22:00
BR_O04090.yaml	182	8453	94.08	TRUE	Process completed successfully with valid output	2025/7/21 22:02
BR_Q9LF57.yaml	183	8489	93.52	TRUE	Process completed successfully with valid output	2025/7/21 22:04
BR_P42746.yaml	184	8523	93.79	TRUE	Process completed successfully with valid output	2025/7/21 22:05
BR_Q9FFY3.yaml	185	4705	91.55	TRUE	Process completed successfully with valid output	2025/7/21 22:07
BR_O65674.yaml	186	8619	93.97	TRUE	Process completed successfully with valid output	2025/7/21 22:09
BR_Q9LMC0.yaml	187	3381	90.88	TRUE	Process completed successfully with valid output	2025/7/21 22:10
BR_Q8W1B3.yaml	188	3645	91.29	TRUE	Process completed successfully with valid output	2025/7/21 22:12
BR_Q9LXP6.yaml	189	3381	91.3	TRUE	Process completed successfully with valid output	2025/7/21 22:14
BR_Q9M812.yaml	190	4793	91.75	TRUE	Process completed successfully with valid output	2025/7/21 22:15
BR_P59233.yaml	191	8809	94.68	TRUE	Process completed successfully with valid output	2025/7/21 22:17
BR_Q9LXN8.yaml	192	7127	93.59	TRUE	Process completed successfully with valid output	2025/7/21 22:19
BR_Q9LYQ9.yaml	193	3503	91.46	TRUE	Process completed successfully with valid output	2025/7/21 22:20
BR_O65541.yaml	194	8923	94.65	TRUE	Process completed successfully with valid output	2025/7/21 22:22
BR_O23119.yaml	195	3479	91.75	TRUE	Process completed successfully with valid output	2025/7/21 22:24
BR_Q8LF93.yaml	196	4001	92.27	TRUE	Process completed successfully with valid output	2025/7/21 22:25
BR_A0A1P8ARB6.yaml	197	3465	91.69	TRUE	Process completed successfully with valid output	2025/7/21 22:27
BR_P0DH93.yaml	198	9071	95.67	TRUE	Process completed successfully with valid output	2025/7/21 22:29
BR_Q2V3P0.yaml	199	3983	93.46	TRUE	Process completed successfully with valid output	2025/7/21 22:30
BR_Q8VZ37.yaml	200	7009	94.21	TRUE	Process completed successfully with valid output	2025/7/21 22:32
BR_O64835.yaml	201	3459	92.26	TRUE	Process completed successfully with valid output	2025/7/21 22:34
BR_F4J1T2.yaml	202	3831	92.64	TRUE	Process completed successfully with valid output	2025/7/21 22:35
BR_Q9LMJ2.yaml	203	4235	93.15	TRUE	Process completed successfully with valid output	2025/7/21 22:37
BR_Q9SX68.yaml	204	9335	95.96	TRUE	Process completed successfully with valid output	2025/7/21 22:39
BR_A0A1P8AZD4.yaml	205	3535	92.97	TRUE	Process completed successfully with valid output	2025/7/21 22:41
BR_O81625.yaml	206	3537	92.87	TRUE	Process completed successfully with valid output	2025/7/21 22:42
BR_Q9LYL4.yaml	207	3569	93.4	TRUE	Process completed successfully with valid output	2025/7/21 22:44
BR_O82623.yaml	208	9483	96.05	TRUE	Process completed successfully with valid output	2025/7/21 22:46
BR_Q5XVJ3.yaml	209	3761	93.07	TRUE	Process completed successfully with valid output	2025/7/21 22:47
BR_Q6NLB6.yaml	210	3593	92.59	TRUE	Process completed successfully with valid output	2025/7/21 22:49
BR_Q9M8L3.yaml	211	4231	94.2	TRUE	Process completed successfully with valid output	2025/7/21 22:51
BR_O49595.yaml	212	9641	96.41	TRUE	Process completed successfully with valid output	2025/7/21 22:53
BR_Q3EDB8.yaml	213	4073	94.43	TRUE	Process completed successfully with valid output	2025/7/21 22:54
BR_Q9LHK1.yaml	214	9681	96.75	TRUE	Process completed successfully with valid output	2025/7/21 22:56
BR_Q7XA63.yaml	215	6623	95.46	TRUE	Process completed successfully with valid output	2025/7/21 22:58
BR_Q940U2.yaml	216	3781	93.62	TRUE	Process completed successfully with valid output	2025/7/21 22:59
BR_Q9CA32.yaml	217	4033	95.01	TRUE	Process completed successfully with valid output	2025/7/21 23:01
BR_Q9SDY5.yaml	218	9869	97.49	TRUE	Process completed successfully with valid output	2025/7/21 23:03
BR_O80553.yaml	219	4077	94.07	TRUE	Process completed successfully with valid output	2025/7/21 23:05
BR_Q8LEK2.yaml	220	6267	95.48	TRUE	Process completed successfully with valid output	2025/7/21 23:06
BR_Q3E7J8.yaml	221	3881	94.36	TRUE	Process completed successfully with valid output	2025/7/21 23:08
BR_A0A1P8B5J9.yaml	222	3729	93.31	TRUE	Process completed successfully with valid output	2025/7/21 23:10
BR_Q9FMV4.yaml	223	3749	95.17	TRUE	Process completed successfully with valid output	2025/7/21 23:11
BR_Q9C8D7.yaml	224	4539	94.65	TRUE	Process completed successfully with valid output	2025/7/21 23:13
BR_Q9LK61.yaml	225	10217	97.83	TRUE	Process completed successfully with valid output	2025/7/21 23:15
BR_F4I3V6.yaml	226	3837	94.53	TRUE	Process completed successfully with valid output	2025/7/21 23:17
BR_O23366.yaml	227	4665	94.84	TRUE	Process completed successfully with valid output	2025/7/21 23:18
BR_Q9ZQP3.yaml	228	10309	98.31	TRUE	Process completed successfully with valid output	2025/7/21 23:20
BR_O48671.yaml	229	6665	96.71	TRUE	Process completed successfully with valid output	2025/7/21 23:22
BR_F4KEG7.yaml	230	4867	95.92	TRUE	Process completed successfully with valid output	2025/7/21 23:24
BR_Q9ZU82.yaml	231	4213	95.8	TRUE	Process completed successfully with valid output	2025/7/21 23:25
BR_Q9LRN9.yaml	232	4231	95.72	TRUE	Process completed successfully with valid output	2025/7/21 23:27
BR_Q9LK79.yaml	233	4253	96.52	TRUE	Process completed successfully with valid output	2025/7/21 23:29
BR_Q8VYT4.yaml	234	4333	96.78	TRUE	Process completed successfully with valid output	2025/7/21 23:31
BR_F4JDQ4.yaml	235	3791	97.44	TRUE	Process completed successfully with valid output	2025/7/21 23:32
BR_Q9M9G0.yaml	236	4895	97.4	TRUE	Process completed successfully with valid output	2025/7/21 23:34
BR_Q9SEI0.yaml	237	10695	100.53	TRUE	Process completed successfully with valid output	2025/7/21 23:36
BR_Q9FYD2.yaml	238	3793	95.87	TRUE	Process completed successfully with valid output	2025/7/21 23:38
BR_Q8L3R2.yaml	239	10777	100.28	TRUE	Process completed successfully with valid output	2025/7/21 23:39
BR_O48787.yaml	240	10845	100.56	TRUE	Process completed successfully with valid output	2025/7/21 23:41
BR_A0A1P8AW53.yaml	241	4723	97.23	TRUE	Process completed successfully with valid output	2025/7/21 23:43
BR_Q2PE70.yaml	242	7637	98.45	TRUE	Process completed successfully with valid output	2025/7/21 23:45
BR_Q9LPM3.yaml	243	3925	96.49	TRUE	Process completed successfully with valid output	2025/7/21 23:46
BR_Q9SJ54.yaml	244	5043	97.8	TRUE	Process completed successfully with valid output	2025/7/21 23:48
BR_P94072.yaml	245	11049	100.03	TRUE	Process completed successfully with valid output	2025/7/21 23:50
BR_F4K9F4.yaml	246	3883	97.47	TRUE	Process completed successfully with valid output	2025/7/21 23:52
BR_P0DKI0.yaml	247	5205	98.6	TRUE	Process completed successfully with valid output	2025/7/21 23:54
BR_Q3EC49.yaml	248	11163	101.35	TRUE	Process completed successfully with valid output	2025/7/21 23:55
BR_Q8GYA8.yaml	249	4493	96.17	TRUE	Process completed successfully with valid output	2025/7/21 23:57
BR_P28186.yaml	250	11307	100.27	TRUE	Process completed successfully with valid output	2025/7/21 23:59
BR_Q9FG59.yaml	251	7403	99.06	TRUE	Process completed successfully with valid output	2025/7/22 0:01
BR_F4IMB6.yaml	252	3789	96.84	TRUE	Process completed successfully with valid output	2025/7/22 0:02
BR_F4I3A5.yaml	253	4017	97.64	TRUE	Process completed successfully with valid output	2025/7/22 0:04
BR_Q93VT9.yaml	254	10115	100.09	TRUE	Process completed successfully with valid output	2025/7/22 0:06
BR_O82354.yaml	255	5067	97.5	TRUE	Process completed successfully with valid output	2025/7/22 0:08
BR_Q9LZ65.yaml	256	11513	100.16	TRUE	Process completed successfully with valid output	2025/7/22 0:10
BR_F4JKV3.yaml	257	4219	96.16	TRUE	Process completed successfully with valid output	2025/7/22 0:11
BR_Q9SXH3.yaml	258	11649	100.85	TRUE	Process completed successfully with valid output	2025/7/22 0:13
BR_O80365.yaml	259	11697	100.92	TRUE	Process completed successfully with valid output	2025/7/22 0:15
BR_Q9FFP0.yaml	260	5325	97.64	TRUE	Process completed successfully with valid output	2025/7/22 0:17
BR_Q9LTS8.yaml	261	3915	95.93	TRUE	Process completed successfully with valid output	2025/7/22 0:19
BR_Q5MK23.yaml	262	5355	97.6	TRUE	Process completed successfully with valid output	2025/7/22 0:20
BR_Q9SFF9.yaml	263	11879	101.12	TRUE	Process completed successfully with valid output	2025/7/22 0:22
BR_Q9FGI2.yaml	264	3987	97.47	TRUE	Process completed successfully with valid output	2025/7/22 0:24
BR_Q9FWZ4.yaml	265	7639	99.27	TRUE	Process completed successfully with valid output	2025/7/22 0:26
BR_Q9C5D7.yaml	266	12013	101.45	TRUE	Process completed successfully with valid output	2025/7/22 0:27
BR_Q9M122.yaml	267	5619	98.67	TRUE	Process completed successfully with valid output	2025/7/22 0:29
BR_Q8VYC9.yaml	268	6143	98.87	TRUE	Process completed successfully with valid output	2025/7/22 0:31
BR_O80927.yaml	269	12131	101.5	TRUE	Process completed successfully with valid output	2025/7/22 0:33
BR_A0A1P8B399.yaml	270	3791	98.9	TRUE	Process completed successfully with valid output	2025/7/22 0:35
BR_Q9LM90.yaml	271	4631	97.82	TRUE	Process completed successfully with valid output	2025/7/22 0:36
BR_Q9ZQQ1.yaml	272	4441	97.96	TRUE	Process completed successfully with valid output	2025/7/22 0:38
BR_Q8LFH5.yaml	273	8673	99.78	TRUE	Process completed successfully with valid output	2025/7/22 0:40
BR_O49743.yaml	274	12359	101.63	TRUE	Process completed successfully with valid output	2025/7/22 0:42
BR_Q8GWR2.yaml	275	7985	99.42	TRUE	Process completed successfully with valid output	2025/7/22 0:44
BR_Q9C9Q1.yaml	276	5205	98.41	TRUE	Process completed successfully with valid output	2025/7/22 0:45
BR_Q84WK5.yaml	277	7803	99.81	TRUE	Process completed successfully with valid output	2025/7/22 0:47
BR_Q9LF17.yaml	278	4835	98.18	TRUE	Process completed successfully with valid output	2025/7/22 0:49
BR_Q9M060.yaml	279	8417	99.46	TRUE	Process completed successfully with valid output	2025/7/22 0:51
BR_Q7DLR9.yaml	280	7803	97.84	TRUE	Process completed successfully with valid output	2025/7/22 0:52
BR_Q9FIX5.yaml	281	9681	101.01	TRUE	Process completed successfully with valid output	2025/7/22 0:54
BR_F4IQ30.yaml	282	4683	98.05	TRUE	Process completed successfully with valid output	2025/7/22 0:56
BR_Q9FFC9.yaml	283	4207	97.59	TRUE	Process completed successfully with valid output	2025/7/22 0:58
BR_Q9LSS3.yaml	284	6411	99.07	TRUE	Process completed successfully with valid output	2025/7/22 1:00
BR_Q9LK22.yaml	285	6851	98.21	TRUE	Process completed successfully with valid output	2025/7/22 1:01
BR_Q9C8U4.yaml	286	11385	100.53	TRUE	Process completed successfully with valid output	2025/7/22 1:03
BR_O22874.yaml	287	11445	101.65	TRUE	Process completed successfully with valid output	2025/7/22 1:05
BR_Q9S9W2.yaml	288	12985	101.2	TRUE	Process completed successfully with valid output	2025/7/22 1:07
BR_Q39081.yaml	289	13093	102.72	TRUE	Process completed successfully with valid output	2025/7/22 1:09
BR_Q96326.yaml	290	13111	103.26	TRUE	Process completed successfully with valid output	2025/7/22 1:11
BR_Q9LRK9.yaml	291	9257	101.06	TRUE	Process completed successfully with valid output	2025/7/22 1:12
BR_Q8LBF7.yaml	292	10525	101.86	TRUE	Process completed successfully with valid output	2025/7/22 1:14
BR_O82798.yaml	293	13239	102.95	TRUE	Process completed successfully with valid output	2025/7/22 1:16
BR_Q8L4N1.yaml	294	9179	101.38	TRUE	Process completed successfully with valid output	2025/7/22 1:18
BR_Q8H1G2.yaml	295	5201	99.26	TRUE	Process completed successfully with valid output	2025/7/22 1:20
BR_Q9FNA1.yaml	296	6185	100.34	TRUE	Process completed successfully with valid output	2025/7/22 1:22
BR_Q8GRT9.yaml	297	11203	102.36	TRUE	Process completed successfully with valid output	2025/7/22 1:23
BR_Q9FGJ8.yaml	298	5717	99.59	TRUE	Process completed successfully with valid output	2025/7/22 1:25
BR_Q9LFN4.yaml	299	4947	98.8	TRUE	Process completed successfully with valid output	2025/7/22 1:27
BR_O23684.yaml	300	4079	98.86	TRUE	Process completed successfully with valid output	2025/7/22 1:29
BR_Q9LSU9.yaml	301	4135	97.63	TRUE	Process completed successfully with valid output	2025/7/22 1:30
BR_O82790.yaml	302	5811	99.93	TRUE	Process completed successfully with valid output	2025/7/22 1:32
BR_Q9ZVC3.yaml	303	13603	101.78	TRUE	Process completed successfully with valid output	2025/7/22 1:34
BR_Q9C546.yaml	304	12663	103.47	TRUE	Process completed successfully with valid output	2025/7/22 1:36
BR_Q9C7F4.yaml	305	4889	100.03	TRUE	Process completed successfully with valid output	2025/7/22 1:38
BR_Q9LXV5.yaml	306	8201	100.01	TRUE	Process completed successfully with valid output	2025/7/22 1:40
BR_A0A1P8B2W3.yaml	307	9339	101.71	TRUE	Process completed successfully with valid output	2025/7/22 1:41
BR_Q8GUP2.yaml	308	10497	102.04	TRUE	Process completed successfully with valid output	2025/7/22 1:43
BR_Q9SUR3.yaml	309	7845	101.33	TRUE	Process completed successfully with valid output	2025/7/22 1:45
BR_P54904.yaml	310	14017	104.26	TRUE	Process completed successfully with valid output	2025/7/22 1:47
BR_O24603.yaml	311	14081	104.39	TRUE	Process completed successfully with valid output	2025/7/22 1:49
BR_Q9C6B3.yaml	312	14123	104.15	TRUE	Process completed successfully with valid output	2025/7/22 1:51
BR_Q9C870.yaml	313	8775	102.14	TRUE	Process completed successfully with valid output	2025/7/22 1:53
BR_O82305.yaml	314	4387	98.1	TRUE	Process completed successfully with valid output	2025/7/22 1:54
BR_Q9LJ72.yaml	315	5221	98.63	TRUE	Process completed successfully with valid output	2025/7/22 1:56
BR_F4KAF8.yaml	316	4195	99.72	TRUE	Process completed successfully with valid output	2025/7/22 1:58
BR_Q8GYR4.yaml	317	10351	102.56	TRUE	Process completed successfully with valid output	2025/7/22 2:00
BR_Q9ZVR1.yaml	318	7661	102.32	TRUE	Process completed successfully with valid output	2025/7/22 2:02
BR_Q9C683.yaml	319	5179	101.09	TRUE	Process completed successfully with valid output	2025/7/22 2:03
BR_Q8L7T9.yaml	320	5209	99.76	TRUE	Process completed successfully with valid output	2025/7/22 2:05
BR_Q93VH5.yaml	321	8793	102.09	TRUE	Process completed successfully with valid output	2025/7/22 2:07
BR_O64755.yaml	322	4673	99.7	TRUE	Process completed successfully with valid output	2025/7/22 2:09
BR_F4JK83.yaml	323	6391	100.47	TRUE	Process completed successfully with valid output	2025/7/22 2:11
BR_Q8VYA5.yaml	324	14719	104.56	TRUE	Process completed successfully with valid output	2025/7/22 2:13
BR_Q8LG58.yaml	325	14397	102.53	TRUE	Process completed successfully with valid output	2025/7/22 2:14
BR_Q8LF99.yaml	326	13803	103.94	TRUE	Process completed successfully with valid output	2025/7/22 2:16
BR_Q9FYM4.yaml	327	5799	100.58	TRUE	Process completed successfully with valid output	2025/7/22 2:18
BR_Q9C8L4.yaml	328	14945	103.02	TRUE	Process completed successfully with valid output	2025/7/22 2:20
BR_Q9LXL8.yaml	329	4247	99.8	TRUE	Process completed successfully with valid output	2025/7/22 2:22
BR_Q93YN8.yaml	330	6673	99.55	TRUE	Process completed successfully with valid output	2025/7/22 2:24
BR_Q0WNN6.yaml	331	11237	102.82	TRUE	Process completed successfully with valid output	2025/7/22 2:25
BR_Q58FV5.yaml	332	7453	101.82	TRUE	Process completed successfully with valid output	2025/7/22 2:27
BR_Q8VYF5.yaml	333	15187	104.44	TRUE	Process completed successfully with valid output	2025/7/22 2:29
BR_O80341.yaml	334	15209	104.99	TRUE	Process completed successfully with valid output	2025/7/22 2:31
BR_Q9M096.yaml	335	5955	99.49	TRUE	Process completed successfully with valid output	2025/7/22 2:33
BR_Q9C6M9.yaml	336	9303	102.52	TRUE	Process completed successfully with valid output	2025/7/22 2:35
BR_Q9SX52.yaml	337	15381	105.62	TRUE	Process completed successfully with valid output	2025/7/22 2:37
BR_Q93VJ4.yaml	338	15429	106.93	TRUE	Process completed successfully with valid output	2025/7/22 2:38
BR_Q9LV27.yaml	339	15491	103.48	TRUE	Process completed successfully with valid output	2025/7/22 2:40
BR_F4K2U3.yaml	340	10833	103.22	TRUE	Process completed successfully with valid output	2025/7/22 2:42
BR_Q9XII1.yaml	341	4967	100.32	TRUE	Process completed successfully with valid output	2025/7/22 2:44
BR_Q9STY8.yaml	342	15635	104.55	TRUE	Process completed successfully with valid output	2025/7/22 2:46
BR_Q9STY7.yaml	343	15681	104.26	TRUE	Process completed successfully with valid output	2025/7/22 2:48
BR_Q93V93.yaml	344	15727	105.96	TRUE	Process completed successfully with valid output	2025/7/22 2:50
BR_Q8GW19.yaml	345	8645	103.18	TRUE	Process completed successfully with valid output	2025/7/22 2:52
BR_Q7X7A9.yaml	346	6995	101.7	TRUE	Process completed successfully with valid output	2025/7/22 2:53
BR_Q9LXQ0.yaml	347	7287	102.46	TRUE	Process completed successfully with valid output	2025/7/22 2:55
BR_Q9SIE0.yaml	348	15931	104.74	TRUE	Process completed successfully with valid output	2025/7/22 2:57
BR_Q9FRK9.yaml	349	5815	99.89	TRUE	Process completed successfully with valid output	2025/7/22 2:59
BR_Q9T0F1.yaml	350	11439	103.71	TRUE	Process completed successfully with valid output	2025/7/22 3:01
BR_Q9T0C3.yaml	351	5251	99.68	TRUE	Process completed successfully with valid output	2025/7/22 3:03
BR_Q8VWJ2.yaml	352	16135	105.89	TRUE	Process completed successfully with valid output	2025/7/22 3:04
BR_Q709F6.yaml	353	4771	100.98	TRUE	Process completed successfully with valid output	2025/7/22 3:06
BR_Q84WV9.yaml	354	16257	104.69	TRUE	Process completed successfully with valid output	2025/7/22 3:08
BR_Q9SA06.yaml	355	6341	102.26	TRUE	Process completed successfully with valid output	2025/7/22 3:10
BR_O80752.yaml	356	5761	101.63	TRUE	Process completed successfully with valid output	2025/7/22 3:12
BR_A0A1P8B3G1.yaml	357	8135	101.59	TRUE	Process completed successfully with valid output	2025/7/22 3:14
BR_Q9S6Z7.yaml	358	16409	104.48	TRUE	Process completed successfully with valid output	2025/7/22 3:16
BR_F4KBY0.yaml	359	13281	103.37	TRUE	Process completed successfully with valid output	2025/7/22 3:17
BR_Q9LEZ4.yaml	360	5027	101.62	TRUE	Process completed successfully with valid output	2025/7/22 3:19
BR_Q8LB47.yaml	361	16605	106.26	TRUE	Process completed successfully with valid output	2025/7/22 3:21
BR_F4JP46.yaml	362	16649	106.72	TRUE	Process completed successfully with valid output	2025/7/22 3:23
BR_O65389.yaml	363	6757	101.45	TRUE	Process completed successfully with valid output	2025/7/22 3:25
BR_Q96509.yaml	364	16763	106.13	TRUE	Process completed successfully with valid output	2025/7/22 3:27
BR_Q8H0W3.yaml	365	16817	106.58	TRUE	Process completed successfully with valid output	2025/7/22 3:29
BR_P23321.yaml	366	8137	104.24	TRUE	Process completed successfully with valid output	2025/7/22 3:31
BR_Q8VZD1.yaml	367	6607	102.39	TRUE	Process completed successfully with valid output	2025/7/22 3:32
BR_Q84J91.yaml	368	4775	100.16	TRUE	Process completed successfully with valid output	2025/7/22 3:34
BR_Q8RXZ9.yaml	369	17025	107.35	TRUE	Process completed successfully with valid output	2025/7/22 3:36
BR_Q9FLJ2.yaml	370	17075	106.4	TRUE	Process completed successfully with valid output	2025/7/22 3:38
BR_Q8H110.yaml	371	8485	104.12	TRUE	Process completed successfully with valid output	2025/7/22 3:40
BR_F4K5Q9.yaml	372	4877	102.06	TRUE	Process completed successfully with valid output	2025/7/22 3:42
BR_Q6NL07.yaml	373	9945	102	TRUE	Process completed successfully with valid output	2025/7/22 3:44
BR_O82656.yaml	374	17289	107.41	TRUE	Process completed successfully with valid output	2025/7/22 3:46
BR_Q9FKQ5.yaml	375	9957	104.53	TRUE	Process completed successfully with valid output	2025/7/22 3:47
BR_F4JGJ5.yaml	376	4689	101.66	TRUE	Process completed successfully with valid output	2025/7/22 3:49
BR_Q67YJ7.yaml	377	8519	103.71	TRUE	Process completed successfully with valid output	2025/7/22 3:51
BR_Q9LXS2.yaml	378	6819	102.71	TRUE	Process completed successfully with valid output	2025/7/22 3:53
BR_Q9STP7.yaml	379	8205	103.32	TRUE	Process completed successfully with valid output	2025/7/22 3:55
BR_Q9C915.yaml	380	8821	103.46	TRUE	Process completed successfully with valid output	2025/7/22 3:57
BR_P27140.yaml	381	17647	108.46	TRUE	Process completed successfully with valid output	2025/7/22 3:59
BR_Q9SF17.yaml	382	5597	101.46	TRUE	Process completed successfully with valid output	2025/7/22 4:01
BR_Q8RXN8.yaml	383	9843	103.34	TRUE	Process completed successfully with valid output	2025/7/22 4:02
BR_Q9C9C9.yaml	384	17811	109.21	TRUE	Process completed successfully with valid output	2025/7/22 4:04
BR_F4I8K2.yaml	385	10175	108.46	TRUE	Process completed successfully with valid output	2025/7/22 4:06
BR_A8MQG7.yaml	386	7197	105.86	TRUE	Process completed successfully with valid output	2025/7/22 4:08
BR_Q9FFN0.yaml	387	10447	110.05	TRUE	Process completed successfully with valid output	2025/7/22 4:10
BR_Q6NQ98.yaml	388	5809	105.2	TRUE	Process completed successfully with valid output	2025/7/22 4:12
BR_Q8LPL7.yaml	389	10115	109.89	TRUE	Process completed successfully with valid output	2025/7/22 4:14
BR_Q9M0G2.yaml	390	10347	107.81	TRUE	Process completed successfully with valid output	2025/7/22 4:16
BR_F4JAP7.yaml	391	10307	108.27	TRUE	Process completed successfully with valid output	2025/7/22 4:18
BR_Q9FY51.yaml	392	5383	104.15	TRUE	Process completed successfully with valid output	2025/7/22 4:20
BR_Q02972.yaml	393	10519	109.21	TRUE	Process completed successfully with valid output	2025/7/22 4:22
BR_Q9SFU2.yaml	394	10415	108.79	TRUE	Process completed successfully with valid output	2025/7/22 4:24
BR_Q9SIZ6.yaml	395	9773	108.35	TRUE	Process completed successfully with valid output	2025/7/22 4:26
BR_Q9FKD0.yaml	396	7127	106.06	TRUE	Process completed successfully with valid output	2025/7/22 4:28
BR_Q9SSN6.yaml	397	10493	110.28	TRUE	Process completed successfully with valid output	2025/7/22 4:30
BR_Q9SYL0.yaml	398	5715	105.43	TRUE	Process completed successfully with valid output	2025/7/22 4:31
BR_Q9FNY7.yaml	399	8387	105.46	TRUE	Process completed successfully with valid output	2025/7/22 4:33
BR_Q9LTH7.yaml	400	10415	109.48	TRUE	Process completed successfully with valid output	2025/7/22 4:35
BR_Q9M9Z2.yaml	401	10213	107.53	TRUE	Process completed successfully with valid output	2025/7/22 4:37
BR_Q9S7Y1.yaml	402	10491	110.65	TRUE	Process completed successfully with valid output	2025/7/22 4:39
BR_F4JTY8.yaml	403	8913	109.27	TRUE	Process completed successfully with valid output	2025/7/22 4:41
BR_Q9SD07.yaml	404	7413	105.22	TRUE	Process completed successfully with valid output	2025/7/22 4:43
BR_F4J1Z7.yaml	405	10457	110.61	TRUE	Process completed successfully with valid output	2025/7/22 4:45
BR_O80512.yaml	406	5055	104.36	TRUE	Process completed successfully with valid output	2025/7/22 4:47
BR_Q9LPU8.yaml	407	10415	110.87	TRUE	Process completed successfully with valid output	2025/7/22 4:49
BR_Q9FHK8.yaml	408	8761	108.16	TRUE	Process completed successfully with valid output	2025/7/22 4:51
BR_F4JLV4.yaml	409	5591	105.05	TRUE	Process completed successfully with valid output	2025/7/22 4:53
BR_Q9LXW3.yaml	410	10415	110.45	TRUE	Process completed successfully with valid output	2025/7/22 4:55
BR_Q9T0D3.yaml	411	10493	109.95	TRUE	Process completed successfully with valid output	2025/7/22 4:57
BR_Q9ZT87.yaml	412	6323	106	TRUE	Process completed successfully with valid output	2025/7/22 4:59
BR_F4I671.yaml	413	8839	108.56	TRUE	Process completed successfully with valid output	2025/7/22 5:01
BR_F4IQK7.yaml	414	9857	109.95	TRUE	Process completed successfully with valid output	2025/7/22 5:03
BR_F4KD68.yaml	415	7889	106.92	TRUE	Process completed successfully with valid output	2025/7/22 5:05
BR_Q9SM27.yaml	416	10415	110.37	TRUE	Process completed successfully with valid output	2025/7/22 5:07
BR_Q0WW40.yaml	417	7873	107.89	TRUE	Process completed successfully with valid output	2025/7/22 5:08
BR_Q9C524.yaml	418	10301	110.29	TRUE	Process completed successfully with valid output	2025/7/22 5:10
BR_Q5PP32.yaml	419	8137	110.06	TRUE	Process completed successfully with valid output	2025/7/22 5:12
BR_F4K9N6.yaml	420	5023	105.22	TRUE	Process completed successfully with valid output	2025/7/22 5:14
BR_Q9CAR4.yaml	421	10415	111.96	TRUE	Process completed successfully with valid output	2025/7/22 5:16
BR_Q9T075.yaml	422	10269	111.75	TRUE	Process completed successfully with valid output	2025/7/22 5:18
BR_O64798.yaml	423	8209	109.28	TRUE	Process completed successfully with valid output	2025/7/22 5:20
BR_Q9XEE8.yaml	424	10303	110.46	TRUE	Process completed successfully with valid output	2025/7/22 5:22
BR_Q9SXA0.yaml	425	6787	108.37	TRUE	Process completed successfully with valid output	2025/7/22 5:24
BR_Q9SI32.yaml	426	5417	106.52	TRUE	Process completed successfully with valid output	2025/7/22 5:26
BR_O48684.yaml	427	6159	107.99	TRUE	Process completed successfully with valid output	2025/7/22 5:28
BR_F4JPQ4.yaml	428	4937	106.01	TRUE	Process completed successfully with valid output	2025/7/22 5:30
BR_P13114.yaml	429	8833	108.39	TRUE	Process completed successfully with valid output	2025/7/22 5:32
BR_Q9LTI0.yaml	430	7123	108.69	TRUE	Process completed successfully with valid output	2025/7/22 5:34
BR_Q8RX25.yaml	431	6249	108.1	TRUE	Process completed successfully with valid output	2025/7/22 5:36
BR_Q9FJU2.yaml	432	6829	108.23	TRUE	Process completed successfully with valid output	2025/7/22 5:38
BR_Q9SY20.yaml	433	6795	107.31	TRUE	Process completed successfully with valid output	2025/7/22 5:40
BR_Q5PNS9.yaml	434	9839	110.25	TRUE	Process completed successfully with valid output	2025/7/22 5:42
BR_Q8VYF6.yaml	435	6089	109.01	TRUE	Process completed successfully with valid output	2025/7/22 5:44
BR_O64859.yaml	436	8879	109.88	TRUE	Process completed successfully with valid output	2025/7/22 5:46
BR_F4JNI6.yaml	437	7823	109.93	TRUE	Process completed successfully with valid output	2025/7/22 5:48
BR_Q9S761.yaml	438	10415	112.39	TRUE	Process completed successfully with valid output	2025/7/22 5:50
BR_Q94BZ6.yaml	439	6171	107.88	TRUE	Process completed successfully with valid output	2025/7/22 5:52
BR_Q9FX53.yaml	440	7805	108.82	TRUE	Process completed successfully with valid output	2025/7/22 5:54
BR_A8MRC7.yaml	441	6563	108.96	TRUE	Process completed successfully with valid output	2025/7/22 5:55
BR_Q9LN71.yaml	442	10457	113.62	TRUE	Process completed successfully with valid output	2025/7/22 5:58
BR_Q9FWA5.yaml	443	10335	112.53	TRUE	Process completed successfully with valid output	2025/7/22 6:00
BR_Q9SD33.yaml	444	6155	107.59	TRUE	Process completed successfully with valid output	2025/7/22 6:01
BR_Q9ZVU5.yaml	445	6795	107.55	TRUE	Process completed successfully with valid output	2025/7/22 6:03
BR_P41376.yaml	446	10265	111.69	TRUE	Process completed successfully with valid output	2025/7/22 6:05
BR_Q9CAC3.yaml	447	10457	114.9	TRUE	Process completed successfully with valid output	2025/7/22 6:07
BR_Q9CAI2.yaml	448	8121	110.81	TRUE	Process completed successfully with valid output	2025/7/22 6:09
BR_Q9SMU1.yaml	449	7019	110.87	TRUE	Process completed successfully with valid output	2025/7/22 6:11
BR_F4I8Q7.yaml	450	6235	107.58	TRUE	Process completed successfully with valid output	2025/7/22 6:13
BR_B9DHD3.yaml	451	10493	115.36	TRUE	Process completed successfully with valid output	2025/7/22 6:15
BR_Q9SF86.yaml	452	10491	113.71	TRUE	Process completed successfully with valid output	2025/7/22 6:18
BR_Q3E956.yaml	453	7985	109.34	TRUE	Process completed successfully with valid output	2025/7/22 6:19
BR_Q5XV34.yaml	454	5191	106.47	TRUE	Process completed successfully with valid output	2025/7/22 6:21
BR_Q8RW90.yaml	455	10457	115.55	TRUE	Process completed successfully with valid output	2025/7/22 6:23
BR_F4JTD8.yaml	456	7189	109.23	TRUE	Process completed successfully with valid output	2025/7/22 6:25
BR_Q9FH91.yaml	457	10387	113.02	TRUE	Process completed successfully with valid output	2025/7/22 6:27
BR_O22467.yaml	458	9561	112.93	TRUE	Process completed successfully with valid output	2025/7/22 6:29
BR_Q8LCW1.yaml	459	7209	110.66	TRUE	Process completed successfully with valid output	2025/7/22 6:31
BR_Q8L610.yaml	460	10509	114.73	TRUE	Process completed successfully with valid output	2025/7/22 6:34
BR_Q9FKY3.yaml	461	7295	109.97	TRUE	Process completed successfully with valid output	2025/7/22 6:35
BR_A0A1P8B5A6.yaml	462	5505	107.94	TRUE	Process completed successfully with valid output	2025/7/22 6:37
BR_Q944S3.yaml	463	8163	110.14	TRUE	Process completed successfully with valid output	2025/7/22 6:39
BR_Q9ZUP2.yaml	464	10519	113.78	TRUE	Process completed successfully with valid output	2025/7/22 6:41
BR_Q9STQ0.yaml	465	7333	109.34	TRUE	Process completed successfully with valid output	2025/7/22 6:43
BR_A0A1I9LP65.yaml	466	10529	115.53	TRUE	Process completed successfully with valid output	2025/7/22 6:45
BR_Q2V465.yaml	467	10579	116.9	TRUE	Process completed successfully with valid output	2025/7/22 6:48
BR_Q9LH93.yaml	468	5333	106.85	TRUE	Process completed successfully with valid output	2025/7/22 6:49
BR_Q9LYM2.yaml	469	6663	109.42	TRUE	Process completed successfully with valid output	2025/7/22 6:51
BR_Q9XIR4.yaml	470	5587	108.14	TRUE	Process completed successfully with valid output	2025/7/22 6:53
BR_Q9C7D6.yaml	471	10659	115.67	TRUE	Process completed successfully with valid output	2025/7/22 6:55
BR_Q9FLA2.yaml	472	7291	110.5	TRUE	Process completed successfully with valid output	2025/7/22 6:57
BR_F4JN22.yaml	473	10697	115.52	TRUE	Process completed successfully with valid output	2025/7/22 7:00
BR_F4IR90.yaml	474	9197	111.21	TRUE	Process completed successfully with valid output	2025/7/22 7:02
BR_Q1PFT7.yaml	475	5729	108.44	TRUE	Process completed successfully with valid output	2025/7/22 7:04
BR_Q9XIQ7.yaml	476	6481	109.46	TRUE	Process completed successfully with valid output	2025/7/22 7:05
BR_P43294.yaml	477	10773	114.56	TRUE	Process completed successfully with valid output	2025/7/22 7:08
BR_Q9C8C2.yaml	478	10775	114.11	TRUE	Process completed successfully with valid output	2025/7/22 7:10
BR_Q9FLF7.yaml	479	10817	114.7	TRUE	Process completed successfully with valid output	2025/7/22 7:12
BR_F4JQR6.yaml	480	10837	114.15	TRUE	Process completed successfully with valid output	2025/7/22 7:14
BR_O80885.yaml	481	10853	116.1	TRUE	Process completed successfully with valid output	2025/7/22 7:16
BR_Q9FG61.yaml	482	10867	117.57	TRUE	Process completed successfully with valid output	2025/7/22 7:18
BR_F4JIP9.yaml	483	9663	114.43	TRUE	Process completed successfully with valid output	2025/7/22 7:20
BR_Q0WV25.yaml	484	10903	116.83	TRUE	Process completed successfully with valid output	2025/7/22 7:22
BR_Q9LRQ8.yaml	485	6983	111.27	TRUE	Process completed successfully with valid output	2025/7/22 7:24
BR_Q9SZP8.yaml	486	5967	109.73	TRUE	Process completed successfully with valid output	2025/7/22 7:26
BR_P46248.yaml	487	10949	116.97	TRUE	Process completed successfully with valid output	2025/7/22 7:28
BR_Q6NKX5.yaml	488	5817	108.22	TRUE	Process completed successfully with valid output	2025/7/22 7:30
BR_P15456.yaml	489	5929	109.04	TRUE	Process completed successfully with valid output	2025/7/22 7:32
BR_Q9SF15.yaml	490	11023	117.3	TRUE	Process completed successfully with valid output	2025/7/22 7:34
BR_Q9M126.yaml	491	11043	116.61	TRUE	Process completed successfully with valid output	2025/7/22 7:36
BR_Q6TPH1.yaml	492	11061	115.47	TRUE	Process completed successfully with valid output	2025/7/22 7:38
BR_Q9SF11.yaml	493	5871	108.92	TRUE	Process completed successfully with valid output	2025/7/22 7:40
BR_A0A1P8AXC3.yaml	494	6113	110.16	TRUE	Process completed successfully with valid output	2025/7/22 7:42
BR_Q93Y23.yaml	495	11115	116.65	TRUE	Process completed successfully with valid output	2025/7/22 7:44
BR_Q8S8K6.yaml	496	11145	118.48	TRUE	Process completed successfully with valid output	2025/7/22 7:46
BR_Q9LJ51.yaml	497	5687	109.32	TRUE	Process completed successfully with valid output	2025/7/22 7:48
BR_Q9SGA8.yaml	498	10649	117.51	TRUE	Process completed successfully with valid output	2025/7/22 7:51
BR_Q9CAI5.yaml	499	11203	116.99	TRUE	Process completed successfully with valid output	2025/7/22 7:53
BR_Q6NL06.yaml	500	11219	118.11	TRUE	Process completed successfully with valid output	2025/7/22 7:55
BR_Q8H1F9.yaml	501	7767	112.62	TRUE	Process completed successfully with valid output	2025/7/22 7:57
BR_Q9FWW6.yaml	502	11251	118.37	TRUE	Process completed successfully with valid output	2025/7/22 7:59
BR_Q9S7D8.yaml	503	8985	113.82	TRUE	Process completed successfully with valid output	2025/7/22 8:01
BR_Q56XH8.yaml	504	8133	111.51	TRUE	Process completed successfully with valid output	2025/7/22 8:03
BR_Q8L725.yaml	505	11325	119.23	TRUE	Process completed successfully with valid output	2025/7/22 8:05
BR_Q42522.yaml	506	11319	118.41	TRUE	Process completed successfully with valid output	2025/7/22 8:07
BR_Q8L9Y0.yaml	507	11355	119.69	TRUE	Process completed successfully with valid output	2025/7/22 8:09
BR_F4J6R3.yaml	508	6891	111.49	TRUE	Process completed successfully with valid output	2025/7/22 8:11
BR_P25269.yaml	509	11393	118.73	TRUE	Process completed successfully with valid output	2025/7/22 8:13
BR_Q9SIB2.yaml	510	9735	113.76	TRUE	Process completed successfully with valid output	2025/7/22 8:15
BR_A0A1P8B0Q4.yaml	511	6119	111.25	TRUE	Process completed successfully with valid output	2025/7/22 8:17
BR_Q8L794.yaml	512	8215	113.86	TRUE	Process completed successfully with valid output	2025/7/22 8:19
BR_Q9XI71.yaml	513	7879	114.9	TRUE	Process completed successfully with valid output	2025/7/22 8:22
BR_O22813.yaml	514	7727	113.38	TRUE	Process completed successfully with valid output	2025/7/22 8:24
BR_Q4V3C9.yaml	515	8685	115.16	TRUE	Process completed successfully with valid output	2025/7/22 8:26
BR_Q9LPR8.yaml	516	8807	114.76	TRUE	Process completed successfully with valid output	2025/7/22 8:28
BR_Q9FJ55.yaml	517	11539	118.65	TRUE	Process completed successfully with valid output	2025/7/22 8:30
BR_Q8RX60.yaml	518	10805	116.85	TRUE	Process completed successfully with valid output	2025/7/22 8:32
BR_Q9C994.yaml	519	11559	116.58	TRUE	Process completed successfully with valid output	2025/7/22 8:34
BR_Q9CAT1.yaml	520	6395	112.33	TRUE	Process completed successfully with valid output	2025/7/22 8:36
BR_Q9SZN1.yaml	521	11621	118.45	TRUE	Process completed successfully with valid output	2025/7/22 8:38
BR_Q5XVC4.yaml	522	7309	111.72	TRUE	Process completed successfully with valid output	2025/7/22 8:40
BR_Q9LHA9.yaml	523	6227	111.58	TRUE	Process completed successfully with valid output	2025/7/22 8:42
BR_Q8RY79.yaml	524	11673	118.22	TRUE	Process completed successfully with valid output	2025/7/22 8:44
BR_Q9FWX5.yaml	525	11685	119.12	TRUE	Process completed successfully with valid output	2025/7/22 8:46
BR_Q84WW6.yaml	526	11701	119	TRUE	Process completed successfully with valid output	2025/7/22 8:49
BR_Q9LZN3.yaml	527	11721	118.16	TRUE	Process completed successfully with valid output	2025/7/22 8:51
BR_Q9LSV8.yaml	528	11755	118.91	TRUE	Process completed successfully with valid output	2025/7/22 8:53
BR_Q9ZQ94.yaml	529	11783	119.21	TRUE	Process completed successfully with valid output	2025/7/22 8:55
BR_Q9ZQ96.yaml	530	11795	119.05	TRUE	Process completed successfully with valid output	2025/7/22 8:57
BR_A8MR93.yaml	531	7773	115.08	TRUE	Process completed successfully with valid output	2025/7/22 8:59
BR_Q9ZR09.yaml	532	6619	112.43	TRUE	Process completed successfully with valid output	2025/7/22 9:01
BR_O80959.yaml	533	9437	116.17	TRUE	Process completed successfully with valid output	2025/7/22 9:03
BR_Q9M9H4.yaml	534	11861	117.15	TRUE	Process completed successfully with valid output	2025/7/22 9:05
BR_O22446.yaml	535	11885	122.81	TRUE	Process completed successfully with valid output	2025/7/22 9:08
BR_Q8GYL3.yaml	536	11709	121.44	TRUE	Process completed successfully with valid output	2025/7/22 9:10
BR_Q6AWX0.yaml	537	11925	119.58	TRUE	Process completed successfully with valid output	2025/7/22 9:12
BR_Q9FG01.yaml	538	8175	114.96	TRUE	Process completed successfully with valid output	2025/7/22 9:14
BR_P92994.yaml	539	11995	120.79	TRUE	Process completed successfully with valid output	2025/7/22 9:16
BR_O64879.yaml	540	12003	120.55	TRUE	Process completed successfully with valid output	2025/7/22 9:18
BR_Q9LUR2.yaml	541	8567	116.16	TRUE	Process completed successfully with valid output	2025/7/22 9:20
BR_Q9M115.yaml	542	11475	120.51	TRUE	Process completed successfully with valid output	2025/7/22 9:22
BR_Q9C5E5.yaml	543	10595	119.28	TRUE	Process completed successfully with valid output	2025/7/22 9:25
BR_O22928.yaml	544	7653	113.93	TRUE	Process completed successfully with valid output	2025/7/22 9:27
BR_F4IV34.yaml	545	12119	121.61	TRUE	Process completed successfully with valid output	2025/7/22 9:29
BR_P0CC32.yaml	546	12129	119.09	TRUE	Process completed successfully with valid output	2025/7/22 9:31
BR_O04249.yaml	547	12131	120.03	TRUE	Process completed successfully with valid output	2025/7/22 9:33
BR_O48532.yaml	548	12169	121.01	TRUE	Process completed successfully with valid output	2025/7/22 9:35
BR_Q6GKU7.yaml	549	12187	121	TRUE	Process completed successfully with valid output	2025/7/22 9:37
BR_Q9LZS1.yaml	550	6163	113.54	TRUE	Process completed successfully with valid output	2025/7/22 9:39
BR_Q9FVX2.yaml	551	9121	118.38	TRUE	Process completed successfully with valid output	2025/7/22 9:42
BR_Q66GJ1.yaml	552	12255	121.23	TRUE	Process completed successfully with valid output	2025/7/22 9:44
BR_F4KF65.yaml	553	7925	114.63	TRUE	Process completed successfully with valid output	2025/7/22 9:46
BR_O80689.yaml	554	12293	121.47	TRUE	Process completed successfully with valid output	2025/7/22 9:48
BR_Q9LIG7.yaml	555	12313	121.54	TRUE	Process completed successfully with valid output	2025/7/22 9:50
BR_Q9FXB5.yaml	556	6387	113.23	TRUE	Process completed successfully with valid output	2025/7/22 9:52
BR_Q9LF53.yaml	557	10237	119.11	TRUE	Process completed successfully with valid output	2025/7/22 9:54
BR_Q9FFG3.yaml	558	6739	114.19	TRUE	Process completed successfully with valid output	2025/7/22 9:56
BR_Q6NKZ8.yaml	559	12403	121.08	TRUE	Process completed successfully with valid output	2025/7/22 9:59
BR_Q8W2F1.yaml	560	8737	117.12	TRUE	Process completed successfully with valid output	2025/7/22 10:01
BR_Q9SJQ0.yaml	561	12425	120.78	TRUE	Process completed successfully with valid output	2025/7/22 10:03
BR_Q8W4J3.yaml	562	12455	121.13	TRUE	Process completed successfully with valid output	2025/7/22 10:05
BR_F4J982.yaml	563	12475	123.28	TRUE	Process completed successfully with valid output	2025/7/22 10:07
BR_Q0WVU0.yaml	564	12493	122	TRUE	Process completed successfully with valid output	2025/7/22 10:09
BR_O04294.yaml	565	12503	121.19	TRUE	Process completed successfully with valid output	2025/7/22 10:11
BR_Q9SY07.yaml	566	7411	115.7	TRUE	Process completed successfully with valid output	2025/7/22 10:14
BR_F4I6I6.yaml	567	12555	122.51	TRUE	Process completed successfully with valid output	2025/7/22 10:16
BR_Q0WUY1.yaml	568	6863	114.08	TRUE	Process completed successfully with valid output	2025/7/22 10:18
BR_Q9FG97.yaml	569	9225	118.8	TRUE	Process completed successfully with valid output	2025/7/22 10:20
BR_Q9LV21.yaml	570	12597	122.62	TRUE	Process completed successfully with valid output	2025/7/22 10:22
BR_Q9FZ24.yaml	571	7499	115.13	TRUE	Process completed successfully with valid output	2025/7/22 10:24
BR_Q93WT0.yaml	572	12643	122.33	TRUE	Process completed successfully with valid output	2025/7/22 10:26
BR_Q9SR71.yaml	573	8243	116.31	TRUE	Process completed successfully with valid output	2025/7/22 10:28
BR_F4JE35.yaml	574	9309	118.39	TRUE	Process completed successfully with valid output	2025/7/22 10:31
BR_Q8GYM6.yaml	575	11801	122.62	TRUE	Process completed successfully with valid output	2025/7/22 10:33
BR_F4HVS6.yaml	576	8357	117.63	TRUE	Process completed successfully with valid output	2025/7/22 10:35
BR_Q94A34.yaml	577	12769	125.15	TRUE	Process completed successfully with valid output	2025/7/22 10:37
BR_Q9LHS0.yaml	578	8361	119.48	TRUE	Process completed successfully with valid output	2025/7/22 10:39
BR_Q9M332.yaml	579	12795	123.67	TRUE	Process completed successfully with valid output	2025/7/22 10:42
BR_O22558.yaml	580	12835	125.09	TRUE	Process completed successfully with valid output	2025/7/22 10:44
BR_A0A1P8B1V0.yaml	581	6721	115.61	TRUE	Process completed successfully with valid output	2025/7/22 10:46
BR_Q9LF66.yaml	582	8467	117.77	TRUE	Process completed successfully with valid output	2025/7/22 10:48
BR_Q9SAD7.yaml	583	7043	117.4	TRUE	Process completed successfully with valid output	2025/7/22 10:50
BR_Q8W033.yaml	584	12895	125.18	TRUE	Process completed successfully with valid output	2025/7/22 10:52
BR_O81469.yaml	585	6599	116.29	TRUE	Process completed successfully with valid output	2025/7/22 10:54
BR_Q66GP7.yaml	586	8607	119.32	TRUE	Process completed successfully with valid output	2025/7/22 10:56
BR_Q84W54.yaml	587	12983	124.19	TRUE	Process completed successfully with valid output	2025/7/22 10:59
BR_Q9SQR5.yaml	588	6809	115.68	TRUE	Process completed successfully with valid output	2025/7/22 11:01
BR_Q84WV1.yaml	589	13001	125.83	TRUE	Process completed successfully with valid output	2025/7/22 11:03
BR_F4JHW4.yaml	590	7163	118.4	TRUE	Process completed successfully with valid output	2025/7/22 11:05
BR_F4IW19.yaml	591	8795	120.56	TRUE	Process completed successfully with valid output	2025/7/22 11:07
BR_F4JUP6.yaml	592	9133	120.58	TRUE	Process completed successfully with valid output	2025/7/22 11:09
BR_O23240.yaml	593	13075	124.14	TRUE	Process completed successfully with valid output	2025/7/22 11:12
BR_Q9LK71.yaml	594	12765	123.89	TRUE	Process completed successfully with valid output	2025/7/22 11:14
BR_Q9C7N2.yaml	595	7513	119.64	TRUE	Process completed successfully with valid output	2025/7/22 11:16
BR_Q9C7G0.yaml	596	7569	118.36	TRUE	Process completed successfully with valid output	2025/7/22 11:18
BR_A0A1I9LTL1.yaml	597	13173	127.44	TRUE	Process completed successfully with valid output	2025/7/22 11:20
BR_Q9LDA9.yaml	598	7475	119.59	TRUE	Process completed successfully with valid output	2025/7/22 11:23
BR_Q9FHY8.yaml	599	7315	118.58	TRUE	Process completed successfully with valid output	2025/7/22 11:25
BR_Q0WUC5.yaml	600	7195	118.79	TRUE	Process completed successfully with valid output	2025/7/22 11:27
BR_Q8S8Y8.yaml	601	13259	126.36	TRUE	Process completed successfully with valid output	2025/7/22 11:29
BR_O82289.yaml	602	7441	118.46	TRUE	Process completed successfully with valid output	2025/7/22 11:31
BR_Q9FKY5.yaml	603	9519	122.49	TRUE	Process completed successfully with valid output	2025/7/22 11:33
BR_Q9FGL6.yaml	604	8267	120.21	TRUE	Process completed successfully with valid output	2025/7/22 11:36
BR_Q9LVL5.yaml	605	13339	127.21	TRUE	Process completed successfully with valid output	2025/7/22 11:38
BR_Q949U4.yaml	606	11093	124.47	TRUE	Process completed successfully with valid output	2025/7/22 11:40
BR_A4FVN8.yaml	607	13373	125.67	TRUE	Process completed successfully with valid output	2025/7/22 11:42
BR_Q9SXC9.yaml	608	13407	127.26	TRUE	Process completed successfully with valid output	2025/7/22 11:45
BR_A4FVR1.yaml	609	7489	118.7	TRUE	Process completed successfully with valid output	2025/7/22 11:47
BR_Q9LV91.yaml	610	13437	127.04	TRUE	Process completed successfully with valid output	2025/7/22 11:49
BR_F4IMH3.yaml	611	8935	121.81	TRUE	Process completed successfully with valid output	2025/7/22 11:51
BR_A0A1P8B6F9.yaml	612	13479	127.61	TRUE	Process completed successfully with valid output	2025/7/22 11:53
BR_Q3EAC9.yaml	613	6705	116.42	TRUE	Process completed successfully with valid output	2025/7/22 11:56
BR_Q0WL52.yaml	614	11057	123.4	TRUE	Process completed successfully with valid output	2025/7/22 11:58
BR_Q9FHN7.yaml	615	9331	122.85	TRUE	Process completed successfully with valid output	2025/7/22 12:00
BR_Q9FNL7.yaml	616	13567	127.95	TRUE	Process completed successfully with valid output	2025/7/22 12:02
BR_A0A1I9LN01.yaml	617	13579	128.26	TRUE	Process completed successfully with valid output	2025/7/22 12:05
BR_Q5XQC7.yaml	618	13603	128.46	TRUE	Process completed successfully with valid output	2025/7/22 12:07
BR_Q9SKA8.yaml	619	7615	120.67	TRUE	Process completed successfully with valid output	2025/7/22 12:09
BR_F4KG58.yaml	620	9205	122.25	TRUE	Process completed successfully with valid output	2025/7/22 12:11
BR_F4J8X6.yaml	621	13675	126.97	TRUE	Process completed successfully with valid output	2025/7/22 12:13
BR_F4K588.yaml	622	7671	119.12	TRUE	Process completed successfully with valid output	2025/7/22 12:16
BR_A4FVS5.yaml	623	7303	120.59	TRUE	Process completed successfully with valid output	2025/7/22 12:18
BR_F4IYR7.yaml	624	8141	121.07	TRUE	Process completed successfully with valid output	2025/7/22 12:20
BR_Q9FVQ9.yaml	625	9197	124.58	TRUE	Process completed successfully with valid output	2025/7/22 12:22
BR_Q940S0.yaml	626	13769	128.38	TRUE	Process completed successfully with valid output	2025/7/22 12:24
BR_Q9FJQ0.yaml	627	12681	127.84	TRUE	Process completed successfully with valid output	2025/7/22 12:27
BR_Q8W4D4.yaml	628	13821	127.37	TRUE	Process completed successfully with valid output	2025/7/22 12:29
BR_Q9FJH6.yaml	629	13837	128.13	TRUE	Process completed successfully with valid output	2025/7/22 12:31
BR_F4HRV8.yaml	630	8129	123.15	TRUE	Process completed successfully with valid output	2025/7/22 12:33
BR_A0A1P8B0B7.yaml	631	9221	122.99	TRUE	Process completed successfully with valid output	2025/7/22 12:36
BR_Q9LEQ7.yaml	632	8557	121.7	TRUE	Process completed successfully with valid output	2025/7/22 12:38
BR_Q9FJG5.yaml	633	10659	126.6	TRUE	Process completed successfully with valid output	2025/7/22 12:40
BR_Q9M2Z3.yaml	634	8601	123.71	TRUE	Process completed successfully with valid output	2025/7/22 12:42
BR_F4JCB2.yaml	635	9857	124.18	TRUE	Process completed successfully with valid output	2025/7/22 12:44
BR_Q9LUE0.yaml	636	11187	126.13	TRUE	Process completed successfully with valid output	2025/7/22 12:47
BR_Q8L836.yaml	637	8127	122.48	TRUE	Process completed successfully with valid output	2025/7/22 12:49
BR_F4IUG1.yaml	638	7911	122.08	TRUE	Process completed successfully with valid output	2025/7/22 12:51
BR_Q9LN61.yaml	639	7129	120.82	TRUE	Process completed successfully with valid output	2025/7/22 12:53
BR_P58223.yaml	640	9817	124.73	TRUE	Process completed successfully with valid output	2025/7/22 12:56
BR_Q9FHQ5.yaml	641	7575	121.76	TRUE	Process completed successfully with valid output	2025/7/22 12:58
BR_F4HP88.yaml	642	14123	128.94	TRUE	Process completed successfully with valid output	2025/7/22 13:00
BR_F4INP9.yaml	643	8177	123.09	TRUE	Process completed successfully with valid output	2025/7/22 13:02
BR_Q9C5D2.yaml	644	10533	127.45	TRUE	Process completed successfully with valid output	2025/7/22 13:04
BR_Q9M1Y3.yaml	645	8367	121.91	TRUE	Process completed successfully with valid output	2025/7/22 13:07
BR_Q8S3C9.yaml	646	14187	131.12	TRUE	Process completed successfully with valid output	2025/7/22 13:09
BR_Q1PFA6.yaml	647	14221	131.23	TRUE	Process completed successfully with valid output	2025/7/22 13:11
BR_Q9FPW4.yaml	648	10277	126.64	TRUE	Process completed successfully with valid output	2025/7/22 13:14
BR_Q8H1R2.yaml	649	11107	127.71	TRUE	Process completed successfully with valid output	2025/7/22 13:16
BR_F4I2G1.yaml	650	9985	125.13	TRUE	Process completed successfully with valid output	2025/7/22 13:18
BR_Q9SLM4.yaml	651	7711	120.65	TRUE	Process completed successfully with valid output	2025/7/22 13:20
BR_Q8W4C3.yaml	652	8163	120.48	TRUE	Process completed successfully with valid output	2025/7/22 13:22
BR_Q8H136.yaml	653	14353	131.7	TRUE	Process completed successfully with valid output	2025/7/22 13:25
BR_F4KA51.yaml	654	14373	130.78	TRUE	Process completed successfully with valid output	2025/7/22 13:27
BR_Q9SKD6.yaml	655	11149	127.99	TRUE	Process completed successfully with valid output	2025/7/22 13:29
BR_Q9CAW9.yaml	656	8393	121.55	TRUE	Process completed successfully with valid output	2025/7/22 13:32
BR_O23654.yaml	657	14435	133.07	TRUE	Process completed successfully with valid output	2025/7/22 13:34
BR_Q9LXE5.yaml	658	12935	128.03	TRUE	Process completed successfully with valid output	2025/7/22 13:36
BR_A0A1P8BHB3.yaml	659	7875	123.78	TRUE	Process completed successfully with valid output	2025/7/22 13:38
BR_Q9ZPI1.yaml	660	14499	131.37	TRUE	Process completed successfully with valid output	2025/7/22 13:41
BR_Q9SL48.yaml	661	10073	124.69	TRUE	Process completed successfully with valid output	2025/7/22 13:43
BR_Q0WVF7.yaml	662	12265	128.41	TRUE	Process completed successfully with valid output	2025/7/22 13:45
BR_Q9LZ36.yaml	663	7905	122.65	TRUE	Process completed successfully with valid output	2025/7/22 13:48
BR_Q9SXD1.yaml	664	10589	126.27	TRUE	Process completed successfully with valid output	2025/7/22 13:50
BR_Q9C550.yaml	665	14589	130.62	TRUE	Process completed successfully with valid output	2025/7/22 13:52
BR_Q9C6K1.yaml	666	8789	125.39	TRUE	Process completed successfully with valid output	2025/7/22 13:54
BR_Q9SZX8.yaml	667	12539	129.95	TRUE	Process completed successfully with valid output	2025/7/22 13:57
BR_Q8L7S4.yaml	668	8419	123.98	TRUE	Process completed successfully with valid output	2025/7/22 13:59
BR_Q8S9J8.yaml	669	10133	126.33	TRUE	Process completed successfully with valid output	2025/7/22 14:01
BR_O23702.yaml	670	9635	125.74	TRUE	Process completed successfully with valid output	2025/7/22 14:03
BR_Q8RWW1.yaml	671	14743	131.61	TRUE	Process completed successfully with valid output	2025/7/22 14:06
BR_Q9SH89.yaml	672	12167	130.98	TRUE	Process completed successfully with valid output	2025/7/22 14:08
BR_F4K383.yaml	673	14809	133.95	TRUE	Process completed successfully with valid output	2025/7/22 14:10
BR_Q7XJM8.yaml	674	8395	124.12	TRUE	Process completed successfully with valid output	2025/7/22 14:13
BR_Q9LFS2.yaml	675	8095	125.44	TRUE	Process completed successfully with valid output	2025/7/22 14:15
BR_Q8GXQ3.yaml	676	14835	133.79	TRUE	Process completed successfully with valid output	2025/7/22 14:17
BR_Q7Y231.yaml	677	8705	126.05	TRUE	Process completed successfully with valid output	2025/7/22 14:20
BR_Q9FJX8.yaml	678	9717	127.64	TRUE	Process completed successfully with valid output	2025/7/22 14:22
BR_P93825.yaml	679	10863	130.25	TRUE	Process completed successfully with valid output	2025/7/22 14:24
BR_O64877.yaml	680	10255	127.46	TRUE	Process completed successfully with valid output	2025/7/22 14:26
BR_Q9LVI6.yaml	681	14943	135.7	TRUE	Process completed successfully with valid output	2025/7/22 14:29
BR_Q9SK69.yaml	682	14831	133.08	TRUE	Process completed successfully with valid output	2025/7/22 14:31
BR_Q7Y220.yaml	683	8497	126.15	TRUE	Process completed successfully with valid output	2025/7/22 14:33
BR_Q9SR24.yaml	684	11377	130.67	TRUE	Process completed successfully with valid output	2025/7/22 14:36
BR_Q9SYI8.yaml	685	12183	132.04	TRUE	Process completed successfully with valid output	2025/7/22 14:38
BR_F4HYR4.yaml	686	11683	131.68	TRUE	Process completed successfully with valid output	2025/7/22 14:41
BR_Q9MAX3.yaml	687	15075	135.22	TRUE	Process completed successfully with valid output	2025/7/22 14:43
BR_Q9LUS3.yaml	688	15095	133.13	TRUE	Process completed successfully with valid output	2025/7/22 14:45
BR_Q94KE1.yaml	689	11841	132.93	TRUE	Process completed successfully with valid output	2025/7/22 14:48
BR_Q9LDS6.yaml	690	15149	135.92	TRUE	Process completed successfully with valid output	2025/7/22 14:50
BR_Q9LZM4.yaml	691	15163	134.25	TRUE	Process completed successfully with valid output	2025/7/22 14:52
BR_Q940A2.yaml	692	15183	133.7	TRUE	Process completed successfully with valid output	2025/7/22 14:55
BR_O04257.yaml	693	11911	133.73	TRUE	Process completed successfully with valid output	2025/7/22 14:57
BR_Q8RX28.yaml	694	15221	134.92	TRUE	Process completed successfully with valid output	2025/7/22 15:00
BR_F4JIN3.yaml	695	15249	135.24	TRUE	Process completed successfully with valid output	2025/7/22 15:02
BR_A0A1P8AST1.yaml	696	8417	126.23	TRUE	Process completed successfully with valid output	2025/7/22 15:04
BR_Q9FJ13.yaml	697	8931	126.98	TRUE	Process completed successfully with valid output	2025/7/22 15:07
BR_Q39041.yaml	698	15315	133.62	TRUE	Process completed successfully with valid output	2025/7/22 15:09
BR_Q9C7W4.yaml	699	15343	134.85	TRUE	Process completed successfully with valid output	2025/7/22 15:11
BR_Q9C5X3.yaml	700	11159	130.7	TRUE	Process completed successfully with valid output	2025/7/22 15:14
BR_Q9FGC7.yaml	701	14625	134.56	TRUE	Process completed successfully with valid output	2025/7/22 15:16
BR_Q9T045.yaml	702	8889	127.23	TRUE	Process completed successfully with valid output	2025/7/22 15:18
BR_Q9SYM5.yaml	703	15429	136.7	TRUE	Process completed successfully with valid output	2025/7/22 15:21
BR_Q8LPS2.yaml	704	9035	127.87	TRUE	Process completed successfully with valid output	2025/7/22 15:23
BR_Q8VZE7.yaml	705	10903	130.43	TRUE	Process completed successfully with valid output	2025/7/22 15:25
BR_Q8RX55.yaml	706	11669	130.86	TRUE	Process completed successfully with valid output	2025/7/22 15:28
BR_F4KE50.yaml	707	8599	128.03	TRUE	Process completed successfully with valid output	2025/7/22 15:30
BR_Q8VZR2.yaml	708	15545	136.1	TRUE	Process completed successfully with valid output	2025/7/22 15:32
BR_P43254.yaml	709	15563	137.92	TRUE	Process completed successfully with valid output	2025/7/22 15:35
BR_C0LGR9.yaml	710	15579	136.86	TRUE	Process completed successfully with valid output	2025/7/22 15:37
BR_A0A1I9LTC7.yaml	711	15603	135.84	TRUE	Process completed successfully with valid output	2025/7/22 15:40
BR_Q9C5H9.yaml	712	10957	131.23	TRUE	Process completed successfully with valid output	2025/7/22 15:42
BR_F4JJD6.yaml	713	9227	128.35	TRUE	Process completed successfully with valid output	2025/7/22 15:44
BR_F4JZC2.yaml	714	10871	130.5	TRUE	Process completed successfully with valid output	2025/7/22 15:47
BR_Q43125.yaml	715	15697	136.22	TRUE	Process completed successfully with valid output	2025/7/22 15:49
BR_Q9FG39.yaml	716	13187	134.45	TRUE	Process completed successfully with valid output	2025/7/22 15:52
BR_Q940A7.yaml	717	9839	130.58	TRUE	Process completed successfully with valid output	2025/7/22 15:54
BR_A0A1P8B7F5.yaml	718	15745	136.58	TRUE	Process completed successfully with valid output	2025/7/22 15:56
BR_Q9C9N5.yaml	719	15787	139.14	TRUE	Process completed successfully with valid output	2025/7/22 15:59
BR_Q9STF5.yaml	720	11719	131.67	TRUE	Process completed successfully with valid output	2025/7/22 16:01
BR_Q9C8K2.yaml	721	15819	138.66	TRUE	Process completed successfully with valid output	2025/7/22 16:04
BR_Q9LQM5.yaml	722	15851	137.97	TRUE	Process completed successfully with valid output	2025/7/22 16:06
BR_P0C898.yaml	723	15867	137.64	TRUE	Process completed successfully with valid output	2025/7/22 16:09
BR_F4IUT0.yaml	724	8339	129.03	TRUE	Process completed successfully with valid output	2025/7/22 16:11
BR_A0A1P8AN25.yaml	725	11965	133.48	TRUE	Process completed successfully with valid output	2025/7/22 16:13
BR_F4I854.yaml	726	15943	138.25	TRUE	Process completed successfully with valid output	2025/7/22 16:16
BR_Q9SKH6.yaml	727	9459	129.82	TRUE	Process completed successfully with valid output	2025/7/22 16:18
BR_O22285.yaml	728	12689	136.07	TRUE	Process completed successfully with valid output	2025/7/22 16:20
BR_B9DGY1.yaml	729	16003	143.72	TRUE	Process completed successfully with valid output	2025/7/22 16:23
BR_Q9M2N5.yaml	730	16039	139.34	TRUE	Process completed successfully with valid output	2025/7/22 16:25
BR_Q9ZUA9.yaml	731	15591	144.25	TRUE	Process completed successfully with valid output	2025/7/22 16:28
BR_F4KH31.yaml	732	15703	137.98	TRUE	Process completed successfully with valid output	2025/7/22 16:30
BR_F4JZM4.yaml	733	9029	130.73	TRUE	Process completed successfully with valid output	2025/7/22 16:33
BR_Q9LFL9.yaml	734	16107	140.12	TRUE	Process completed successfully with valid output	2025/7/22 16:35
BR_Q9FVV6.yaml	735	10029	135.34	TRUE	Process completed successfully with valid output	2025/7/22 16:38
BR_Q94BR1.yaml	736	10593	134.25	TRUE	Process completed successfully with valid output	2025/7/22 16:40
BR_Q56W45.yaml	737	9867	135.73	TRUE	Process completed successfully with valid output	2025/7/22 16:42
BR_Q9SUD8.yaml	738	9875	132.02	TRUE	Process completed successfully with valid output	2025/7/22 16:45
BR_Q56XI1.yaml	739	16229	141.61	TRUE	Process completed successfully with valid output	2025/7/22 16:47
BR_F4KDA5.yaml	740	16255	139.41	TRUE	Process completed successfully with valid output	2025/7/22 16:50
BR_Q9STM7.yaml	741	9167	130.76	TRUE	Process completed successfully with valid output	2025/7/22 16:52
BR_F4K2G3.yaml	742	12707	138.06	TRUE	Process completed successfully with valid output	2025/7/22 16:55
BR_Q9LVJ3.yaml	743	16315	142.98	TRUE	Process completed successfully with valid output	2025/7/22 16:57
BR_F4HTQ1.yaml	744	15891	148.58	TRUE	Process completed successfully with valid output	2025/7/22 17:00
BR_O23141.yaml	745	15463	140.94	TRUE	Process completed successfully with valid output	2025/7/22 17:02
BR_Q84WU4.yaml	746	8701	131.93	TRUE	Process completed successfully with valid output	2025/7/22 17:05
BR_Q9FT72.yaml	747	16423	140.75	TRUE	Process completed successfully with valid output	2025/7/22 17:07
BR_Q9SUM4.yaml	748	9865	132.72	TRUE	Process completed successfully with valid output	2025/7/22 17:09
BR_Q9SFB8.yaml	749	16457	143.74	TRUE	Process completed successfully with valid output	2025/7/22 17:12
BR_Q9C5H5.yaml	750	16467	140.27	TRUE	Process completed successfully with valid output	2025/7/22 17:15
BR_P45724.yaml	751	16481	143.24	TRUE	Process completed successfully with valid output	2025/7/22 17:17
BR_P0C7Q9.yaml	752	9943	131.68	TRUE	Process completed successfully with valid output	2025/7/22 17:19
BR_Q9C7V1.yaml	753	12831	137.28	TRUE	Process completed successfully with valid output	2025/7/22 17:22
BR_Q9ZU48.yaml	754	12769	136.38	TRUE	Process completed successfully with valid output	2025/7/22 17:24
BR_Q9M2Y7.yaml	755	16589	141.61	TRUE	Process completed successfully with valid output	2025/7/22 17:27
BR_Q8H0V4.yaml	756	9995	132.88	TRUE	Process completed successfully with valid output	2025/7/22 17:29
BR_O48582.yaml	757	9903	136.49	TRUE	Process completed successfully with valid output	2025/7/22 17:32
BR_Q9SCV8.yaml	758	16657	143.46	TRUE	Process completed successfully with valid output	2025/7/22 17:34
BR_Q9M3D6.yaml	759	16677	142.2	TRUE	Process completed successfully with valid output	2025/7/22 17:37
BR_Q9C704.yaml	760	13569	138.92	TRUE	Process completed successfully with valid output	2025/7/22 17:39
BR_Q9FNB5.yaml	761	16717	144.15	TRUE	Process completed successfully with valid output	2025/7/22 17:42
BR_Q39017.yaml	762	15083	142.61	TRUE	Process completed successfully with valid output	2025/7/22 17:44
BR_O23627.yaml	763	16775	143.4	TRUE	Process completed successfully with valid output	2025/7/22 17:47
BR_Q9S9M3.yaml	764	16783	145.7	TRUE	Process completed successfully with valid output	2025/7/22 17:49
BR_Q9LNP2.yaml	765	16809	146.3	TRUE	Process completed successfully with valid output	2025/7/22 17:52
BR_Q9FIG2.yaml	766	16809	144.57	TRUE	Process completed successfully with valid output	2025/7/22 17:54
BR_P93008.yaml	767	16861	142.92	TRUE	Process completed successfully with valid output	2025/7/22 17:57
BR_P56767.yaml	768	12551	141.81	TRUE	Process completed successfully with valid output	2025/7/22 18:00
BR_F4K1B1.yaml	769	10245	146.24	TRUE	Process completed successfully with valid output	2025/7/22 18:02
BR_Q9M2V7.yaml	770	16931	149.48	TRUE	Process completed successfully with valid output	2025/7/22 18:05
BR_Q9M2Y4.yaml	771	16953	146.38	TRUE	Process completed successfully with valid output	2025/7/22 18:07
BR_A0A1P8AM23.yaml	772	16389	144.28	TRUE	Process completed successfully with valid output	2025/7/22 18:10
BR_Q9LFG8.yaml	773	16993	147.09	TRUE	Process completed successfully with valid output	2025/7/22 18:13
BR_Q9LTA6.yaml	774	17013	146.29	TRUE	Process completed successfully with valid output	2025/7/22 18:15
BR_Q0WVK7.yaml	775	10369	139.56	TRUE	Process completed successfully with valid output	2025/7/22 18:18
BR_O48626.yaml	776	9817	135.81	TRUE	Process completed successfully with valid output	2025/7/22 18:20
BR_B9DGD6.yaml	777	17091	145.48	TRUE	Process completed successfully with valid output	2025/7/22 18:23
BR_A0A1I9LM99.yaml	778	15051	142.84	TRUE	Process completed successfully with valid output	2025/7/22 18:25
BR_Q6R8G6.yaml	779	13631	145.13	TRUE	Process completed successfully with valid output	2025/7/22 18:28
BR_Q9LID0.yaml	780	17151	145.08	TRUE	Process completed successfully with valid output	2025/7/22 18:30
BR_Q9FIX3.yaml	781	13115	139.77	TRUE	Process completed successfully with valid output	2025/7/22 18:33
BR_Q0WVM7.yaml	782	10489	135.09	TRUE	Process completed successfully with valid output	2025/7/22 18:35
BR_Q9LLL8.yaml	783	17215	146.15	TRUE	Process completed successfully with valid output	2025/7/22 18:38
BR_P56766.yaml	784	12915	137.47	TRUE	Process completed successfully with valid output	2025/7/22 18:40
BR_Q93YS4.yaml	785	17265	147.33	TRUE	Process completed successfully with valid output	2025/7/22 18:43
BR_Q56YP2.yaml	786	17291	146.32	TRUE	Process completed successfully with valid output	2025/7/22 18:45
BR_A0A1P8B2K1.yaml	787	9975	136.53	TRUE	Process completed successfully with valid output	2025/7/22 18:48
BR_Q9FJZ7.yaml	788	17321	146.11	TRUE	Process completed successfully with valid output	2025/7/22 18:51
BR_Q8RX83.yaml	789	13421	145.19	TRUE	Process completed successfully with valid output	2025/7/22 18:53
BR_Q6R8G4.yaml	790	13293	143.05	TRUE	Process completed successfully with valid output	2025/7/22 18:56
BR_Q94C77.yaml	791	17389	147.92	TRUE	Process completed successfully with valid output	2025/7/22 18:58
BR_Q8S9K3.yaml	792	16403	144.78	TRUE	Process completed successfully with valid output	2025/7/22 19:01
BR_A0A1P8B4L0.yaml	793	13413	144.78	TRUE	Process completed successfully with valid output	2025/7/22 19:03
BR_Q9LVY2.yaml	794	15909	144.81	TRUE	Process completed successfully with valid output	2025/7/22 19:06
BR_Q9LS68.yaml	795	15761	144.73	TRUE	Process completed successfully with valid output	2025/7/22 19:09
BR_O64790.yaml	796	17555	148.22	TRUE	Process completed successfully with valid output	2025/7/22 19:11
BR_Q9ZUL5.yaml	797	17541	147.61	TRUE	Process completed successfully with valid output	2025/7/22 19:14
BR_Q9ZPV5.yaml	798	12323	140.99	TRUE	Process completed successfully with valid output	2025/7/22 19:16
BR_Q84WB7.yaml	799	17577	149.17	TRUE	Process completed successfully with valid output	2025/7/22 19:19
BR_Q9ZTP3.yaml	800	17645	146.6	TRUE	Process completed successfully with valid output	2025/7/22 19:22
BR_Q9M007.yaml	801	11429	142.07	TRUE	Process completed successfully with valid output	2025/7/22 19:24
BR_Q9C7G1.yaml	802	17653	145.48	TRUE	Process completed successfully with valid output	2025/7/22 19:27
BR_Q9LNU1.yaml	803	17663	149.16	TRUE	Process completed successfully with valid output	2025/7/22 19:29
BR_Q0WT31.yaml	804	15037	144.83	TRUE	Process completed successfully with valid output	2025/7/22 19:32
BR_O22943.yaml	805	10891	140.28	TRUE	Process completed successfully with valid output	2025/7/22 19:34
BR_Q8VXX0.yaml	806	13425	143.54	TRUE	Process completed successfully with valid output	2025/7/22 19:37
BR_Q9LXD6.yaml	807	17753	150.31	TRUE	Process completed successfully with valid output	2025/7/22 19:40
BR_Q84WS0.yaml	808	17825	146.67	TRUE	Process completed successfully with valid output	2025/7/22 19:42
BR_Q9FE38.yaml	809	17819	150.53	TRUE	Process completed successfully with valid output	2025/7/22 19:45
BR_Q8L866.yaml	810	17837	148.53	TRUE	Process completed successfully with valid output	2025/7/22 19:48
BR_F4IMB5.yaml	811	17861	150.26	TRUE	Process completed successfully with valid output	2025/7/22 19:50
BR_F4HYR3.yaml	812	13205	143.23	TRUE	Process completed successfully with valid output	2025/7/22 19:53
BR_Q0WKW1.yaml	813	17903	151.29	TRUE	Process completed successfully with valid output	2025/7/22 19:55
BR_Q9FLI4.yaml	814	17909	149.63	TRUE	Process completed successfully with valid output	2025/7/22 19:58
BR_Q8GUG7.yaml	815	17969	150.82	TRUE	Process completed successfully with valid output	2025/7/22 20:01
BR_Q9CAG5.yaml	816	18003	148.08	TRUE	Process completed successfully with valid output	2025/7/22 20:03
BR_F4JJ52.yaml	817	18003	150.95	TRUE	Process completed successfully with valid output	2025/7/22 20:06
BR_Q9M2K5.yaml	818	10545	139.68	TRUE	Process completed successfully with valid output	2025/7/22 20:09
BR_Q8RW97.yaml	819	13903	146.65	TRUE	Process completed successfully with valid output	2025/7/22 20:11
BR_Q9SHZ8.yaml	820	18115	149.73	TRUE	Process completed successfully with valid output	2025/7/22 20:14
BR_Q9SZJ2.yaml	821	14225	145.11	TRUE	Process completed successfully with valid output	2025/7/22 20:16
BR_Q9LN59.yaml	822	18113	148.84	TRUE	Process completed successfully with valid output	2025/7/22 20:19
BR_Q9LD18.yaml	823	18135	151.33	TRUE	Process completed successfully with valid output	2025/7/22 20:22
BR_Q9M371.yaml	824	11703	142.44	TRUE	Process completed successfully with valid output	2025/7/22 20:24
BR_Q9FK76.yaml	825	18185	151.19	TRUE	Process completed successfully with valid output	2025/7/22 20:27
BR_Q8LGH4.yaml	826	18235	150.48	TRUE	Process completed successfully with valid output	2025/7/22 20:30
BR_Q9ASU6.yaml	827	14183	147.1	TRUE	Process completed successfully with valid output	2025/7/22 20:32
BR_Q9SCT2.yaml	828	18283	148.75	TRUE	Process completed successfully with valid output	2025/7/22 20:35
BR_Q9M366.yaml	829	13195	145.54	TRUE	Process completed successfully with valid output	2025/7/22 20:37
BR_Q9FMB4.yaml	830	10773	140.45	TRUE	Process completed successfully with valid output	2025/7/22 20:40
BR_Q39203.yaml	831	18319	151.3	TRUE	Process completed successfully with valid output	2025/7/22 20:43
BR_Q1PE83.yaml	832	11539	140.68	TRUE	Process completed successfully with valid output	2025/7/22 20:45
BR_F4I5D4.yaml	833	18369	152.63	TRUE	Process completed successfully with valid output	2025/7/22 20:48
BR_F4JIB6.yaml	834	11535	142.23	TRUE	Process completed successfully with valid output	2025/7/22 20:50
BR_F4J8I0.yaml	835	10889	141.65	TRUE	Process completed successfully with valid output	2025/7/22 20:53
BR_Q8VYF9.yaml	836	11645	142.68	TRUE	Process completed successfully with valid output	2025/7/22 20:55
BR_Q6NQJ6.yaml	837	15893	149.87	TRUE	Process completed successfully with valid output	2025/7/22 20:58
BR_Q9SYA0.yaml	838	18507	152.52	TRUE	Process completed successfully with valid output	2025/7/22 21:01
BR_O64782.yaml	839	18507	155.15	TRUE	Process completed successfully with valid output	2025/7/22 21:03
BR_Q9FGM0.yaml	840	18581	150.52	TRUE	Process completed successfully with valid output	2025/7/22 21:06
BR_O49423.yaml	841	18585	154.05	TRUE	Process completed successfully with valid output	2025/7/22 21:09
BR_F4IUU1.yaml	842	18599	152.92	TRUE	Process completed successfully with valid output	2025/7/22 21:12
BR_Q9FKZ1.yaml	843	11701	145.93	TRUE	Process completed successfully with valid output	2025/7/22 21:14
BR_Q38882.yaml	844	16905	149.97	TRUE	Process completed successfully with valid output	2025/7/22 21:17
BR_Q7FZR1.yaml	845	18673	154.12	TRUE	Process completed successfully with valid output	2025/7/22 21:20
BR_Q9C6J9.yaml	846	11867	144.94	TRUE	Process completed successfully with valid output	2025/7/22 21:22
BR_Q9LK27.yaml	847	18699	154.04	TRUE	Process completed successfully with valid output	2025/7/22 21:25
BR_Q0WPJ7.yaml	848	18753	151.66	TRUE	Process completed successfully with valid output	2025/7/22 21:27
BR_Q9SCN8.yaml	849	18751	155.93	TRUE	Process completed successfully with valid output	2025/7/22 21:30
BR_F4JT92.yaml	850	18795	151.96	TRUE	Process completed successfully with valid output	2025/7/22 21:33
BR_Q9FYC1.yaml	851	12505	147.36	TRUE	Process completed successfully with valid output	2025/7/22 21:36
BR_B6SFA4.yaml	852	18839	153.76	TRUE	Process completed successfully with valid output	2025/7/22 21:38
BR_Q9LU47.yaml	853	18859	155.57	TRUE	Process completed successfully with valid output	2025/7/22 21:41
BR_Q9SXB5.yaml	854	18891	153.94	TRUE	Process completed successfully with valid output	2025/7/22 21:44
BR_F4JTD2.yaml	855	18915	154.79	TRUE	Process completed successfully with valid output	2025/7/22 21:46
BR_Q9ZQX3.yaml	856	16521	151.44	TRUE	Process completed successfully with valid output	2025/7/22 21:49
BR_Q9S7P3.yaml	857	18957	155.88	TRUE	Process completed successfully with valid output	2025/7/22 21:52
BR_Q94JX1.yaml	858	18971	152.68	TRUE	Process completed successfully with valid output	2025/7/22 21:55
BR_Q9LZA6.yaml	859	19007	155.46	TRUE	Process completed successfully with valid output	2025/7/22 21:57
BR_F4JP52.yaml	860	17619	152.69	TRUE	Process completed successfully with valid output	2025/7/22 22:00
BR_Q9SWG3.yaml	861	19063	156.85	TRUE	Process completed successfully with valid output	2025/7/22 22:03
BR_Q9C6C7.yaml	862	11407	143.29	TRUE	Process completed successfully with valid output	2025/7/22 22:05
BR_Q9LMJ1.yaml	863	18225	155.56	TRUE	Process completed successfully with valid output	2025/7/22 22:08
BR_Q9LPZ9.yaml	864	19157	152.5	TRUE	Process completed successfully with valid output	2025/7/22 22:11
BR_F4HQD4.yaml	865	19151	156.5	TRUE	Process completed successfully with valid output	2025/7/22 22:14
BR_Q9SA75.yaml	866	19131	156.62	TRUE	Process completed successfully with valid output	2025/7/22 22:16
BR_Q39123.yaml	867	19189	157.2	TRUE	Process completed successfully with valid output	2025/7/22 22:19
BR_Q8GZ96.yaml	868	15933	152.02	TRUE	Process completed successfully with valid output	2025/7/22 22:22
BR_A8MQI6.yaml	869	11567	145.6	TRUE	Process completed successfully with valid output	2025/7/22 22:24
BR_Q9LKC1.yaml	870	11565	145.39	TRUE	Process completed successfully with valid output	2025/7/22 22:27
BR_F4IUY1.yaml	871	11985	147.25	TRUE	Process completed successfully with valid output	2025/7/22 22:30
BR_Q9SN97.yaml	872	19351	156.69	TRUE	Process completed successfully with valid output	2025/7/22 22:32
BR_O80452.yaml	873	16459	154.94	TRUE	Process completed successfully with valid output	2025/7/22 22:35
BR_Q9M8J7.yaml	874	12425	147.24	TRUE	Process completed successfully with valid output	2025/7/22 22:38
BR_Q9SRR2.yaml	875	13031	149.97	TRUE	Process completed successfully with valid output	2025/7/22 22:40
BR_Q9SE43.yaml	876	19437	156.21	TRUE	Process completed successfully with valid output	2025/7/22 22:43
BR_O49711.yaml	877	10951	146.59	TRUE	Process completed successfully with valid output	2025/7/22 22:46
BR_Q9SVM3.yaml	878	19457	158.24	TRUE	Process completed successfully with valid output	2025/7/22 22:49
BR_Q9SCV1.yaml	879	19475	159.94	TRUE	Process completed successfully with valid output	2025/7/22 22:51
BR_A0A1I9LTU3.yaml	880	12609	146.2	TRUE	Process completed successfully with valid output	2025/7/22 22:54
BR_Q9C9H7.yaml	881	19521	159.11	TRUE	Process completed successfully with valid output	2025/7/22 22:57
BR_Q9SCU9.yaml	882	19531	157.68	TRUE	Process completed successfully with valid output	2025/7/22 23:00
BR_Q9T058.yaml	883	19571	160.27	TRUE	Process completed successfully with valid output	2025/7/22 23:02
BR_O81905.yaml	884	19639	157.92	TRUE	Process completed successfully with valid output	2025/7/22 23:05
BR_Q9LMI0.yaml	885	19617	160.72	TRUE	Process completed successfully with valid output	2025/7/22 23:08
BR_F4J9A0.yaml	886	19633	157.29	TRUE	Process completed successfully with valid output	2025/7/22 23:11
BR_Q9FHJ6.yaml	887	17107	156.92	TRUE	Process completed successfully with valid output	2025/7/22 23:14
BR_A0A1P8B415.yaml	888	19735	157.25	TRUE	Process completed successfully with valid output	2025/7/22 23:16
BR_A0A1P8BEN9.yaml	889	19709	161.38	TRUE	Process completed successfully with valid output	2025/7/22 23:19
BR_Q9SUN6.yaml	890	19725	157.52	TRUE	Process completed successfully with valid output	2025/7/22 23:22
BR_Q9STE1.yaml	891	19751	160.53	TRUE	Process completed successfully with valid output	2025/7/22 23:25
BR_Q9T053.yaml	892	19831	158.84	TRUE	Process completed successfully with valid output	2025/7/22 23:28
BR_Q94JM3.yaml	893	19805	159.03	TRUE	Process completed successfully with valid output	2025/7/22 23:31
BR_Q8GYP6.yaml	894	12871	147.9	TRUE	Process completed successfully with valid output	2025/7/22 23:33
BR_Q9LXU4.yaml	895	19845	160.7	TRUE	Process completed successfully with valid output	2025/7/22 23:36
BR_F4I2H2.yaml	896	19927	159.11	TRUE	Process completed successfully with valid output	2025/7/22 23:39
BR_Q9M0D8.yaml	897	19911	161.83	TRUE	Process completed successfully with valid output	2025/7/22 23:42
BR_O49329.yaml	898	19491	158.63	TRUE	Process completed successfully with valid output	2025/7/22 23:44
BR_Q84W43.yaml	899	19951	162.21	TRUE	Process completed successfully with valid output	2025/7/22 23:47
BR_A0A1P8B9R0.yaml	900	17211	154.88	TRUE	Process completed successfully with valid output	2025/7/22 23:50
BR_Q9LV72.yaml	901	16569	159.42	TRUE	Process completed successfully with valid output	2025/7/22 23:53
BR_F4J6T7.yaml	902	20035	161.93	TRUE	Process completed successfully with valid output	2025/7/22 23:56
BR_Q8VWI7.yaml	903	20047	161.1	TRUE	Process completed successfully with valid output	2025/7/22 23:59
BR_A9LLI7.yaml	904	19143	157.65	TRUE	Process completed successfully with valid output	2025/7/23 0:01
BR_Q9M907.yaml	905	13099	152.08	TRUE	Process completed successfully with valid output	2025/7/23 0:04
BR_F4IJP7.yaml	906	20133	160.81	TRUE	Process completed successfully with valid output	2025/7/23 0:07
BR_Q9LS59.yaml	907	12323	150.76	TRUE	Process completed successfully with valid output	2025/7/23 0:10
BR_Q9FLB4.yaml	908	19547	159.76	TRUE	Process completed successfully with valid output	2025/7/23 0:12
BR_F4J8G2.yaml	909	20197	163.38	TRUE	Process completed successfully with valid output	2025/7/23 0:15
BR_A8MPR5.yaml	910	20225	162.03	TRUE	Process completed successfully with valid output	2025/7/23 0:18
BR_Q9FHI8.yaml	911	14033	155.59	TRUE	Process completed successfully with valid output	2025/7/23 0:21
BR_Q9T020.yaml	912	20299	160.38	TRUE	Process completed successfully with valid output	2025/7/23 0:24
BR_Q8L745.yaml	913	20263	162.71	TRUE	Process completed successfully with valid output	2025/7/23 0:27
BR_Q9FID9.yaml	914	20317	161.14	TRUE	Process completed successfully with valid output	2025/7/23 0:29
BR_Q93VJ2.yaml	915	17727	158.45	TRUE	Process completed successfully with valid output	2025/7/23 0:32
BR_Q9SS60.yaml	916	20413	162.55	TRUE	Process completed successfully with valid output	2025/7/23 0:35
BR_Q9LDG7.yaml	917	17107	159.9	TRUE	Process completed successfully with valid output	2025/7/23 0:38
BR_Q680Q4.yaml	918	20393	162.39	TRUE	Process completed successfully with valid output	2025/7/23 0:41
BR_A0A1P8AVQ6.yaml	919	20441	164.92	TRUE	Process completed successfully with valid output	2025/7/23 0:44
BR_Q9FJD6.yaml	920	19023	160.04	TRUE	Process completed successfully with valid output	2025/7/23 0:47
BR_Q9SCU8.yaml	921	20505	164.39	TRUE	Process completed successfully with valid output	2025/7/23 0:49
BR_O80462.yaml	922	16871	156.84	TRUE	Process completed successfully with valid output	2025/7/23 0:52
BR_Q9SNA3.yaml	923	20521	166.19	TRUE	Process completed successfully with valid output	2025/7/23 0:55
BR_O22938.yaml	924	20595	163.46	TRUE	Process completed successfully with valid output	2025/7/23 0:58
BR_Q9SIV2.yaml	925	16377	158.34	TRUE	Process completed successfully with valid output	2025/7/23 1:01
BR_B9DFV2.yaml	926	20535	162.56	TRUE	Process completed successfully with valid output	2025/7/23 1:04
BR_Q9FLX6.yaml	927	20629	163.98	TRUE	Process completed successfully with valid output	2025/7/23 1:07
BR_Q9M1B0.yaml	928	17075	157.34	TRUE	Process completed successfully with valid output	2025/7/23 1:09
BR_Q9SD39.yaml	929	18341	162.4	TRUE	Process completed successfully with valid output	2025/7/23 1:12
BR_F4I0M4.yaml	930	13681	152.27	TRUE	Process completed successfully with valid output	2025/7/23 1:15
BR_Q8VZM1.yaml	931	14529	158.65	TRUE	Process completed successfully with valid output	2025/7/23 1:18
BR_Q42560.yaml	932	20815	164.32	TRUE	Process completed successfully with valid output	2025/7/23 1:21
BR_Q9C646.yaml	933	20821	165.71	TRUE	Process completed successfully with valid output	2025/7/23 1:24
BR_Q94B77.yaml	934	16633	158.29	TRUE	Process completed successfully with valid output	2025/7/23 1:26
BR_Q8LPQ9.yaml	935	20835	166.78	TRUE	Process completed successfully with valid output	2025/7/23 1:29
BR_P93024.yaml	936	20903	164.32	TRUE	Process completed successfully with valid output	2025/7/23 1:32
BR_Q84W41.yaml	937	18785	164.45	TRUE	Process completed successfully with valid output	2025/7/23 1:35
BR_A0A178W3G2.yaml	938	13547	155.07	TRUE	Process completed successfully with valid output	2025/7/23 1:38
BR_A0A1P8AYJ0.yaml	939	14407	160.06	TRUE	Process completed successfully with valid output	2025/7/23 1:41
BR_Q9XIF0.yaml	940	21499	166.25	TRUE	Process completed successfully with valid output	2025/7/23 1:44
BR_Q9FFU6.yaml	941	13647	156.77	TRUE	Process completed successfully with valid output	2025/7/23 1:46
BR_Q9FNN3.yaml	942	13079	153.67	TRUE	Process completed successfully with valid output	2025/7/23 1:49
BR_Q9FLT4.yaml	943	21495	167.73	TRUE	Process completed successfully with valid output	2025/7/23 1:52
BR_Q93YS7.yaml	944	19239	160.26	TRUE	Process completed successfully with valid output	2025/7/23 1:55
BR_Q9SA18.yaml	945	21555	167.87	TRUE	Process completed successfully with valid output	2025/7/23 1:58
BR_Q9LZU9.yaml	946	19489	163.47	TRUE	Process completed successfully with valid output	2025/7/23 2:01
BR_F4JI44.yaml	947	13161	155.25	TRUE	Process completed successfully with valid output	2025/7/23 2:04
BR_Q9SE83.yaml	948	17971	160.69	TRUE	Process completed successfully with valid output	2025/7/23 2:06
BR_Q8W4I9.yaml	949	21635	167.53	TRUE	Process completed successfully with valid output	2025/7/23 2:09
BR_F4IG63.yaml	950	18459	161.44	TRUE	Process completed successfully with valid output	2025/7/23 2:12
BR_Q9CAG3.yaml	951	18219	163.03	TRUE	Process completed successfully with valid output	2025/7/23 2:15
BR_Q9LFN5.yaml	952	18473	162.75	TRUE	Process completed successfully with valid output	2025/7/23 2:18
BR_Q8LPN3.yaml	953	21765	168.73	TRUE	Process completed successfully with valid output	2025/7/23 2:21
BR_F4JQZ3.yaml	954	14609	158.39	TRUE	Process completed successfully with valid output	2025/7/23 2:24
BR_Q9FIJ0.yaml	955	21623	166.95	TRUE	Process completed successfully with valid output	2025/7/23 2:27
BR_Q9LTL7.yaml	956	18793	162.79	TRUE	Process completed successfully with valid output	2025/7/23 2:30
BR_O23463.yaml	957	14933	162.63	TRUE	Process completed successfully with valid output	2025/7/23 2:32
BR_O22207.yaml	958	21895	167.51	TRUE	Process completed successfully with valid output	2025/7/23 2:35
BR_Q7XJL2.yaml	959	18877	165.34	TRUE	Process completed successfully with valid output	2025/7/23 2:38
BR_Q9LVP1.yaml	960	21987	164.44	TRUE	Process completed successfully with valid output	2025/7/23 2:41
BR_F4K733.yaml	961	13491	155.45	TRUE	Process completed successfully with valid output	2025/7/23 2:44
BR_F4I131.yaml	962	14071	158.46	TRUE	Process completed successfully with valid output	2025/7/23 2:47
BR_C0LGI2.yaml	963	22029	170.56	TRUE	Process completed successfully with valid output	2025/7/23 2:50
BR_F4I7C7.yaml	964	13607	156.39	TRUE	Process completed successfully with valid output	2025/7/23 2:53
BR_Q9FUY2.yaml	965	22057	170.05	TRUE	Process completed successfully with valid output	2025/7/23 2:56
BR_Q9FF50.yaml	966	14465	157.87	TRUE	Process completed successfully with valid output	2025/7/23 2:58
BR_F4IPZ3.yaml	967	22127	169.96	TRUE	Process completed successfully with valid output	2025/7/23 3:01
BR_Q9LFA2.yaml	968	22189	167.98	TRUE	Process completed successfully with valid output	2025/7/23 3:04
BR_Q9STT5.yaml	969	22183	171.11	TRUE	Process completed successfully with valid output	2025/7/23 3:07
BR_B0M1H3.yaml	970	12759	156.25	TRUE	Process completed successfully with valid output	2025/7/23 3:10
BR_O24617.yaml	971	22235	169.13	TRUE	Process completed successfully with valid output	2025/7/23 3:13
BR_F4JDV4.yaml	972	15355	162.4	TRUE	Process completed successfully with valid output	2025/7/23 3:16
BR_Q8S8F2.yaml	974	12863	157.94	TRUE	Process completed successfully with valid output	2025/7/23 3:19
BR_Q9SUT8.yaml	975	21503	171.35	TRUE	Process completed successfully with valid output	2025/7/23 3:22
BR_Q9FX32.yaml	976	15465	158.53	TRUE	Process completed successfully with valid output	2025/7/23 3:25
BR_Q9SIT1.yaml	977	22357	171.78	TRUE	Process completed successfully with valid output	2025/7/23 3:28
BR_F4HSS6.yaml	978	14363	158.18	TRUE	Process completed successfully with valid output	2025/7/23 3:30
BR_A0A1P8AWH8.yaml	979	22419	172.06	TRUE	Process completed successfully with valid output	2025/7/23 3:33
BR_Q9FF91.yaml	980	14933	159.76	TRUE	Process completed successfully with valid output	2025/7/23 3:36
BR_P0DMS1.yaml	981	14667	162.64	TRUE	Process completed successfully with valid output	2025/7/23 3:39
BR_F4J9A8.yaml	982	22083	169.69	TRUE	Process completed successfully with valid output	2025/7/23 3:42
BR_P20431.yaml	983	22511	173.71	TRUE	Process completed successfully with valid output	2025/7/23 3:45
BR_Q9CAF6.yaml	984	22595	170.32	TRUE	Process completed successfully with valid output	2025/7/23 3:48
BR_O49680.yaml	985	22571	173.41	TRUE	Process completed successfully with valid output	2025/7/23 3:51
BR_Q9SL80.yaml	986	15037	159.14	TRUE	Process completed successfully with valid output	2025/7/23 3:54
BR_C0LGG7.yaml	987	22625	172.34	TRUE	Process completed successfully with valid output	2025/7/23 3:57
BR_Q42556.yaml	988	22709	171.89	TRUE	Process completed successfully with valid output	2025/7/23 4:00
BR_F4INB5.yaml	989	22001	171.97	TRUE	Process completed successfully with valid output	2025/7/23 4:03
BR_Q9LV11.yaml	990	22697	172.22	TRUE	Process completed successfully with valid output	2025/7/23 4:06
BR_F4I6U7.yaml	991	13205	159.03	TRUE	Process completed successfully with valid output	2025/7/23 4:09
BR_F4IJJ8.yaml	992	15389	161.04	TRUE	Process completed successfully with valid output	2025/7/23 4:12
BR_Q8GXJ4.yaml	993	20433	171.42	TRUE	Process completed successfully with valid output	2025/7/23 4:15
BR_O82318.yaml	994	22305	172.67	TRUE	Process completed successfully with valid output	2025/7/23 4:18
BR_Q9LY32.yaml	995	22329	176.09	TRUE	Process completed successfully with valid output	2025/7/23 4:21
BR_Q9LIB2.yaml	996	22435	171.07	TRUE	Process completed successfully with valid output	2025/7/23 4:24
BR_Q7X9B9.yaml	997	19273	169.27	TRUE	Process completed successfully with valid output	2025/7/23 4:27
BR_O81740.yaml	998	15115	163.41	TRUE	Process completed successfully with valid output	2025/7/23 4:30
BR_Q9C6A8.yaml	999	21671	172.07	TRUE	Process completed successfully with valid output	2025/7/23 4:33
BR_F4KEM0.yaml	1000	22527	172.57	TRUE	Process completed successfully with valid output	2025/7/23 4:36
BR_O22727.yaml	1001	22503	175.73	TRUE	Process completed successfully with valid output	2025/7/23 4:39
BR_F4KFY1.yaml	1002	22517	174.35	TRUE	Process completed successfully with valid output	2025/7/23 4:42
BR_F4ICD9.yaml	1003	19225	169.9	TRUE	Process completed successfully with valid output	2025/7/23 4:45
BR_Q0WN60.yaml	1004	22623	172.22	TRUE	Process completed successfully with valid output	2025/7/23 4:48
BR_Q6A331.yaml	1005	15521	162.58	TRUE	Process completed successfully with valid output	2025/7/23 4:51
BR_Q9FLH9.yaml	1006	15519	162.35	TRUE	Process completed successfully with valid output	2025/7/23 4:54
BR_Q9FH17.yaml	1007	16439	167.02	TRUE	Process completed successfully with valid output	2025/7/23 4:57
BR_Q9FIT7.yaml	1008	15635	159.18	TRUE	Process completed successfully with valid output	2025/7/23 5:00
BR_Q2UVJ5.yaml	1009	22685	176.81	TRUE	Process completed successfully with valid output	2025/7/23 5:03
BR_O81644.yaml	1010	22707	174.87	TRUE	Process completed successfully with valid output	2025/7/23 5:06
BR_Q9LK82.yaml	1011	19669	170.43	TRUE	Process completed successfully with valid output	2025/7/23 5:09
BR_A0A1R7T3H0.yaml	1012	22817	174.56	TRUE	Process completed successfully with valid output	2025/7/23 5:12
BR_Q9FVR3.yaml	1013	21663	174.78	TRUE	Process completed successfully with valid output	2025/7/23 5:15
BR_P93043.yaml	1014	20685	172.23	TRUE	Process completed successfully with valid output	2025/7/23 5:18
BR_Q94BR5.yaml	1015	22825	177.65	TRUE	Process completed successfully with valid output	2025/7/23 5:21
BR_Q9LVA2.yaml	1016	14811	162.65	TRUE	Process completed successfully with valid output	2025/7/23 5:24
BR_Q84K47.yaml	1017	22891	178.24	TRUE	Process completed successfully with valid output	2025/7/23 5:27
BR_Q8L7I1.yaml	1018	14803	162.89	TRUE	Process completed successfully with valid output	2025/7/23 5:30
BR_A0A1P8AUV6.yaml	1019	13815	163.94	TRUE	Process completed successfully with valid output	2025/7/23 5:33
BR_Q9FMB7.yaml	1020	22021	177.07	TRUE	Process completed successfully with valid output	2025/7/23 5:36
BR_Q9M2T1.yaml	1021	15663	167.32	TRUE	Process completed successfully with valid output	2025/7/23 5:39
BR_Q9XIF2.yaml	1022	21987	174.6	TRUE	Process completed successfully with valid output	2025/7/23 5:42
BR_Q9ZU00.yaml	1023	20809	173.49	TRUE	Process completed successfully with valid output	2025/7/23 5:45
BR_Q9C793.yaml	1024	22095	174.44	TRUE	Process completed successfully with valid output	2025/7/23 5:48
BR_Q56YR0.yaml	1025	14991	167.65	TRUE	Process completed successfully with valid output	2025/7/23 5:51
BR_O65440.yaml	1026	24155	178.4	TRUE	Process completed successfully with valid output	2025/7/23 5:54
BR_O24600.yaml	1027	22799	180.38	TRUE	Process completed successfully with valid output	2025/7/23 5:58
BR_F4IJE1.yaml	1028	20237	172.83	TRUE	Process completed successfully with valid output	2025/7/23 6:01
BR_Q94A28.yaml	1029	24265	181.62	TRUE	Process completed successfully with valid output	2025/7/23 6:04
BR_O65649.yaml	1030	16127	168.78	TRUE	Process completed successfully with valid output	2025/7/23 6:07
BR_F4JC20.yaml	1031	16089	172.76	TRUE	Process completed successfully with valid output	2025/7/23 6:10
BR_Q9SY55.yaml	1032	24389	179.25	TRUE	Process completed successfully with valid output	2025/7/23 6:13
BR_P47735.yaml	1033	24347	183.14	TRUE	Process completed successfully with valid output	2025/7/23 6:16
BR_Q8VZM2.yaml	1034	15169	167.4	TRUE	Process completed successfully with valid output	2025/7/23 6:19
BR_A0A1P8AUL5.yaml	1035	24437	183.41	TRUE	Process completed successfully with valid output	2025/7/23 6:22
BR_O80875.yaml	1036	16411	169.24	TRUE	Process completed successfully with valid output	2025/7/23 6:25
BR_O49545.yaml	1037	24457	181.99	TRUE	Process completed successfully with valid output	2025/7/23 6:29
BR_Q9LI74.yaml	1038	16037	171.67	TRUE	Process completed successfully with valid output	2025/7/23 6:32
BR_Q9LMG4.yaml	1039	16363	171.19	TRUE	Process completed successfully with valid output	2025/7/23 6:35
BR_Q9SRZ7.yaml	1040	24635	177.3	TRUE	Process completed successfully with valid output	2025/7/23 6:38
BR_A0A1P8BD97.yaml	1041	17121	175.74	TRUE	Process completed successfully with valid output	2025/7/23 6:41
BR_Q9SAJ3.yaml	1042	24661	182.15	TRUE	Process completed successfully with valid output	2025/7/23 6:44
BR_Q9SD64.yaml	1043	24641	182.29	TRUE	Process completed successfully with valid output	2025/7/23 6:47
BR_A0A1P8BDK2.yaml	1044	24789	182.47	TRUE	Process completed successfully with valid output	2025/7/23 6:51
BR_Q84TJ7.yaml	1045	24721	184.69	TRUE	Process completed successfully with valid output	2025/7/23 6:54
BR_O64492.yaml	1046	24747	182.53	TRUE	Process completed successfully with valid output	2025/7/23 6:57
BR_F4JPS4.yaml	1047	19357	177.5	TRUE	Process completed successfully with valid output	2025/7/23 7:00
BR_O81108.yaml	1048	24855	181.02	TRUE	Process completed successfully with valid output	2025/7/23 7:03
BR_F4KFA3.yaml	1049	22115	180.4	TRUE	Process completed successfully with valid output	2025/7/23 7:06
BR_Q8LPR9.yaml	1050	15595	169.19	TRUE	Process completed successfully with valid output	2025/7/23 7:09
BR_F4IWV2.yaml	1051	24911	185.92	TRUE	Process completed successfully with valid output	2025/7/23 7:13
BR_Q9SJF0.yaml	1052	24951	181.37	TRUE	Process completed successfully with valid output	2025/7/23 7:16
BR_Q9LM78.yaml	1053	24927	185.14	TRUE	Process completed successfully with valid output	2025/7/23 7:19
BR_Q37145.yaml	1054	24949	184.32	TRUE	Process completed successfully with valid output	2025/7/23 7:22
BR_Q9FXF2.yaml	1055	24995	184.99	TRUE	Process completed successfully with valid output	2025/7/23 7:26
BR_F4IE40.yaml	1056	16919	167.86	TRUE	Process completed successfully with valid output	2025/7/23 7:29
BR_F4HNU6.yaml	1058	25127	185.11	TRUE	Process completed successfully with valid output	2025/7/23 7:32
BR_Q9SD62.yaml	1059	24497	186.84	TRUE	Process completed successfully with valid output	2025/7/23 7:35
BR_Q9SWW6.yaml	1060	23485	183.05	TRUE	Process completed successfully with valid output	2025/7/23 7:38
BR_Q9FGS8.yaml	1061	22983	183.64	TRUE	Process completed successfully with valid output	2025/7/23 7:42
BR_Q9XIK4.yaml	1062	17899	177.24	TRUE	Process completed successfully with valid output	2025/7/23 7:45
BR_Q9ZT71.yaml	1063	17319	178.79	TRUE	Process completed successfully with valid output	2025/7/23 7:48
BR_F4J738.yaml	1064	17327	174.44	TRUE	Process completed successfully with valid output	2025/7/23 7:51
BR_C0LGT6.yaml	1065	24691	188.04	TRUE	Process completed successfully with valid output	2025/7/23 7:54
BR_C0LGH2.yaml	1066	24707	184.06	TRUE	Process completed successfully with valid output	2025/7/23 7:58
BR_Q9LY77.yaml	1067	24739	188.4	TRUE	Process completed successfully with valid output	2025/7/23 8:01
BR_Q84ND9.yaml	1068	24867	184.63	TRUE	Process completed successfully with valid output	2025/7/23 8:04
BR_C0LGG9.yaml	1069	24819	186.73	TRUE	Process completed successfully with valid output	2025/7/23 8:07
BR_Q9T014.yaml	1070	17273	176.89	TRUE	Process completed successfully with valid output	2025/7/23 8:10
BR_Q94B78.yaml	1071	24859	189.19	TRUE	Process completed successfully with valid output	2025/7/23 8:14
BR_Q9SFU0.yaml	1072	23379	179.08	TRUE	Process completed successfully with valid output	2025/7/23 8:17
BR_O23461.yaml	1073	23203	186.36	TRUE	Process completed successfully with valid output	2025/7/23 8:20
BR_F4K1G2.yaml	1074	24961	186.96	TRUE	Process completed successfully with valid output	2025/7/23 8:24
BR_Q9STN3.yaml	1075	18185	180.39	TRUE	Process completed successfully with valid output	2025/7/23 8:27
BR_F4HPN2.yaml	1076	25111	184.36	TRUE	Process completed successfully with valid output	2025/7/23 8:30
BR_Q94BT0.yaml	1077	18499	180.62	TRUE	Process completed successfully with valid output	2025/7/23 8:33
BR_F4IJV4.yaml	1078	25093	185.73	TRUE	Process completed successfully with valid output	2025/7/23 8:36
BR_P0CAP5.yaml	1079	17485	176.92	TRUE	Process completed successfully with valid output	2025/7/23 8:39
BR_Q8LLD0.yaml	1080	17907	177.16	TRUE	Process completed successfully with valid output	2025/7/23 8:43
BR_Q9FY54.yaml	1081	18563	179.91	TRUE	Process completed successfully with valid output	2025/7/23 8:46
BR_O04379.yaml	1082	25189	188.35	TRUE	Process completed successfully with valid output	2025/7/23 8:49
BR_P0DI17.yaml	1083	25255	189.13	TRUE	Process completed successfully with valid output	2025/7/23 8:52
BR_P0CB23.yaml	1084	16517	173.54	TRUE	Process completed successfully with valid output	2025/7/23 8:55
BR_A0A1P8B8A2.yaml	1085	25307	191.83	TRUE	Process completed successfully with valid output	2025/7/23 8:59
BR_F4JS25.yaml	1086	17651	174.01	TRUE	Process completed successfully with valid output	2025/7/23 9:02
BR_C0LGQ9.yaml	1087	25313	189.33	TRUE	Process completed successfully with valid output	2025/7/23 9:05
BR_O23087.yaml	1088	25415	183	TRUE	Process completed successfully with valid output	2025/7/23 9:08
BR_Q8VZ10.yaml	1089	25377	191.49	TRUE	Process completed successfully with valid output	2025/7/23 9:12
BR_Q8RWY3.yaml	1090	25471	190.33	TRUE	Process completed successfully with valid output	2025/7/23 9:15
BR_F4JU71.yaml	1091	17821	180.18	TRUE	Process completed successfully with valid output	2025/7/23 9:18
BR_D8WUA4.yaml	1092	25581	189.61	TRUE	Process completed successfully with valid output	2025/7/23 9:22
BR_F4IEK8.yaml	1093	15497	177.9	TRUE	Process completed successfully with valid output	2025/7/23 9:25
BR_A0A1I9LTS6.yaml	1094	25557	190.29	TRUE	Process completed successfully with valid output	2025/7/23 9:28
BR_P92939.yaml	1095	25575	193.4	TRUE	Process completed successfully with valid output	2025/7/23 9:32
BR_Q8RY24.yaml	1096	18879	181.01	TRUE	Process completed successfully with valid output	2025/7/23 9:35
BR_Q9CAD9.yaml	1097	25651	194.86	TRUE	Process completed successfully with valid output	2025/7/23 9:38
BR_Q9SMZ4.yaml	1098	25663	190.22	TRUE	Process completed successfully with valid output	2025/7/23 9:42
BR_F4KEY9.yaml	1099	16819	183.96	TRUE	Process completed successfully with valid output	2025/7/23 9:45
BR_F4K2C1.yaml	1100	18165	179.09	TRUE	Process completed successfully with valid output	2025/7/23 9:48
BR_Q8L785.yaml	1101	25755	192.07	TRUE	Process completed successfully with valid output	2025/7/23 9:51
BR_Q9MAQ7.yaml	1102	24357	188.97	TRUE	Process completed successfully with valid output	2025/7/23 9:55
BR_Q8L778.yaml	1103	24159	189.87	TRUE	Process completed successfully with valid output	2025/7/23 9:58
BR_Q9LTB2.yaml	1105	16963	179.54	TRUE	Process completed successfully with valid output	2025/7/23 10:01
BR_C0LGF5.yaml	1106	25887	190.23	TRUE	Process completed successfully with valid output	2025/7/23 10:04
BR_O82491.yaml	1108	19475	181.12	TRUE	Process completed successfully with valid output	2025/7/23 10:08
BR_Q9SMV6.yaml	1109	18841	187.11	TRUE	Process completed successfully with valid output	2025/7/23 10:11
BR_F4IZR5.yaml	1110	18847	184.73	TRUE	Process completed successfully with valid output	2025/7/23 10:14
BR_P92974.yaml	1111	26035	195.56	TRUE	Process completed successfully with valid output	2025/7/23 10:18
BR_A0A1P8BCA2.yaml	1112	26123	190.72	TRUE	Process completed successfully with valid output	2025/7/23 10:21
BR_F4I9U9.yaml	1113	17189	179.03	TRUE	Process completed successfully with valid output	2025/7/23 10:24
BR_Q9LTX7.yaml	1114	23967	187.52	TRUE	Process completed successfully with valid output	2025/7/23 10:27
BR_F4J910.yaml	1115	26167	195.45	TRUE	Process completed successfully with valid output	2025/7/23 10:31
BR_F4KG14.yaml	1116	22661	184.62	TRUE	Process completed successfully with valid output	2025/7/23 10:34
BR_P93733.yaml	1117	26229	194.34	TRUE	Process completed successfully with valid output	2025/7/23 10:37
BR_O48947.yaml	1118	25027	191.53	TRUE	Process completed successfully with valid output	2025/7/23 10:41
BR_Q9FFS5.yaml	1119	26273	195.49	TRUE	Process completed successfully with valid output	2025/7/23 10:44
BR_Q9LU41.yaml	1120	26363	187.67	TRUE	Process completed successfully with valid output	2025/7/23 10:48
BR_Q8W1Y3.yaml	1121	26343	197.52	TRUE	Process completed successfully with valid output	2025/7/23 10:51
BR_Q9FZ59.yaml	1122	26357	194.18	TRUE	Process completed successfully with valid output	2025/7/23 10:54
BR_F4KGE0.yaml	1123	16185	181.51	TRUE	Process completed successfully with valid output	2025/7/23 10:58
BR_F4JNM2.yaml	1124	21861	186.37	TRUE	Process completed successfully with valid output	2025/7/23 11:01
BR_C0LGR3.yaml	1125	26445	197.58	TRUE	Process completed successfully with valid output	2025/7/23 11:04
BR_C0SUW8.yaml	1126	26483	194.65	TRUE	Process completed successfully with valid output	2025/7/23 11:08
BR_Q8RXK8.yaml	1127	26533	197.95	TRUE	Process completed successfully with valid output	2025/7/23 11:11
BR_Q9SL76.yaml	1128	26617	192.8	TRUE	Process completed successfully with valid output	2025/7/23 11:15
BR_O82500.yaml	1129	26593	198.72	TRUE	Process completed successfully with valid output	2025/7/23 11:18
BR_Q9M291.yaml	1130	24953	192.91	TRUE	Process completed successfully with valid output	2025/7/23 11:22
BR_Q8RY22.yaml	1131	24453	195.2	TRUE	Process completed successfully with valid output	2025/7/23 11:25
BR_O82265.yaml	1132	19001	183.42	TRUE	Process completed successfully with valid output	2025/7/23 11:28
BR_F4J2C4.yaml	1133	26683	197.33	TRUE	Process completed successfully with valid output	2025/7/23 11:32
BR_F4I9V7.yaml	1135	17761	183.69	TRUE	Process completed successfully with valid output	2025/7/23 11:35
BR_Q9LVP0.yaml	1136	26843	189.67	TRUE	Process completed successfully with valid output	2025/7/23 11:38
BR_A0A1I9LSE8.yaml	1137	19605	192.73	TRUE	Process completed successfully with valid output	2025/7/23 11:42
BR_Q8L611.yaml	1138	23979	191.55	TRUE	Process completed successfully with valid output	2025/7/23 11:45
BR_A3EWL3.yaml	1139	26861	199.63	TRUE	Process completed successfully with valid output	2025/7/23 11:48
BR_F4IGQ3.yaml	1140	17953	185.05	TRUE	Process completed successfully with valid output	2025/7/23 11:52
BR_Q9LQV2.yaml	1141	25769	197.72	TRUE	Process completed successfully with valid output	2025/7/23 11:55
BR_P93736.yaml	1142	26963	197.99	TRUE	Process completed successfully with valid output	2025/7/23 11:59
BR_Q9FF46.yaml	1143	26971	200.62	TRUE	Process completed successfully with valid output	2025/7/23 12:02
BR_Q9ZQX8.yaml	1145	19353	188.18	TRUE	Process completed successfully with valid output	2025/7/23 12:05
BR_O64486.yaml	1146	19365	185.04	TRUE	Process completed successfully with valid output	2025/7/23 12:09
BR_F4IM84.yaml	1147	27109	201.88	TRUE	Process completed successfully with valid output	2025/7/23 12:12
BR_F4JDI6.yaml	1148	27201	198.35	TRUE	Process completed successfully with valid output	2025/7/23 12:16
BR_Q84WU2.yaml	1149	27211	200.99	TRUE	Process completed successfully with valid output	2025/7/23 12:19
BR_Q9FPT1.yaml	1150	27223	200.04	TRUE	Process completed successfully with valid output	2025/7/23 12:23
BR_Q9LT22.yaml	1151	18147	185.5	TRUE	Process completed successfully with valid output	2025/7/23 12:26
BR_D7SFH9.yaml	1152	27315	191.29	TRUE	Process completed successfully with valid output	2025/7/23 12:29
BR_Q9LV32.yaml	1153	27301	203.1	TRUE	Process completed successfully with valid output	2025/7/23 12:33
BR_Q0WV90.yaml	1154	20355	191.39	TRUE	Process completed successfully with valid output	2025/7/23 12:36
BR_Q9FMJ0.yaml	1155	27345	205.72	TRUE	Process completed successfully with valid output	2025/7/23 12:40
BR_F4JRR2.yaml	1156	27459	199.02	TRUE	Process completed successfully with valid output	2025/7/23 12:43
BR_A0A1I9LQF4.yaml	1157	19661	189.27	TRUE	Process completed successfully with valid output	2025/7/23 12:47
BR_Q8RXC2.yaml	1158	18353	187.93	TRUE	Process completed successfully with valid output	2025/7/23 12:50
BR_F4KHY8.yaml	1159	17065	188.8	TRUE	Process completed successfully with valid output	2025/7/23 12:53
BR_A0A1P8BD81.yaml	1160	18493	187.47	TRUE	Process completed successfully with valid output	2025/7/23 12:57
BR_F4KHH8.yaml	1161	27547	204.72	TRUE	Process completed successfully with valid output	2025/7/23 13:00
BR_Q9SAF6.yaml	1162	17145	188.33	TRUE	Process completed successfully with valid output	2025/7/23 13:04
BR_Q9FNP1.yaml	1164	27683	202.22	TRUE	Process completed successfully with valid output	2025/7/23 13:07
BR_O23129.yaml	1165	18543	188.75	TRUE	Process completed successfully with valid output	2025/7/23 13:10
BR_F4K529.yaml	1166	17227	187.45	TRUE	Process completed successfully with valid output	2025/7/23 13:14
BR_O82504.yaml	1167	24745	200.19	TRUE	Process completed successfully with valid output	2025/7/23 13:17
BR_O49433.yaml	1168	18689	181.71	TRUE	Process completed successfully with valid output	2025/7/23 13:20
BR_Q27GK7.yaml	1169	20897	198.32	TRUE	Process completed successfully with valid output	2025/7/23 13:24
BR_Q9SYK4.yaml	1170	25921	201.55	TRUE	Process completed successfully with valid output	2025/7/23 13:27
BR_Q8RX85.yaml	1172	27941	202.94	TRUE	Process completed successfully with valid output	2025/7/23 13:31
BR_A0A1P8B7I1.yaml	1173	27877	206.62	TRUE	Process completed successfully with valid output	2025/7/23 13:35
BR_F4IAR2.yaml	1174	27923	202.81	TRUE	Process completed successfully with valid output	2025/7/23 13:38
BR_Q9LHP4.yaml	1175	27939	205.44	TRUE	Process completed successfully with valid output	2025/7/23 13:42
BR_Q9SCQ2.yaml	1176	28059	202.58	TRUE	Process completed successfully with valid output	2025/7/23 13:45
BR_Q9ZPS9.yaml	1177	28001	207.89	TRUE	Process completed successfully with valid output	2025/7/23 13:49
BR_F4HUN8.yaml	1178	27135	200.23	TRUE	Process completed successfully with valid output	2025/7/23 13:52
BR_Q9M9M4.yaml	1179	28063	210.65	TRUE	Process completed successfully with valid output	2025/7/23 13:56
BR_Q9LKW9.yaml	1180	26553	198.8	TRUE	Process completed successfully with valid output	2025/7/23 14:00
BR_D1KF50.yaml	1181	28137	206.48	TRUE	Process completed successfully with valid output	2025/7/23 14:03
BR_Q9C6N3.yaml	1182	19679	191.16	TRUE	Process completed successfully with valid output	2025/7/23 14:07
BR_Q9FHN1.yaml	1183	17665	191.96	TRUE	Process completed successfully with valid output	2025/7/23 14:10
BR_Q9FT70.yaml	1184	28297	199	TRUE	Process completed successfully with valid output	2025/7/23 14:13
BR_Q7Y1C5.yaml	1185	20459	193.85	TRUE	Process completed successfully with valid output	2025/7/23 14:17
BR_F4HQ87.yaml	1186	28283	205.32	TRUE	Process completed successfully with valid output	2025/7/23 14:20
BR_F4I507.yaml	1187	28309	211.75	TRUE	Process completed successfully with valid output	2025/7/23 14:24
BR_F4K9W2.yaml	1188	19235	191.05	TRUE	Process completed successfully with valid output	2025/7/23 14:28
BR_Q7Y1C4.yaml	1189	19179	193.79	TRUE	Process completed successfully with valid output	2025/7/23 14:31
BR_Q9LK83.yaml	1190	17857	192.12	TRUE	Process completed successfully with valid output	2025/7/23 14:34
BR_P98204.yaml	1192	28545	205.05	TRUE	Process completed successfully with valid output	2025/7/23 14:38
BR_F4I9F1.yaml	1195	28575	211.55	TRUE	Process completed successfully with valid output	2025/7/23 14:42
BR_Q84TI3.yaml	1196	20881	191.73	TRUE	Process completed successfully with valid output	2025/7/23 14:45
BR_F4IDB4.yaml	1197	20807	197.44	TRUE	Process completed successfully with valid output	2025/7/23 14:48
BR_F4K5K6.yaml	1198	19439	193.71	TRUE	Process completed successfully with valid output	2025/7/23 14:52
BR_F4K0Y5.yaml	1199	28661	211.69	TRUE	Process completed successfully with valid output	2025/7/23 14:56
BR_Q9LHE9.yaml	1200	28793	201.42	TRUE	Process completed successfully with valid output	2025/7/23 14:59
BR_Q9FHI4.yaml	1201	20991	197.11	TRUE	Process completed successfully with valid output	2025/7/23 15:03
BR_Q38953.yaml	1202	28779	206.79	TRUE	Process completed successfully with valid output	2025/7/23 15:06
BR_F4HQ88.yaml	1203	28801	211.54	TRUE	Process completed successfully with valid output	2025/7/23 15:10
BR_Q5XPJ6.yaml	1204	20365	192.39	TRUE	Process completed successfully with valid output	2025/7/23 15:13
BR_B9DFG3.yaml	1205	28859	211.77	TRUE	Process completed successfully with valid output	2025/7/23 15:17
BR_O64474.yaml	1206	28869	209.47	TRUE	Process completed successfully with valid output	2025/7/23 15:21
BR_A0A1I9LSA7.yaml	1207	18135	189.88	TRUE	Process completed successfully with valid output	2025/7/23 15:24
BR_O65272.yaml	1208	29011	206.91	TRUE	Process completed successfully with valid output	2025/7/23 15:28
BR_A0A1P8BBA5.yaml	1209	28973	213.43	TRUE	Process completed successfully with valid output	2025/7/23 15:31
BR_Q9C5U2.yaml	1210	29003	208.97	TRUE	Process completed successfully with valid output	2025/7/23 15:35
BR_F4I366.yaml	1212	29159	208.72	TRUE	Process completed successfully with valid output	2025/7/23 15:39
BR_O65507.yaml	1213	29113	213.12	TRUE	Process completed successfully with valid output	2025/7/23 15:42
BR_Q8VYW7.yaml	1214	18443	193.97	TRUE	Process completed successfully with valid output	2025/7/23 15:46
BR_F4IUX6.yaml	1215	21845	202.76	TRUE	Process completed successfully with valid output	2025/7/23 15:49
BR_A0A1I9LLC5.yaml	1216	20021	187.94	TRUE	Process completed successfully with valid output	2025/7/23 15:53
BR_A0A1I9LPC5.yaml	1217	29231	215.07	TRUE	Process completed successfully with valid output	2025/7/23 15:56
BR_F4J9U2.yaml	1218	19971	196.55	TRUE	Process completed successfully with valid output	2025/7/23 16:00
BR_Q9FY61.yaml	1220	20107	195.97	TRUE	Process completed successfully with valid output	2025/7/23 16:03
BR_Q8RXA7.yaml	1221	29343	214.53	TRUE	Process completed successfully with valid output	2025/7/23 16:07
BR_P38420.yaml	1222	29397	212.45	TRUE	Process completed successfully with valid output	2025/7/23 16:11
BR_Q9LK90.yaml	1223	29433	216.46	TRUE	Process completed successfully with valid output	2025/7/23 16:15
BR_Q9FKB9.yaml	1224	29543	211.8	TRUE	Process completed successfully with valid output	2025/7/23 16:18
BR_B3H776.yaml	1225	29497	217.2	TRUE	Process completed successfully with valid output	2025/7/23 16:22
BR_Q9LYN8.yaml	1226	29481	212.27	TRUE	Process completed successfully with valid output	2025/7/23 16:26
BR_A0A1P8BET4.yaml	1227	18741	198.42	TRUE	Process completed successfully with valid output	2025/7/23 16:29
BR_F4IE60.yaml	1228	20345	196.64	TRUE	Process completed successfully with valid output	2025/7/23 16:33
BR_F4IMF2.yaml	1229	29613	215.16	TRUE	Process completed successfully with valid output	2025/7/23 16:36
BR_Q6ZY51.yaml	1230	29615	212.91	TRUE	Process completed successfully with valid output	2025/7/23 16:40
BR_F4KIF3.yaml	1231	29663	217.27	TRUE	Process completed successfully with valid output	2025/7/23 16:44
BR_F4IL68.yaml	1232	23377	196.91	TRUE	Process completed successfully with valid output	2025/7/23 16:47
BR_Q84R14.yaml	1233	20397	200.17	TRUE	Process completed successfully with valid output	2025/7/23 16:51
BR_Q9SX33.yaml	1234	29759	214.22	TRUE	Process completed successfully with valid output	2025/7/23 16:55
BR_P0CB16.yaml	1235	22387	205.93	TRUE	Process completed successfully with valid output	2025/7/23 16:58
BR_F4JTF6.yaml	1236	29953	216.18	TRUE	Process completed successfully with valid output	2025/7/23 17:02
BR_F4IBQ9.yaml	1237	29839	217.94	TRUE	Process completed successfully with valid output	2025/7/23 17:06
BR_Q56YN8.yaml	1238	29927	214.36	TRUE	Process completed successfully with valid output	2025/7/23 17:10
BR_Q9FL35.yaml	1239	29921	219.51	TRUE	Process completed successfully with valid output	2025/7/23 17:13
BR_Q9SLF3.yaml	1240	22031	204.4	TRUE	Process completed successfully with valid output	2025/7/23 17:17
BR_Q9SXL4.yaml	1241	29965	218.51	TRUE	Process completed successfully with valid output	2025/7/23 17:21
BR_A0A1P8BG67.yaml	1242	20677	199.54	TRUE	Process completed successfully with valid output	2025/7/23 17:24
BR_C0SUT9.yaml	1243	30035	217.5	TRUE	Process completed successfully with valid output	2025/7/23 17:28
BR_F4IAE9.yaml	1244	30131	213.42	TRUE	Process completed successfully with valid output	2025/7/23 17:32
BR_O64572.yaml	1245	20759	203.2	TRUE	Process completed successfully with valid output	2025/7/23 17:36
BR_A0A1P8B5T0.yaml	1247	30155	218.92	TRUE	Process completed successfully with valid output	2025/7/23 17:39
BR_P0DKL6.yaml	1248	22939	197.4	TRUE	Process completed successfully with valid output	2025/7/23 17:43
BR_P93750.yaml	1249	20877	203.31	TRUE	Process completed successfully with valid output	2025/7/23 17:46
BR_Q94A40.yaml	1250	27975	211.25	TRUE	Process completed successfully with valid output	2025/7/23 17:50
BR_O64728.yaml	1252	30405	216	TRUE	Process completed successfully with valid output	2025/7/23 17:54
BR_F4J361.yaml	1253	30381	219.82	TRUE	Process completed successfully with valid output	2025/7/23 17:58
BR_F4K0A6.yaml	1254	30395	217.83	TRUE	Process completed successfully with valid output	2025/7/23 18:01
BR_F4JJP1.yaml	1255	21091	205.02	TRUE	Process completed successfully with valid output	2025/7/23 18:05
BR_Q8VZC7.yaml	1256	21187	199.66	TRUE	Process completed successfully with valid output	2025/7/23 18:09
BR_Q9SRE1.yaml	1258	30503	216.09	TRUE	Process completed successfully with valid output	2025/7/23 18:12
BR_Q9LSJ5.yaml	1259	30523	221.52	TRUE	Process completed successfully with valid output	2025/7/23 18:16
BR_Q9SCZ2.yaml	1260	30691	216.03	TRUE	Process completed successfully with valid output	2025/7/23 18:20
BR_Q9LZQ4.yaml	1261	22803	206.97	TRUE	Process completed successfully with valid output	2025/7/23 18:24
BR_F4JKN4.yaml	1262	27827	211.93	TRUE	Process completed successfully with valid output	2025/7/23 18:27
BR_Q0WPW2.yaml	1263	30689	223.07	TRUE	Process completed successfully with valid output	2025/7/23 18:31
BR_Q9C6S1.yaml	1264	30811	208.17	TRUE	Process completed successfully with valid output	2025/7/23 18:35
BR_Q9FKE2.yaml	1265	30757	223.42	TRUE	Process completed successfully with valid output	2025/7/23 18:39
BR_A0A1P8ATM6.yaml	1266	22963	205.09	TRUE	Process completed successfully with valid output	2025/7/23 18:42
BR_Q9SW60.yaml	1268	30955	218.64	TRUE	Process completed successfully with valid output	2025/7/23 18:46
BR_F4HYG2.yaml	1269	30847	220.25	TRUE	Process completed successfully with valid output	2025/7/23 18:50
BR_Q9M0M2.yaml	1270	30867	218.09	TRUE	Process completed successfully with valid output	2025/7/23 18:54
BR_F4K5Y5.yaml	1271	23105	207.74	TRUE	Process completed successfully with valid output	2025/7/23 18:58
BR_F4I6S6.yaml	1273	19989	205.66	TRUE	Process completed successfully with valid output	2025/7/23 19:01
BR_Q9SLK6.yaml	1274	31041	218.66	TRUE	Process completed successfully with valid output	2025/7/23 19:05
BR_Q9LHK4.yaml	1275	31035	225.44	TRUE	Process completed successfully with valid output	2025/7/23 19:09
BR_Q9M2K0.yaml	1276	31183	220.9	TRUE	Process completed successfully with valid output	2025/7/23 19:13
BR_Q9LVK9.yaml	1277	31143	224.99	TRUE	Process completed successfully with valid output	2025/7/23 19:17
BR_A0A1P8B6A5.yaml	1278	31153	220.36	TRUE	Process completed successfully with valid output	2025/7/23 19:21
BR_F4JWL7.yaml	1279	31187	225.15	TRUE	Process completed successfully with valid output	2025/7/23 19:24
BR_F4HZ82.yaml	1280	31277	211.59	TRUE	Process completed successfully with valid output	2025/7/23 19:28
BR_F4HY32.yaml	1281	31243	226.13	TRUE	Process completed successfully with valid output	2025/7/23 19:32
BR_Q9SAJ2.yaml	1282	31257	223.72	TRUE	Process completed successfully with valid output	2025/7/23 19:36
BR_C0LGQ5.yaml	1283	31287	228.44	TRUE	Process completed successfully with valid output	2025/7/23 19:40
BR_Q9LJX0.yaml	1286	31379	223.88	TRUE	Process completed successfully with valid output	2025/7/23 19:44
BR_F4IV62.yaml	1287	21953	209.79	TRUE	Process completed successfully with valid output	2025/7/23 19:48
BR_F4IX22.yaml	1288	23415	211.68	TRUE	Process completed successfully with valid output	2025/7/23 19:51
BR_F4K2E9.yaml	1289	31505	229.42	TRUE	Process completed successfully with valid output	2025/7/23 19:55
BR_Q9M297.yaml	1290	31549	224.08	TRUE	Process completed successfully with valid output	2025/7/23 19:59
BR_O64768.yaml	1291	31549	229.04	TRUE	Process completed successfully with valid output	2025/7/23 20:03
BR_F4K0C4.yaml	1293	22189	212.08	TRUE	Process completed successfully with valid output	2025/7/23 20:07
BR_Q9FHN8.yaml	1294	31655	225.34	TRUE	Process completed successfully with valid output	2025/7/23 20:11
BR_F4KD45.yaml	1295	31693	230.3	TRUE	Process completed successfully with valid output	2025/7/23 20:15
BR_F4J1U4.yaml	1297	31753	230.2	TRUE	Process completed successfully with valid output	2025/7/23 20:19
BR_Q9FKP4.yaml	1298	31777	224.44	TRUE	Process completed successfully with valid output	2025/7/23 20:23
BR_Q9FIH8.yaml	1299	29497	222.94	TRUE	Process completed successfully with valid output	2025/7/23 20:27
BR_Q9LVN1.yaml	1300	31941	225.61	TRUE	Process completed successfully with valid output	2025/7/23 20:31
BR_F4I7D2.yaml	1303	31937	231.83	TRUE	Process completed successfully with valid output	2025/7/23 20:35
BR_F4JFS3.yaml	1304	24277	210.2	TRUE	Process completed successfully with valid output	2025/7/23 20:38
BR_D0EL35.yaml	1306	22531	210.59	TRUE	Process completed successfully with valid output	2025/7/23 20:42
BR_Q8LPK2.yaml	1307	32159	231.44	TRUE	Process completed successfully with valid output	2025/7/23 20:46
BR_F4IN69.yaml	1309	22719	213.63	TRUE	Process completed successfully with valid output	2025/7/23 20:50
BR_Q9FIY7.yaml	1311	32201	232.59	TRUE	Process completed successfully with valid output	2025/7/23 20:54
BR_F4HZ99.yaml	1312	22827	203.17	TRUE	Process completed successfully with valid output	2025/7/23 20:58
BR_F4IHU8.yaml	1314	24577	213.63	TRUE	Process completed successfully with valid output	2025/7/23 21:01
BR_Q5S2C3.yaml	1316	24709	215.67	TRUE	Process completed successfully with valid output	2025/7/23 21:05
BR_A0A1P8B7Z9.yaml	1318	24671	215.18	TRUE	Process completed successfully with valid output	2025/7/23 21:09
BR_F4IGA5.yaml	1319	22933	213.94	TRUE	Process completed successfully with valid output	2025/7/23 21:13
BR_Q9ZR72.yaml	1320	32585	227.24	TRUE	Process completed successfully with valid output	2025/7/23 21:16
BR_P0DKH5.yaml	1322	32579	231.84	TRUE	Process completed successfully with valid output	2025/7/23 21:21
BR_Q9SD34.yaml	1326	32771	230.64	TRUE	Process completed successfully with valid output	2025/7/23 21:25
BR_F4I420.yaml	1328	32859	222.3	TRUE	Process completed successfully with valid output	2025/7/23 21:28
BR_Q94F87.yaml	1329	32879	235.12	TRUE	Process completed successfully with valid output	2025/7/23 21:33
BR_Q9M1Q9.yaml	1330	32881	230.22	TRUE	Process completed successfully with valid output	2025/7/23 21:37
BR_F4JTN1.yaml	1331	32945	236.74	TRUE	Process completed successfully with valid output	2025/7/23 21:41
BR_Q9LZU7.yaml	1332	25237	215.4	TRUE	Process completed successfully with valid output	2025/7/23 21:44
BR_F4INY4.yaml	1333	32995	234.99	TRUE	Process completed successfully with valid output	2025/7/23 21:49
BR_F4K0J3.yaml	1334	33035	231.73	TRUE	Process completed successfully with valid output	2025/7/23 21:53
BR_A0A1I9LN87.yaml	1336	24577	218.39	TRUE	Process completed successfully with valid output	2025/7/23 21:56
BR_F4JFF2.yaml	1337	25293	221.39	TRUE	Process completed successfully with valid output	2025/7/23 22:00
BR_A0A1P8AT27.yaml	1340	33271	232.47	TRUE	Process completed successfully with valid output	2025/7/23 22:04
BR_Q9S7I0.yaml	1341	33271	235.41	TRUE	Process completed successfully with valid output	2025/7/23 22:08
BR_Q8RXC4.yaml	1342	25317	222.02	TRUE	Process completed successfully with valid output	2025/7/23 22:12
BR_F4HX15.yaml	1343	33531	233.08	TRUE	Process completed successfully with valid output	2025/7/23 22:16
BR_Q6Q4D0.yaml	1345	22053	220.39	TRUE	Process completed successfully with valid output	2025/7/23 22:20
BR_Q8L7Y8.yaml	1347	33461	238.89	TRUE	Process completed successfully with valid output	2025/7/23 22:24
BR_O24610.yaml	1348	24847	219.02	TRUE	Process completed successfully with valid output	2025/7/23 22:28
BR_O80560.yaml	1350	34567	232.09	TRUE	Process completed successfully with valid output	2025/7/23 22:32
BR_Q9FNA4.yaml	1353	24087	222.51	TRUE	Process completed successfully with valid output	2025/7/23 22:36
BR_F4J3N2.yaml	1354	33637	236.37	TRUE	Process completed successfully with valid output	2025/7/23 22:40
BR_Q7G192.yaml	1355	33733	240.06	TRUE	Process completed successfully with valid output	2025/7/23 22:44
BR_Q2QAV0.yaml	1356	33757	235.14	TRUE	Process completed successfully with valid output	2025/7/23 22:49
BR_O04716.yaml	1358	33833	236.81	TRUE	Process completed successfully with valid output	2025/7/23 22:53
BR_F4IVU7.yaml	1359	25747	227.09	TRUE	Process completed successfully with valid output	2025/7/23 22:57
BR_O04539.yaml	1360	27923	221.05	TRUE	Process completed successfully with valid output	2025/7/23 23:00
BR_O04251.yaml	1363	26251	227.52	TRUE	Process completed successfully with valid output	2025/7/23 23:04
BR_O48686.yaml	1364	28387	230.22	TRUE	Process completed successfully with valid output	2025/7/23 23:08
BR_A0A1P8ASY1.yaml	1365	34047	243.38	TRUE	Process completed successfully with valid output	2025/7/23 23:13
BR_Q9SR66.yaml	1366	32681	233.6	TRUE	Process completed successfully with valid output	2025/7/23 23:17
BR_F4ISU2.yaml	1367	24521	222.8	TRUE	Process completed successfully with valid output	2025/7/23 23:21
BR_F4I171.yaml	1369	26445	229.25	TRUE	Process completed successfully with valid output	2025/7/23 23:25
BR_Q9LZW9.yaml	1370	26985	229.95	TRUE	Process completed successfully with valid output	2025/7/23 23:29
BR_Q94FB9.yaml	1371	34983	241.16	TRUE	Process completed successfully with valid output	2025/7/23 23:33
BR_Q6BDA0.yaml	1374	34357	239.37	TRUE	Process completed successfully with valid output	2025/7/23 23:37
BR_A0A1P8AVJ4.yaml	1375	22925	224.13	TRUE	Process completed successfully with valid output	2025/7/23 23:41
BR_Q9FKN5.yaml	1376	24843	214.55	TRUE	Process completed successfully with valid output	2025/7/23 23:45
BR_Q93YQ1.yaml	1378	27423	231.55	TRUE	Process completed successfully with valid output	2025/7/23 23:49
BR_F4I8B9.yaml	1379	26805	226.61	TRUE	Process completed successfully with valid output	2025/7/23 23:53
BR_F4K518.yaml	1380	34559	237.86	TRUE	Process completed successfully with valid output	2025/7/23 23:57
BR_F4IZM8.yaml	1381	27833	236	TRUE	Process completed successfully with valid output	2025/7/24 0:01
BR_Q9FGK9.yaml	1384	26979	225.81	TRUE	Process completed successfully with valid output	2025/7/24 0:05
BR_F4JLI5.yaml	1387	34781	245.54	TRUE	Process completed successfully with valid output	2025/7/24 0:09
BR_Q9STM3.yaml	1394	35031	243.2	TRUE	Process completed successfully with valid output	2025/7/24 0:13
BR_Q8GUQ8.yaml	1395	35051	248.63	TRUE	Process completed successfully with valid output	2025/7/24 0:18
BR_F4HWC3.yaml	1398	25521	226.03	TRUE	Process completed successfully with valid output	2025/7/24 0:22
BR_F4JY37.yaml	1400	35245	239.71	TRUE	Process completed successfully with valid output	2025/7/24 0:26
BR_Q9FYH1.yaml	1401	35597	243.22	TRUE	Process completed successfully with valid output	2025/7/24 0:30
BR_Q9LJD8.yaml	1402	35269	244.51	TRUE	Process completed successfully with valid output	2025/7/24 0:34
BR_A0A1P8B6H3.yaml	1404	35397	242.31	TRUE	Process completed successfully with valid output	2025/7/24 0:39
BR_Q9FL92.yaml	1406	35441	245.25	TRUE	Process completed successfully with valid output	2025/7/24 0:43
BR_F4K2K3.yaml	1409	38125	251.45	TRUE	Process completed successfully with valid output	2025/7/24 0:47
BR_F4JXF9.yaml	1410	38471	247.28	TRUE	Process completed successfully with valid output	2025/7/24 0:52
BR_F4KIH8.yaml	1411	25923	233.79	TRUE	Process completed successfully with valid output	2025/7/24 0:56
BR_Q9M1I1.yaml	1412	38573	247.28	TRUE	Process completed successfully with valid output	2025/7/24 1:00
BR_Q84R20.yaml	1413	25989	234.58	TRUE	Process completed successfully with valid output	2025/7/24 1:04
BR_F4JVN6.yaml	1414	29781	241.96	TRUE	Process completed successfully with valid output	2025/7/24 1:08
BR_Q9FNB0.yaml	1415	38683	254.17	TRUE	Process completed successfully with valid output	2025/7/24 1:13
BR_O64827.yaml	1416	38725	246.52	TRUE	Process completed successfully with valid output	2025/7/24 1:17
BR_F4HR52.yaml	1418	38805	249.56	TRUE	Process completed successfully with valid output	2025/7/24 1:21
BR_A0A1P8B096.yaml	1420	38897	248.08	TRUE	Process completed successfully with valid output	2025/7/24 1:26
BR_Q3EBC8.yaml	1422	36387	246.78	TRUE	Process completed successfully with valid output	2025/7/24 1:30
BR_Q8LPF0.yaml	1424	28403	224.6	TRUE	Process completed successfully with valid output	2025/7/24 1:34
BR_Q9XER9.yaml	1426	29565	242.79	TRUE	Process completed successfully with valid output	2025/7/24 1:38
BR_F4IAP5.yaml	1427	39101	256.42	TRUE	Process completed successfully with valid output	2025/7/24 1:43
BR_F4HPZ9.yaml	1430	39257	252.2	TRUE	Process completed successfully with valid output	2025/7/24 1:47
BR_Q7PC83.yaml	1431	39285	258.39	TRUE	Process completed successfully with valid output	2025/7/24 1:51
BR_Q5XPJ9.yaml	1433	26651	239.27	TRUE	Process completed successfully with valid output	2025/7/24 1:56
BR_Q8GZ52.yaml	1434	39423	252.81	TRUE	Process completed successfully with valid output	2025/7/24 2:00
BR_F4IZK5.yaml	1437	29665	247.87	TRUE	Process completed successfully with valid output	2025/7/24 2:04
BR_Q9T0I1.yaml	1438	39571	252.99	TRUE	Process completed successfully with valid output	2025/7/24 2:09
BR_F4HZZ6.yaml	1439	24843	237.93	TRUE	Process completed successfully with valid output	2025/7/24 2:13
BR_Q8LPT1.yaml	1441	39671	259.18	TRUE	Process completed successfully with valid output	2025/7/24 2:17
BR_Q9M3B9.yaml	1442	39695	255.21	TRUE	Process completed successfully with valid output	2025/7/24 2:22
BR_Q9SKX0.yaml	1444	39799	255.01	TRUE	Process completed successfully with valid output	2025/7/24 2:26
BR_Q9SB63.yaml	1446	27067	238.23	TRUE	Process completed successfully with valid output	2025/7/24 2:30
BR_Q9ZUT8.yaml	1447	39927	261.21	TRUE	Process completed successfully with valid output	2025/7/24 2:35
BR_Q94A18.yaml	1450	40039	256.68	TRUE	Process completed successfully with valid output	2025/7/24 2:39
BR_Q9C6G0.yaml	1451	40089	261.88	TRUE	Process completed successfully with valid output	2025/7/24 2:44
BR_Q7PC85.yaml	1452	40127	258.18	TRUE	Process completed successfully with valid output	2025/7/24 2:48
BR_O81016.yaml	1454	40207	255.72	TRUE	Process completed successfully with valid output	2025/7/24 2:53
BR_F4KIY2.yaml	1455	39397	259.93	TRUE	Process completed successfully with valid output	2025/7/24 2:57
BR_F4JPR4.yaml	1456	29709	235.4	TRUE	Process completed successfully with valid output	2025/7/24 3:02
BR_F4K1J4.yaml	1457	40301	261.14	TRUE	Process completed successfully with valid output	2025/7/24 3:06
BR_Q9LRR5.yaml	1458	40327	258.41	TRUE	Process completed successfully with valid output	2025/7/24 3:11
BR_Q5S2C4.yaml	1459	25433	242.12	TRUE	Process completed successfully with valid output	2025/7/24 3:15
BR_Q7PC88.yaml	1460	40431	257.28	TRUE	Process completed successfully with valid output	2025/7/24 3:19
BR_F4JV81.yaml	1466	30301	246.7	TRUE	Process completed successfully with valid output	2025/7/24 3:24
BR_O23530.yaml	1471	40853	263.56	TRUE	Process completed successfully with valid output	2025/7/24 3:28
BR_Q8RWY6.yaml	1473	30147	250.11	TRUE	Process completed successfully with valid output	2025/7/24 3:33
BR_Q5G1S8.yaml	1474	28061	243.29	TRUE	Process completed successfully with valid output	2025/7/24 3:37
BR_Q7PC86.yaml	1476	41043	261.62	TRUE	Process completed successfully with valid output	2025/7/24 3:41
BR_Q9FLY5.yaml	1477	41089	265.69	TRUE	Process completed successfully with valid output	2025/7/24 3:46
BR_Q9LEY4.yaml	1479	30787	255.35	TRUE	Process completed successfully with valid output	2025/7/24 3:50
BR_Q9SUT4.yaml	1480	30417	245.2	TRUE	Process completed successfully with valid output	2025/7/24 3:55
BR_F4JNB7.yaml	1483	41345	268.89	TRUE	Process completed successfully with valid output	2025/7/24 3:59
BR_Q9LFH0.yaml	1484	41371	261.7	TRUE	Process completed successfully with valid output	2025/7/24 4:04
BR_Q42510.yaml	1485	41399	268.02	TRUE	Process completed successfully with valid output	2025/7/24 4:08
BR_Q9LYS2.yaml	1487	41469	269.83	TRUE	Process completed successfully with valid output	2025/7/24 4:13
BR_Q7PC84.yaml	1488	41539	252.64	TRUE	Process completed successfully with valid output	2025/7/24 4:18
BR_Q9ZT94.yaml	1490	41597	264.96	TRUE	Process completed successfully with valid output	2025/7/24 4:22
BR_F4I9Q5.yaml	1493	41739	269.63	TRUE	Process completed successfully with valid output	2025/7/24 4:27
BR_F4HXV6.yaml	1498	26651	248.08	TRUE	Process completed successfully with valid output	2025/7/24 4:31
BR_Q8GYU3.yaml	1499	28881	251.05	TRUE	Process completed successfully with valid output	2025/7/24 4:36
BR_Q8VZZ4.yaml	1500	41991	265.7	TRUE	Process completed successfully with valid output	2025/7/24 4:40
BR_Q9M033.yaml	1501	30079	253.12	TRUE	Process completed successfully with valid output	2025/7/24 4:45
BR_Q9XIE2.yaml	1503	42109	272.98	TRUE	Process completed successfully with valid output	2025/7/24 4:49
BR_F4K4R1.yaml	1504	29085	235.45	TRUE	Process completed successfully with valid output	2025/7/24 4:53
BR_P30182.yaml	1507	42285	272.01	TRUE	Process completed successfully with valid output	2025/7/24 4:58
BR_B7SY83.yaml	1511	42407	272.42	TRUE	Process completed successfully with valid output	2025/7/24 5:03
BR_Q9ATY5.yaml	1513	42507	274.55	TRUE	Process completed successfully with valid output	2025/7/24 5:08
BR_Q9LIE8.yaml	1514	30973	255.55	TRUE	Process completed successfully with valid output	2025/7/24 5:12
BR_F4JH01.yaml	1515	31771	260.25	TRUE	Process completed successfully with valid output	2025/7/24 5:17
BR_F4JIJ1.yaml	1518	29573	251.9	TRUE	Process completed successfully with valid output	2025/7/24 5:21
BR_A0A1P8BH59.yaml	1522	27469	253.66	TRUE	Process completed successfully with valid output	2025/7/24 5:25
BR_F4HSW8.yaml	1526	31971	259.7	TRUE	Process completed successfully with valid output	2025/7/24 5:30
BR_F4JW79.yaml	1527	29851	257.56	TRUE	Process completed successfully with valid output	2025/7/24 5:34
BR_Q9M0E5.yaml	1528	32279	255.21	TRUE	Process completed successfully with valid output	2025/7/24 5:39
BR_F4I983.yaml	1529	31779	266.98	TRUE	Process completed successfully with valid output	2025/7/24 5:43
BR_F4I460.yaml	1534	43355	274.2	TRUE	Process completed successfully with valid output	2025/7/24 5:48
BR_Q9SD86.yaml	1535	30141	256.74	TRUE	Process completed successfully with valid output	2025/7/24 5:53
BR_Q9LYZ7.yaml	1536	43401	261.07	TRUE	Process completed successfully with valid output	2025/7/24 5:57
BR_O81283.yaml	1537	34997	275.26	TRUE	Process completed successfully with valid output	2025/7/24 6:02
BR_Q9LY06.yaml	1538	27805	252.16	TRUE	Process completed successfully with valid output	2025/7/24 6:06
BR_Q9LKB9.yaml	1539	43571	283.33	TRUE	Process completed successfully with valid output	2025/7/24 6:11
BR_Q9M1C7.yaml	1540	43703	275.76	TRUE	Process completed successfully with valid output	2025/7/24 6:16
BR_Q8RXS6.yaml	1541	43649	283.4	TRUE	Process completed successfully with valid output	2025/7/24 6:21
BR_Q8L5Y4.yaml	1543	43739	281.71	TRUE	Process completed successfully with valid output	2025/7/24 6:26
BR_Q9M0S8.yaml	1546	43843	277.11	TRUE	Process completed successfully with valid output	2025/7/24 6:31
BR_Q7GB25.yaml	1548	44019	276.93	TRUE	Process completed successfully with valid output	2025/7/24 6:35
BR_Q7DM58.yaml	1550	43993	279.85	TRUE	Process completed successfully with valid output	2025/7/24 6:40
BR_O23273.yaml	1553	44129	284.92	TRUE	Process completed successfully with valid output	2025/7/24 6:45
BR_Q39160.yaml	1554	44181	279.31	TRUE	Process completed successfully with valid output	2025/7/24 6:50
BR_Q0WPU1.yaml	1556	44361	276.7	TRUE	Process completed successfully with valid output	2025/7/24 6:55
BR_Q9FHA3.yaml	1558	42673	276.94	TRUE	Process completed successfully with valid output	2025/7/24 7:00
BR_Q9FF08.yaml	1560	31135	256.3	TRUE	Process completed successfully with valid output	2025/7/24 7:04
BR_F4HWY6.yaml	1563	44545	287.39	TRUE	Process completed successfully with valid output	2025/7/24 7:09
BR_A0A178W3E8.yaml	1564	34501	270.7	TRUE	Process completed successfully with valid output	2025/7/24 7:14
BR_F4K5J1.yaml	1565	44605	288.47	TRUE	Process completed successfully with valid output	2025/7/24 7:19
BR_Q9SRD9.yaml	1566	31249	259.92	TRUE	Process completed successfully with valid output	2025/7/24 7:23
BR_P34881.yaml	1568	44837	267.31	TRUE	Process completed successfully with valid output	2025/7/24 7:28
BR_Q9LXZ9.yaml	1569	31427	267.42	TRUE	Process completed successfully with valid output	2025/7/24 7:33
BR_F4HXP9.yaml	1572	45021	283.45	TRUE	Process completed successfully with valid output	2025/7/24 7:38
BR_Q9LZJ5.yaml	1573	44941	290.46	TRUE	Process completed successfully with valid output	2025/7/24 7:43
BR_F4JV27.yaml	1574	34639	272.08	TRUE	Process completed successfully with valid output	2025/7/24 7:47
BR_Q94KE2.yaml	1584	31977	248.63	TRUE	Process completed successfully with valid output	2025/7/24 7:52
BR_F4IRU3.yaml	1590	45651	287.58	TRUE	Process completed successfully with valid output	2025/7/24 7:57
BR_F4KBB1.yaml	1600	46143	272.6	TRUE	Process completed successfully with valid output	2025/7/24 8:01
BR_F4JCR1.yaml	1602	34063	278.36	TRUE	Process completed successfully with valid output	2025/7/24 8:06
BR_F4IDQ6.yaml	1610	46445	291.38	TRUE	Process completed successfully with valid output	2025/7/24 8:11
BR_Q9LXW7.yaml	1614	36503	283.4	TRUE	Process completed successfully with valid output	2025/7/24 8:16
BR_F4JZY1.yaml	1620	33383	274.11	TRUE	Process completed successfully with valid output	2025/7/24 8:21
BR_A0A1P8B0L2.yaml	1626	33469	274.52	TRUE	Process completed successfully with valid output	2025/7/24 8:26
BR_F4KG50.yaml	1628	33671	272.99	TRUE	Process completed successfully with valid output	2025/7/24 8:30
BR_F4KFS5.yaml	1632	35163	261.63	TRUE	Process completed successfully with valid output	2025/7/24 8:35
BR_F4K0Y2.yaml	1636	47667	295.78	TRUE	Process completed successfully with valid output	2025/7/24 8:40
BR_B6EUB3.yaml	1639	39013	297.84	TRUE	Process completed successfully with valid output	2025/7/24 8:45
BR_O65506.yaml	1641	47783	307.15	TRUE	Process completed successfully with valid output	2025/7/24 8:50
BR_F4HZK4.yaml	1642	36789	283.59	TRUE	Process completed successfully with valid output	2025/7/24 8:55
BR_A0A1I9LTA1.yaml	1646	36999	287.88	TRUE	Process completed successfully with valid output	2025/7/24 9:00
BR_Q0WL80.yaml	1647	37207	294.59	TRUE	Process completed successfully with valid output	2025/7/24 9:05
BR_F4J0P2.yaml	1648	34409	262.72	TRUE	Process completed successfully with valid output	2025/7/24 9:10
BR_F4I4P3.yaml	1649	31671	282.1	TRUE	Process completed successfully with valid output	2025/7/24 9:15
BR_Q9ZNZ7.yaml	1656	48479	297.79	TRUE	Process completed successfully with valid output	2025/7/24 9:20
BR_Q42093.yaml	1657	48455	307.41	TRUE	Process completed successfully with valid output	2025/7/24 9:25
BR_Q9FY48.yaml	1659	37467	290.73	TRUE	Process completed successfully with valid output	2025/7/24 9:30
BR_F4JLS1.yaml	1662	48643	302.13	TRUE	Process completed successfully with valid output	2025/7/24 9:36
BR_Q9T0P4.yaml	1663	48671	307.86	TRUE	Process completed successfully with valid output	2025/7/24 9:41
BR_Q7XZU0.yaml	1664	48595	285.3	TRUE	Process completed successfully with valid output	2025/7/24 9:46
BR_F4JY12.yaml	1673	48947	315.29	TRUE	Process completed successfully with valid output	2025/7/24 9:51
BR_A8MS85.yaml	1681	38013	303.03	TRUE	Process completed successfully with valid output	2025/7/24 9:57
BR_Q9SSJ8.yaml	1682	49511	310.05	TRUE	Process completed successfully with valid output	2025/7/24 10:02
BR_Q9FLQ7.yaml	1683	49521	316.77	TRUE	Process completed successfully with valid output	2025/7/24 10:07
BR_F4J6V1.yaml	1690	41187	306.71	TRUE	Process completed successfully with valid output	2025/7/24 10:13
BR_F4K5S0.yaml	1692	36123	292.76	TRUE	Process completed successfully with valid output	2025/7/24 10:18
BR_F4II36.yaml	1698	50191	313.35	TRUE	Process completed successfully with valid output	2025/7/24 10:23
BR_Q9SVY0.yaml	1704	50455	311.61	TRUE	Process completed successfully with valid output	2025/7/24 10:29
BR_A0A178VY62.yaml	1708	39561	299.76	TRUE	Process completed successfully with valid output	2025/7/24 10:34
BR_F4K639.yaml	1711	39719	309.28	TRUE	Process completed successfully with valid output	2025/7/24 10:39
BR_Q9FFF9.yaml	1712	39729	283.59	TRUE	Process completed successfully with valid output	2025/7/24 10:44
BR_F4JSZ5.yaml	1721	51187	327.43	TRUE	Process completed successfully with valid output	2025/7/24 10:50
BR_Q9FFH1.yaml	1728	51499	301.69	TRUE	Process completed successfully with valid output	2025/7/24 10:55
BR_P0C945.yaml	1730	37437	299.15	TRUE	Process completed successfully with valid output	2025/7/24 11:00
BR_Q9C5X9.yaml	1731	51643	330.8	TRUE	Process completed successfully with valid output	2025/7/24 11:06
BR_P84634.yaml	1736	43375	315.05	TRUE	Process completed successfully with valid output	2025/7/24 11:11
BR_Q9SR02.yaml	1737	37747	307.91	TRUE	Process completed successfully with valid output	2025/7/24 11:16
BR_Q0WNJ6.yaml	1739	42421	325.16	TRUE	Process completed successfully with valid output	2025/7/24 11:22
BR_Q9FWQ5.yaml	1740	52025	323.97	TRUE	Process completed successfully with valid output	2025/7/24 11:28
BR_F4IIU4.yaml	1742	40995	309.15	TRUE	Process completed successfully with valid output	2025/7/24 11:33
BR_F4JIF4.yaml	1744	41147	294.18	TRUE	Process completed successfully with valid output	2025/7/24 11:38
BR_Q9FMM3.yaml	1748	40975	314.12	TRUE	Process completed successfully with valid output	2025/7/24 11:44
BR_Q15KI9.yaml	1749	52427	334.35	TRUE	Process completed successfully with valid output	2025/7/24 11:49
BR_F4IP13.yaml	1750	35307	306.36	TRUE	Process completed successfully with valid output	2025/7/24 11:55
BR_F4IV99.yaml	1758	52867	329.37	TRUE	Process completed successfully with valid output	2025/7/24 12:00
BR_Q76E23.yaml	1761	52925	339.11	TRUE	Process completed successfully with valid output	2025/7/24 12:06
BR_Q9LUI2.yaml	1762	41911	316.04	TRUE	Process completed successfully with valid output	2025/7/24 12:12
BR_F4I5Q6.yaml	1764	53115	331.88	TRUE	Process completed successfully with valid output	2025/7/24 12:17
BR_F4HZB5.yaml	1767	42153	323.43	TRUE	Process completed successfully with valid output	2025/7/24 12:23
BR_F4IXW2.yaml	1773	53477	344.25	TRUE	Process completed successfully with valid output	2025/7/24 12:29
BR_F4JT82.yaml	1778	53737	334.1	TRUE	Process completed successfully with valid output	2025/7/24 12:35
BR_Q9LPC5.yaml	1784	54101	331.77	TRUE	Process completed successfully with valid output	2025/7/24 12:40
BR_Q0WUR5.yaml	1791	54307	349.16	TRUE	Process completed successfully with valid output	2025/7/24 12:46
BR_Q2LAE1.yaml	1793	54389	350.03	TRUE	Process completed successfully with valid output	2025/7/24 12:52
BR_F4I9A2.yaml	1801	37203	326.19	TRUE	Process completed successfully with valid output	2025/7/24 12:58
BR_Q9S9U0.yaml	1802	44821	335.95	TRUE	Process completed successfully with valid output	2025/7/24 13:04
BR_F4IVR7.yaml	1804	54921	343.56	TRUE	Process completed successfully with valid output	2025/7/24 13:10
BR_Q9SIV5.yaml	1807	55017	354.37	TRUE	Process completed successfully with valid output	2025/7/24 13:16
BR_F4KGU4.yaml	1809	55129	355.95	TRUE	Process completed successfully with valid output	2025/7/24 13:22
BR_Q9ZT82.yaml	1814	45393	338.7	TRUE	Process completed successfully with valid output	2025/7/24 13:28
BR_P56785.yaml	1820	43873	334.78	TRUE	Process completed successfully with valid output	2025/7/24 13:33
BR_P0CE10.yaml	1821	55675	358.29	TRUE	Process completed successfully with valid output	2025/7/24 13:40
BR_Q9LUM0.yaml	1825	55861	359.39	TRUE	Process completed successfully with valid output	2025/7/24 13:46
BR_Q9LZX8.yaml	1827	55927	359.73	TRUE	Process completed successfully with valid output	2025/7/24 13:52
BR_F4HS99.yaml	1831	44991	340.16	TRUE	Process completed successfully with valid output	2025/7/24 13:58
BR_F4JC97.yaml	1845	42287	337.82	TRUE	Process completed successfully with valid output	2025/7/24 14:04
BR_F4JKH6.yaml	1853	46041	345.66	TRUE	Process completed successfully with valid output	2025/7/24 14:10
BR_F4IAT2.yaml	1857	46271	353.38	TRUE	Process completed successfully with valid output	2025/7/24 14:16
BR_Q9FM57.yaml	1860	42877	333.95	TRUE	Process completed successfully with valid output	2025/7/24 14:21
BR_F4JP86.yaml	1862	54669	357.71	TRUE	Process completed successfully with valid output	2025/7/24 14:28
BR_Q8SAB7.yaml	1864	43133	334.74	TRUE	Process completed successfully with valid output	2025/7/24 14:33
BR_F4KBW6.yaml	1872	39989	315.17	TRUE	Process completed successfully with valid output	2025/7/24 14:39
BR_P18616.yaml	1873	58065	374.48	TRUE	Process completed successfully with valid output	2025/7/24 14:45
BR_Q7XZF5.yaml	1875	43527	345.08	TRUE	Process completed successfully with valid output	2025/7/24 14:51
BR_F4I7J9.yaml	1878	43703	341.48	TRUE	Process completed successfully with valid output	2025/7/24 14:57
BR_A5HEI1.yaml	1880	49145	351.3	TRUE	Process completed successfully with valid output	2025/7/24 15:03
BR_F4JV59.yaml	1897	44523	350.44	TRUE	Process completed successfully with valid output	2025/7/24 15:09
BR_Q9LTG5.yaml	1905	49405	370.79	TRUE	Process completed successfully with valid output	2025/7/24 15:16
BR_Q9FGI1.yaml	1907	57731	381.96	TRUE	Process completed successfully with valid output	2025/7/24 15:22
BR_Q84M24.yaml	1916	58153	372.24	TRUE	Process completed successfully with valid output	2025/7/24 15:28
BR_Q9M086.yaml	1917	49013	361.22	TRUE	Process completed successfully with valid output	2025/7/24 15:35
BR_A0A1P8B118.yaml	1922	49245	357.03	TRUE	Process completed successfully with valid output	2025/7/24 15:41
BR_Q9SFU6.yaml	1924	50929	370.12	TRUE	Process completed successfully with valid output	2025/7/24 15:47
BR_F8S296.yaml	1926	49459	360.23	TRUE	Process completed successfully with valid output	2025/7/24 15:53
BR_Q9SZ67.yaml	1929	58751	392.19	TRUE	Process completed successfully with valid output	2025/7/24 16:00
BR_Q9M305.yaml	1933	50531	380.96	TRUE	Process completed successfully with valid output	2025/7/24 16:07
BR_Q9SJM0.yaml	1938	51583	373.62	TRUE	Process completed successfully with valid output	2025/7/24 16:13
BR_F4J7T2.yaml	1941	50165	376.22	TRUE	Process completed successfully with valid output	2025/7/24 16:19
BR_Q9SP32.yaml	1943	54583	391.9	TRUE	Process completed successfully with valid output	2025/7/24 16:26
BR_F4JHM9.yaml	1947	50557	374.52	TRUE	Process completed successfully with valid output	2025/7/24 16:33
BR_Q8LRK9.yaml	1953	59913	395.09	TRUE	Process completed successfully with valid output	2025/7/24 16:39
BR_F4J8K6.yaml	1954	55093	384.34	TRUE	Process completed successfully with valid output	2025/7/24 16:46
BR_Q9LYS6.yaml	1955	52161	386.27	TRUE	Process completed successfully with valid output	2025/7/24 16:53
BR_Q3B724.yaml	1957	51999	387.34	TRUE	Process completed successfully with valid output	2025/7/24 16:59
BR_F4JD14.yaml	1975	54537	394.77	TRUE	Process completed successfully with valid output	2025/7/24 17:06
BR_A0A1P8AQG9.yaml	1982	51679	379.68	TRUE	Process completed successfully with valid output	2025/7/24 17:13
BR_Q9AUE0.yaml	1984	54001	360.05	TRUE	Process completed successfully with valid output	2025/7/24 17:19
BR_Q9LXT9.yaml	1989	53525	398.5	TRUE	Process completed successfully with valid output	2025/7/24 17:26
BR_F4J7T3.yaml	1991	52647	387.65	TRUE	Process completed successfully with valid output	2025/7/24 17:32
BR_Q9SHJ3.yaml	1992	53657	383.47	TRUE	Process completed successfully with valid output	2025/7/24 17:39
BR_Q9LIM2.yaml	1998	59999	398.87	TRUE	Process completed successfully with valid output	2025/7/24 17:46
BR_F4JUG3.yaml	1999	45181	381.12	TRUE	Process completed successfully with valid output	2025/7/24 17:52
BR_Q9LUD7.yaml	2010	54339	390.09	TRUE	Process completed successfully with valid output	2025/7/24 17:59
BR_Q94FN2.yaml	2012	53739	379.39	TRUE	Process completed successfully with valid output	2025/7/24 18:05
BR_Q8LK56.yaml	2021	55243	406.96	TRUE	Process completed successfully with valid output	2025/7/24 18:12
BR_F4HZS8.yaml	2033	50711	389.03	TRUE	Process completed successfully with valid output	2025/7/24 18:19
BR_Q9M658.yaml	2035	50769	390.66	TRUE	Process completed successfully with valid output	2025/7/24 18:26
BR_F4KCC2.yaml	2040	55221	386.35	TRUE	Process completed successfully with valid output	2025/7/24 18:32
BR_F4JPJ1.yaml	2043	51141	388.57	TRUE	Process completed successfully with valid output	2025/7/24 18:39
BR_Q5XPK0.yaml	2062	52081	384.28	TRUE	Process completed successfully with valid output	2025/7/24 18:46
BR_F4JP43.yaml	2071	52559	393.86	TRUE	Process completed successfully with valid output	2025/7/24 18:52
BR_B5BT18.yaml	2079	61967	424.88	TRUE	Process completed successfully with valid output	2025/7/24 19:00
BR_Q7X9V2.yaml	2089	62521	430.01	TRUE	Process completed successfully with valid output	2025/7/24 19:07
BR_Q27IK7.yaml	2100	63055	417.76	TRUE	Process completed successfully with valid output	2025/7/24 19:14
BR_Q9LH98.yaml	2115	54711	403.03	TRUE	Process completed successfully with valid output	2025/7/24 19:21
BR_A4GSN8.yaml	2127	55365	408.94	TRUE	Process completed successfully with valid output	2025/7/24 19:28
BR_Q9C6Y4.yaml	2148	60933	410.76	TRUE	Process completed successfully with valid output	2025/7/24 19:35
BR_F4JFA0.yaml	2164	57213	408.66	TRUE	Process completed successfully with valid output	2025/7/24 19:42
BR_F4I718.yaml	2170	62113	419.93	TRUE	Process completed successfully with valid output	2025/7/24 19:49
BR_F4J8G7.yaml	2172	52931	409.97	TRUE	Process completed successfully with valid output	2025/7/24 19:56
BR_F4IIM1.yaml	2184	62867	416.77	TRUE	Process completed successfully with valid output	2025/7/24 20:04
BR_Q8RVL2.yaml	2185	67203	463.09	TRUE	Process completed successfully with valid output	2025/7/24 20:11
BR_F4KB73.yaml	2187	53691	430.04	TRUE	Process completed successfully with valid output	2025/7/24 20:19
BR_Q588V7.yaml	2188	67339	443.49	TRUE	Process completed successfully with valid output	2025/7/24 20:26
BR_Q9FNQ1.yaml	2191	67545	465.07	TRUE	Process completed successfully with valid output	2025/7/24 20:34
BR_A0A1I9LPZ1.yaml	2194	58647	417.89	TRUE	Process completed successfully with valid output	2025/7/24 20:41
BR_F4HW04.yaml	2195	63183	452.17	TRUE	Process completed successfully with valid output	2025/7/24 20:49
BR_F4ISL7.yaml	2200	54265	415.55	TRUE	Process completed successfully with valid output	2025/7/24 20:56
BR_Q9SYP1.yaml	2205	68317	469.07	TRUE	Process completed successfully with valid output	2025/7/24 21:04
BR_O48534.yaml	2206	68369	454.21	TRUE	Process completed successfully with valid output	2025/7/24 21:12
BR_Q9SGH2.yaml	2210	68501	455.27	TRUE	Process completed successfully with valid output	2025/7/24 21:20
BR_Q5IBC5.yaml	2214	64629	433.04	TRUE	Process completed successfully with valid output	2025/7/24 21:27
BR_Q6EVK6.yaml	2227	69423	476.24	TRUE	Process completed successfully with valid output	2025/7/24 21:35
BR_Q9C8Z4.yaml	2231	60621	447.46	TRUE	Process completed successfully with valid output	2025/7/24 21:43
BR_Q9LV03.yaml	2242	70193	469.68	TRUE	Process completed successfully with valid output	2025/7/24 21:51
BR_F4HRS2.yaml	2256	61863	414.93	TRUE	Process completed successfully with valid output	2025/7/24 21:58
BR_F4KBP5.yaml	2257	71037	487.19	TRUE	Process completed successfully with valid output	2025/7/24 22:06
BR_A0A1P8AT95.yaml	2260	71219	468.61	TRUE	Process completed successfully with valid output	2025/7/24 22:14
BR_H3K2Y6.yaml	2269	62529	455.43	TRUE	Process completed successfully with valid output	2025/7/24 22:22
BR_Q38970.yaml	2288	72735	452.41	TRUE	Process completed successfully with valid output	2025/7/24 22:30
BR_P56786.yaml	2328	68587	463.77	TRUE	Process completed successfully with valid output	2025/7/24 22:38
BR_O23372.yaml	2369	77303	530.09	TRUE	Process completed successfully with valid output	2025/7/24 22:47
BR_F4I1L3.yaml	2389	78355	537.67	TRUE	Process completed successfully with valid output	2025/7/24 22:56
BR_Q9SSD2.yaml	2393	75201	519.07	TRUE	Process completed successfully with valid output	2025/7/24 23:05
BR_Q9FIN7.yaml	2410	64523	493.18	TRUE	Process completed successfully with valid output	2025/7/24 23:13
BR_F4IBR2.yaml	2435	65815	514.43	TRUE	Process completed successfully with valid output	2025/7/24 23:22
BR_F4HVV6.yaml	2465	77503	551.62	TRUE	Process completed successfully with valid output	2025/7/24 23:31
BR_F4IN58.yaml	2496	75229	494.21	TRUE	Process completed successfully with valid output	2025/7/24 23:40
BR_Q9FR53.yaml	2515	76401	590.81	TRUE	Process completed successfully with valid output	2025/7/24 23:50
BR_F4ISN0.yaml	2521	70307	545.68	TRUE	Process completed successfully with valid output	2025/7/24 23:59
BR_F4IJ68.yaml	2547	74915	571.1	TRUE	Process completed successfully with valid output	2025/7/25 0:09
BR_F4IVL6.yaml	2588	80169	596.16	TRUE	Process completed successfully with valid output	2025/7/25 0:19
BR_F4JVU5.yaml	2608	75041	532.62	TRUE	Process completed successfully with valid output	2025/7/25 0:28
BR_Q6IMT0.yaml	2621	75775	589.36	TRUE	Process completed successfully with valid output	2025/7/25 0:38
BR_Q6IMT1.yaml	2637	76683	598.16	TRUE	Process completed successfully with valid output	2025/7/25 0:48
BR_F4I9T0.yaml	2638	80863	622.16	TRUE	Process completed successfully with valid output	2025/7/25 0:59
BR_A0A1P8B4E4.yaml	2658	77929	594.63	TRUE	Process completed successfully with valid output	2025/7/25 1:09
BR_F4I893.yaml	2730	77041	650.14	TRUE	Process completed successfully with valid output	2025/7/25 1:20
BR_Q9FKS4.yaml	2736	77535	609.49	TRUE	Process completed successfully with valid output	2025/7/25 1:30
BR_F4JTS8.yaml	2763	79939	698.86	TRUE	Process completed successfully with valid output	2025/7/25 1:42
BR_F4JSP7.yaml	2764	73079	633.83	TRUE	Process completed successfully with valid output	2025/7/25 1:53
BR_Q27IK6.yaml	2805	80835	722.05	TRUE	Process completed successfully with valid output	2025/7/25 2:05
BR_F4KHD5.yaml	2923	80871	727.37	TRUE	Process completed successfully with valid output	2025/7/25 2:17
