yaml_file	total_tokens	protein_length	rna_length	dna_length	ligand_count	elapsed_seconds	memory_used_mb	memory_total_mb	memory_percent	gpu_util	temperature	success	job_runtime_seconds
gr24_A0A1I9LPH3.yaml	50	50	0	0	1	0.0	0	81920	0.0	0	29	False	11.05
gr24_A0A1I9LPH3.yaml	50	50	0	0	1	0.532	0	81920	0.0	0	30	False	11.05
gr24_A0A1I9LPH3.yaml	50	50	0	0	1	1.06	0	81920	0.0	0	31	False	11.05
gr24_A0A1I9LPH3.yaml	50	50	0	0	1	1.587	0	81920	0.0	0	31	False	11.05
gr24_A0A1I9LPH3.yaml	50	50	0	0	1	2.114	0	81920	0.0	0	30	False	11.05
gr24_A0A1I9LPH3.yaml	50	50	0	0	1	2.646	0	81920	0.0	0	30	False	11.05
gr24_A0A1I9LPH3.yaml	50	50	0	0	1	3.175	0	81920	0.0	0	30	False	11.05
gr24_A0A1I9LPH3.yaml	50	50	0	0	1	3.697	0	81920	0.0	0	29	False	11.05
gr24_A0A1I9LPH3.yaml	50	50	0	0	1	4.219	0	81920	0.0	0	29	False	11.05
gr24_A0A1I9LPH3.yaml	50	50	0	0	1	4.744	0	81920	0.0	0	29	False	11.05
gr24_A0A1I9LPH3.yaml	50	50	0	0	1	5.271	0	81920	0.0	0	29	False	11.05
gr24_A0A1I9LPH3.yaml	50	50	0	0	1	5.8	0	81920	0.0	0	29	False	11.05
gr24_A0A1I9LPH3.yaml	50	50	0	0	1	6.323	0	81920	0.0	0	29	False	11.05
gr24_A0A1I9LPH3.yaml	50	50	0	0	1	6.849	0	81920	0.0	0	29	False	11.05
gr24_A0A1I9LPH3.yaml	50	50	0	0	1	7.377	0	81920	0.0	0	29	False	11.05
gr24_A0A1I9LPH3.yaml	50	50	0	0	1	7.908	0	81920	0.0	0	29	False	11.05
gr24_A0A1I9LPH3.yaml	50	50	0	0	1	8.436	0	81920	0.0	0	29	False	11.05
gr24_A0A1I9LPH3.yaml	50	50	0	0	1	8.966	0	81920	0.0	0	29	False	11.05
gr24_A0A1I9LPH3.yaml	50	50	0	0	1	9.495	0	81920	0.0	0	29	False	11.05
gr24_A0A1I9LPH3.yaml	50	50	0	0	1	10.028	0	81920	0.0	0	29	False	11.05
gr24_A0A1I9LPH3.yaml	50	50	0	0	1	10.556	0	81920	0.0	0	29	False	11.05
gr24_Q3E870.yaml	100	100	0	0	1	0.0	0	81920	0.0	0	29	False	10.80
gr24_Q3E870.yaml	100	100	0	0	1	0.524	0	81920	0.0	0	29	False	10.80
gr24_Q3E870.yaml	100	100	0	0	1	1.052	0	81920	0.0	0	29	False	10.80
gr24_Q3E870.yaml	100	100	0	0	1	1.582	0	81920	0.0	0	29	False	10.80
gr24_Q3E870.yaml	100	100	0	0	1	2.113	0	81920	0.0	0	29	False	10.80
gr24_Q3E870.yaml	100	100	0	0	1	2.641	0	81920	0.0	0	29	False	10.80
gr24_Q3E870.yaml	100	100	0	0	1	3.17	0	81920	0.0	0	29	False	10.80
gr24_Q3E870.yaml	100	100	0	0	1	3.692	0	81920	0.0	0	29	False	10.80
gr24_Q3E870.yaml	100	100	0	0	1	4.22	0	81920	0.0	0	29	False	10.80
gr24_Q3E870.yaml	100	100	0	0	1	4.752	0	81920	0.0	0	29	False	10.80
gr24_Q3E870.yaml	100	100	0	0	1	5.283	0	81920	0.0	0	29	False	10.80
gr24_Q3E870.yaml	100	100	0	0	1	5.816	0	81920	0.0	0	29	False	10.80
gr24_Q3E870.yaml	100	100	0	0	1	6.339	0	81920	0.0	0	29	False	10.80
gr24_Q3E870.yaml	100	100	0	0	1	6.861	0	81920	0.0	0	29	False	10.80
gr24_Q3E870.yaml	100	100	0	0	1	7.385	0	81920	0.0	0	29	False	10.80
gr24_Q3E870.yaml	100	100	0	0	1	7.913	0	81920	0.0	0	29	False	10.80
gr24_Q3E870.yaml	100	100	0	0	1	8.444	0	81920	0.0	0	29	False	10.80
gr24_Q3E870.yaml	100	100	0	0	1	8.975	0	81920	0.0	0	29	False	10.80
gr24_Q3E870.yaml	100	100	0	0	1	9.505	0	81920	0.0	0	29	False	10.80
gr24_Q3E870.yaml	100	100	0	0	1	10.035	0	81920	0.0	0	29	False	10.80
gr24_Q3E870.yaml	100	100	0	0	1	10.561	0	81920	0.0	0	29	False	10.80
gr24_A0A1I9LPH3.yaml	50	50	0	0	1	0.0	0	81920	0.0	0	31	True	46.10
gr24_A0A1I9LPH3.yaml	50	50	0	0	1	0.529	0	81920	0.0	0	32	True	46.10
gr24_A0A1I9LPH3.yaml	50	50	0	0	1	1.059	0	81920	0.0	0	33	True	46.10
gr24_A0A1I9LPH3.yaml	50	50	0	0	1	1.591	0	81920	0.0	0	33	True	46.10
gr24_A0A1I9LPH3.yaml	50	50	0	0	1	2.12	0	81920	0.0	0	32	True	46.10
gr24_A0A1I9LPH3.yaml	50	50	0	0	1	2.652	0	81920	0.0	0	32	True	46.10
gr24_A0A1I9LPH3.yaml	50	50	0	0	1	3.18	0	81920	0.0	0	31	True	46.10
gr24_A0A1I9LPH3.yaml	50	50	0	0	1	3.702	0	81920	0.0	0	31	True	46.10
gr24_A0A1I9LPH3.yaml	50	50	0	0	1	4.225	0	81920	0.0	0	31	True	46.10
gr24_A0A1I9LPH3.yaml	50	50	0	0	1	4.75	0	81920	0.0	0	31	True	46.10
gr24_A0A1I9LPH3.yaml	50	50	0	0	1	5.278	0	81920	0.0	0	31	True	46.10
gr24_A0A1I9LPH3.yaml	50	50	0	0	1	5.816	0	81920	0.0	0	31	True	46.10
gr24_A0A1I9LPH3.yaml	50	50	0	0	1	6.337	0	81920	0.0	0	31	True	46.10
gr24_A0A1I9LPH3.yaml	50	50	0	0	1	6.923	0	81920	0.0	0	32	True	46.10
gr24_A0A1I9LPH3.yaml	50	50	0	0	1	7.453	0	81920	0.0	0	33	True	46.10
gr24_A0A1I9LPH3.yaml	50	50	0	0	1	7.98	0	81920	0.0	0	33	True	46.10
gr24_A0A1I9LPH3.yaml	50	50	0	0	1	8.507	0	81920	0.0	0	32	True	46.10
gr24_A0A1I9LPH3.yaml	50	50	0	0	1	9.034	0	81920	0.0	0	32	True	46.10
gr24_A0A1I9LPH3.yaml	50	50	0	0	1	9.561	0	81920	0.0	0	32	True	46.10
gr24_A0A1I9LPH3.yaml	50	50	0	0	1	10.088	0	81920	0.0	0	31	True	46.10
gr24_A0A1I9LPH3.yaml	50	50	0	0	1	10.615	0	81920	0.0	0	31	True	46.10
gr24_A0A1I9LPH3.yaml	50	50	0	0	1	11.141	0	81920	0.0	0	31	True	46.10
gr24_A0A1I9LPH3.yaml	50	50	0	0	1	11.665	0	81920	0.0	0	31	True	46.10
gr24_A0A1I9LPH3.yaml	50	50	0	0	1	12.184	0	81920	0.0	0	31	True	46.10
gr24_A0A1I9LPH3.yaml	50	50	0	0	1	12.719	0	81920	0.0	0	31	True	46.10
gr24_A0A1I9LPH3.yaml	50	50	0	0	1	13.326	0	81920	0.0	0	32	True	46.10
gr24_A0A1I9LPH3.yaml	50	50	0	0	1	13.845	0	81920	0.0	0	33	True	46.10
gr24_A0A1I9LPH3.yaml	50	50	0	0	1	14.375	0	81920	0.0	0	33	True	46.10
gr24_A0A1I9LPH3.yaml	50	50	0	0	1	14.893	0	81920	0.0	0	32	True	46.10
gr24_A0A1I9LPH3.yaml	50	50	0	0	1	15.411	0	81920	0.0	0	32	True	46.10
gr24_A0A1I9LPH3.yaml	50	50	0	0	1	15.934	0	81920	0.0	0	32	True	46.10
gr24_A0A1I9LPH3.yaml	50	50	0	0	1	16.559	0	81920	0.0	0	32	True	46.10
gr24_A0A1I9LPH3.yaml	50	50	0	0	1	17.081	0	81920	0.0	0	33	True	46.10
gr24_A0A1I9LPH3.yaml	50	50	0	0	1	17.601	0	81920	0.0	0	32	True	46.10
gr24_A0A1I9LPH3.yaml	50	50	0	0	1	18.76	0	81920	0.0	0	32	True	46.10
gr24_A0A1I9LPH3.yaml	50	50	0	0	1	19.284	0	81920	0.0	0	32	True	46.10
gr24_A0A1I9LPH3.yaml	50	50	0	0	1	20.009	0	81920	0.0	0	33	True	46.10
gr24_A0A1I9LPH3.yaml	50	50	0	0	1	20.526	0	81920	0.0	0	33	True	46.10
gr24_A0A1I9LPH3.yaml	50	50	0	0	1	21.065	0	81920	0.0	0	33	True	46.10
gr24_A0A1I9LPH3.yaml	50	50	0	0	1	21.755	0	81920	0.0	0	34	True	46.10
gr24_A0A1I9LPH3.yaml	50	50	0	0	1	22.522	0	81920	0.0	0	34	True	46.10
gr24_A0A1I9LPH3.yaml	50	50	0	0	1	23.196	0	81920	0.0	0	34	True	46.10
gr24_A0A1I9LPH3.yaml	50	50	0	0	1	23.716	0	81920	0.0	0	34	True	46.10
gr24_A0A1I9LPH3.yaml	50	50	0	0	1	24.237	0	81920	0.0	0	34	True	46.10
gr24_A0A1I9LPH3.yaml	50	50	0	0	1	24.836	0	81920	0.0	0	34	True	46.10
gr24_A0A1I9LPH3.yaml	50	50	0	0	1	25.505	0	81920	0.0	0	34	True	46.10
gr24_A0A1I9LPH3.yaml	50	50	0	0	1	26.201	0	81920	0.0	0	34	True	46.10
gr24_A0A1I9LPH3.yaml	50	50	0	0	1	26.719	0	81920	0.0	0	34	True	46.10
gr24_A0A1I9LPH3.yaml	50	50	0	0	1	27.242	0	81920	0.0	0	35	True	46.10
gr24_A0A1I9LPH3.yaml	50	50	0	0	1	27.761	0	81920	0.0	0	35	True	46.10
gr24_A0A1I9LPH3.yaml	50	50	0	0	1	28.284	0	81920	0.0	0	35	True	46.10
gr24_A0A1I9LPH3.yaml	50	50	0	0	1	28.981	0	81920	0.0	0	35	True	46.10
gr24_A0A1I9LPH3.yaml	50	50	0	0	1	29.666	0	81920	0.0	0	35	True	46.10
gr24_A0A1I9LPH3.yaml	50	50	0	0	1	30.429	0	81920	0.0	0	35	True	46.10
gr24_A0A1I9LPH3.yaml	50	50	0	0	1	31.123	0	81920	0.0	0	35	True	46.10
gr24_A0A1I9LPH3.yaml	50	50	0	0	1	31.801	20	81920	0.02	0	35	True	46.10
gr24_A0A1I9LPH3.yaml	50	50	0	0	1	32.349	2533	81920	3.09	22	35	True	46.10
gr24_A0A1I9LPH3.yaml	50	50	0	0	1	32.866	2645	81920	3.23	0	35	True	46.10
gr24_A0A1I9LPH3.yaml	50	50	0	0	1	33.386	2685	81920	3.28	1	35	True	46.10
gr24_A0A1I9LPH3.yaml	50	50	0	0	1	33.917	2737	81920	3.34	27	36	True	46.10
gr24_A0A1I9LPH3.yaml	50	50	0	0	1	34.45	2737	81920	3.34	41	37	True	46.10
gr24_A0A1I9LPH3.yaml	50	50	0	0	1	34.981	2737	81920	3.34	41	37	True	46.10
gr24_A0A1I9LPH3.yaml	50	50	0	0	1	35.51	2795	81920	3.41	11	40	True	46.10
gr24_A0A1I9LPH3.yaml	50	50	0	0	1	36.04	2795	81920	3.41	91	44	True	46.10
gr24_A0A1I9LPH3.yaml	50	50	0	0	1	36.57	2795	81920	3.41	92	46	True	46.10
gr24_A0A1I9LPH3.yaml	50	50	0	0	1	37.1	2795	81920	3.41	90	49	True	46.10
gr24_A0A1I9LPH3.yaml	50	50	0	0	1	37.629	2795	81920	3.41	91	50	True	46.10
gr24_A0A1I9LPH3.yaml	50	50	0	0	1	38.185	2795	81920	3.41	91	51	True	46.10
gr24_A0A1I9LPH3.yaml	50	50	0	0	1	38.711	2795	81920	3.41	92	52	True	46.10
gr24_A0A1I9LPH3.yaml	50	50	0	0	1	39.242	2795	81920	3.41	91	54	True	46.10
gr24_A0A1I9LPH3.yaml	50	50	0	0	1	39.773	2795	81920	3.41	91	54	True	46.10
gr24_A0A1I9LPH3.yaml	50	50	0	0	1	40.301	2795	81920	3.41	91	55	True	46.10
gr24_A0A1I9LPH3.yaml	50	50	0	0	1	40.826	2795	81920	3.41	90	56	True	46.10
gr24_A0A1I9LPH3.yaml	50	50	0	0	1	41.355	2795	81920	3.41	92	56	True	46.10
gr24_A0A1I9LPH3.yaml	50	50	0	0	1	41.882	2801	81920	3.42	75	52	True	46.10
gr24_A0A1I9LPH3.yaml	50	50	0	0	1	42.413	2807	81920	3.43	0	50	True	46.10
gr24_A0A1I9LPH3.yaml	50	50	0	0	1	42.94	2807	81920	3.43	8	47	True	46.10
gr24_A0A1I9LPH3.yaml	50	50	0	0	1	43.469	555	81920	0.68	9	46	True	46.10
gr24_A0A1I9LPH3.yaml	50	50	0	0	1	43.999	555	81920	0.68	0	44	True	46.10
gr24_A0A1I9LPH3.yaml	50	50	0	0	1	44.534	519	81920	0.63	0	44	True	46.10
gr24_A0A1I9LPH3.yaml	50	50	0	0	1	45.062	519	81920	0.63	0	43	True	46.10
gr24_A0A1I9LPH3.yaml	50	50	0	0	1	45.591	519	81920	0.63	0	42	True	46.10
gr24_Q3E870.yaml	100	100	0	0	1	0.0	0	81920	0.0	7	42	True	81.61
gr24_Q3E870.yaml	100	100	0	0	1	0.519	0	81920	0.0	0	41	True	81.61
gr24_Q3E870.yaml	100	100	0	0	1	1.041	0	81920	0.0	0	40	True	81.61
gr24_Q3E870.yaml	100	100	0	0	1	1.565	0	81920	0.0	0	39	True	81.61
gr24_Q3E870.yaml	100	100	0	0	1	2.092	0	81920	0.0	0	38	True	81.61
gr24_Q3E870.yaml	100	100	0	0	1	2.619	0	81920	0.0	0	38	True	81.61
gr24_Q3E870.yaml	100	100	0	0	1	3.147	0	81920	0.0	0	37	True	81.61
gr24_Q3E870.yaml	100	100	0	0	1	3.682	0	81920	0.0	0	37	True	81.61
gr24_Q3E870.yaml	100	100	0	0	1	4.211	0	81920	0.0	0	36	True	81.61
gr24_Q3E870.yaml	100	100	0	0	1	4.794	0	81920	0.0	0	36	True	81.61
gr24_Q3E870.yaml	100	100	0	0	1	5.327	0	81920	0.0	0	36	True	81.61
gr24_Q3E870.yaml	100	100	0	0	1	5.855	0	81920	0.0	0	36	True	81.61
gr24_Q3E870.yaml	100	100	0	0	1	6.376	0	81920	0.0	0	35	True	81.61
gr24_Q3E870.yaml	100	100	0	0	1	6.906	0	81920	0.0	0	35	True	81.61
gr24_Q3E870.yaml	100	100	0	0	1	7.435	0	81920	0.0	0	35	True	81.61
gr24_Q3E870.yaml	100	100	0	0	1	7.965	0	81920	0.0	0	35	True	81.61
gr24_Q3E870.yaml	100	100	0	0	1	8.5	0	81920	0.0	0	35	True	81.61
gr24_Q3E870.yaml	100	100	0	0	1	9.028	0	81920	0.0	0	35	True	81.61
gr24_Q3E870.yaml	100	100	0	0	1	9.557	0	81920	0.0	0	34	True	81.61
gr24_Q3E870.yaml	100	100	0	0	1	10.088	0	81920	0.0	0	34	True	81.61
gr24_Q3E870.yaml	100	100	0	0	1	10.617	0	81920	0.0	0	34	True	81.61
gr24_Q3E870.yaml	100	100	0	0	1	11.147	0	81920	0.0	0	34	True	81.61
gr24_Q3E870.yaml	100	100	0	0	1	11.671	0	81920	0.0	0	34	True	81.61
gr24_Q3E870.yaml	100	100	0	0	1	12.192	0	81920	0.0	0	34	True	81.61
gr24_Q3E870.yaml	100	100	0	0	1	12.713	0	81920	0.0	0	34	True	81.61
gr24_Q3E870.yaml	100	100	0	0	1	13.238	0	81920	0.0	0	34	True	81.61
gr24_Q3E870.yaml	100	100	0	0	1	13.759	0	81920	0.0	0	34	True	81.61
gr24_Q3E870.yaml	100	100	0	0	1	14.285	0	81920	0.0	0	34	True	81.61
gr24_Q3E870.yaml	100	100	0	0	1	14.803	0	81920	0.0	0	34	True	81.61
gr24_Q3E870.yaml	100	100	0	0	1	15.321	0	81920	0.0	0	34	True	81.61
gr24_Q3E870.yaml	100	100	0	0	1	15.849	0	81920	0.0	0	33	True	81.61
gr24_Q3E870.yaml	100	100	0	0	1	16.371	0	81920	0.0	0	33	True	81.61
gr24_Q3E870.yaml	100	100	0	0	1	16.894	0	81920	0.0	0	33	True	81.61
gr24_Q3E870.yaml	100	100	0	0	1	17.412	0	81920	0.0	0	33	True	81.61
gr24_Q3E870.yaml	100	100	0	0	1	17.936	0	81920	0.0	0	33	True	81.61
gr24_Q3E870.yaml	100	100	0	0	1	18.459	0	81920	0.0	0	33	True	81.61
gr24_Q3E870.yaml	100	100	0	0	1	18.98	0	81920	0.0	0	33	True	81.61
gr24_Q3E870.yaml	100	100	0	0	1	19.498	0	81920	0.0	0	33	True	81.61
gr24_Q3E870.yaml	100	100	0	0	1	20.025	0	81920	0.0	0	33	True	81.61
gr24_Q3E870.yaml	100	100	0	0	1	20.543	0	81920	0.0	0	33	True	81.61
gr24_Q3E870.yaml	100	100	0	0	1	21.061	0	81920	0.0	0	33	True	81.61
gr24_Q3E870.yaml	100	100	0	0	1	21.585	0	81920	0.0	0	33	True	81.61
gr24_Q3E870.yaml	100	100	0	0	1	22.104	0	81920	0.0	0	33	True	81.61
gr24_Q3E870.yaml	100	100	0	0	1	22.632	0	81920	0.0	0	33	True	81.61
gr24_Q3E870.yaml	100	100	0	0	1	23.152	0	81920	0.0	0	33	True	81.61
gr24_Q3E870.yaml	100	100	0	0	1	23.673	0	81920	0.0	0	33	True	81.61
gr24_Q3E870.yaml	100	100	0	0	1	24.196	0	81920	0.0	0	33	True	81.61
gr24_Q3E870.yaml	100	100	0	0	1	24.715	0	81920	0.0	0	33	True	81.61
gr24_Q3E870.yaml	100	100	0	0	1	25.236	0	81920	0.0	0	33	True	81.61
gr24_Q3E870.yaml	100	100	0	0	1	25.767	0	81920	0.0	0	33	True	81.61
gr24_Q3E870.yaml	100	100	0	0	1	26.284	0	81920	0.0	0	33	True	81.61
gr24_Q3E870.yaml	100	100	0	0	1	26.816	0	81920	0.0	0	33	True	81.61
gr24_Q3E870.yaml	100	100	0	0	1	27.336	0	81920	0.0	0	33	True	81.61
gr24_Q3E870.yaml	100	100	0	0	1	27.853	0	81920	0.0	0	32	True	81.61
gr24_Q3E870.yaml	100	100	0	0	1	28.371	0	81920	0.0	0	32	True	81.61
gr24_Q3E870.yaml	100	100	0	0	1	28.895	0	81920	0.0	0	32	True	81.61
gr24_Q3E870.yaml	100	100	0	0	1	29.415	0	81920	0.0	0	32	True	81.61
gr24_Q3E870.yaml	100	100	0	0	1	29.993	677	81920	0.83	0	33	True	81.61
gr24_Q3E870.yaml	100	100	0	0	1	30.511	2609	81920	3.18	27	34	True	81.61
gr24_Q3E870.yaml	100	100	0	0	1	31.028	2615	81920	3.19	0	34	True	81.61
gr24_Q3E870.yaml	100	100	0	0	1	31.551	2675	81920	3.27	1	34	True	81.61
gr24_Q3E870.yaml	100	100	0	0	1	32.081	2721	81920	3.32	1	34	True	81.61
gr24_Q3E870.yaml	100	100	0	0	1	32.616	2721	81920	3.32	0	35	True	81.61
gr24_Q3E870.yaml	100	100	0	0	1	33.144	2721	81920	3.32	0	35	True	81.61
gr24_Q3E870.yaml	100	100	0	0	1	33.674	2721	81920	3.32	0	35	True	81.61
gr24_Q3E870.yaml	100	100	0	0	1	34.201	2721	81920	3.32	0	35	True	81.61
gr24_Q3E870.yaml	100	100	0	0	1	34.729	2721	81920	3.32	0	35	True	81.61
gr24_Q3E870.yaml	100	100	0	0	1	35.262	2801	81920	3.42	0	35	True	81.61
gr24_Q3E870.yaml	100	100	0	0	1	35.791	2921	81920	3.57	0	35	True	81.61
gr24_Q3E870.yaml	100	100	0	0	1	36.309	2921	81920	3.57	34	37	True	81.61
gr24_Q3E870.yaml	100	100	0	0	1	36.831	2921	81920	3.57	36	38	True	81.61
gr24_Q3E870.yaml	100	100	0	0	1	37.358	2967	81920	3.62	24	37	True	81.61
gr24_Q3E870.yaml	100	100	0	0	1	37.886	2967	81920	3.62	59	39	True	81.61
gr24_Q3E870.yaml	100	100	0	0	1	38.417	2967	81920	3.62	59	40	True	81.61
gr24_Q3E870.yaml	100	100	0	0	1	38.952	2967	81920	3.62	59	41	True	81.61
gr24_Q3E870.yaml	100	100	0	0	1	39.482	2967	81920	3.62	60	42	True	81.61
gr24_Q3E870.yaml	100	100	0	0	1	40.009	2967	81920	3.62	59	42	True	81.61
gr24_Q3E870.yaml	100	100	0	0	1	40.537	2967	81920	3.62	60	42	True	81.61
gr24_Q3E870.yaml	100	100	0	0	1	41.063	2967	81920	3.62	59	43	True	81.61
gr24_Q3E870.yaml	100	100	0	0	1	41.591	2967	81920	3.62	60	43	True	81.61
gr24_Q3E870.yaml	100	100	0	0	1	42.121	2967	81920	3.62	60	44	True	81.61
gr24_Q3E870.yaml	100	100	0	0	1	42.648	2967	81920	3.62	60	44	True	81.61
gr24_Q3E870.yaml	100	100	0	0	1	43.18	2967	81920	3.62	61	44	True	81.61
gr24_Q3E870.yaml	100	100	0	0	1	43.707	2967	81920	3.62	4	43	True	81.61
gr24_Q3E870.yaml	100	100	0	0	1	44.238	2967	81920	3.62	5	41	True	81.61
gr24_Q3E870.yaml	100	100	0	0	1	44.766	2967	81920	3.62	6	41	True	81.61
gr24_Q3E870.yaml	100	100	0	0	1	45.294	557	81920	0.68	37	40	True	81.61
gr24_Q3E870.yaml	100	100	0	0	1	45.813	557	81920	0.68	0	40	True	81.61
gr24_Q3E870.yaml	100	100	0	0	1	46.342	557	81920	0.68	0	39	True	81.61
gr24_Q3E870.yaml	100	100	0	0	1	46.871	557	81920	0.68	0	39	True	81.61
gr24_Q3E870.yaml	100	100	0	0	1	47.397	557	81920	0.68	0	39	True	81.61
gr24_Q3E870.yaml	100	100	0	0	1	47.92	557	81920	0.68	0	39	True	81.61
gr24_Q3E870.yaml	100	100	0	0	1	48.446	557	81920	0.68	0	39	True	81.61
gr24_Q3E870.yaml	100	100	0	0	1	48.972	557	81920	0.68	0	38	True	81.61
gr24_Q3E870.yaml	100	100	0	0	1	49.5	557	81920	0.68	0	38	True	81.61
gr24_Q3E870.yaml	100	100	0	0	1	50.023	557	81920	0.68	0	38	True	81.61
gr24_Q3E870.yaml	100	100	0	0	1	50.54	557	81920	0.68	0	38	True	81.61
gr24_Q3E870.yaml	100	100	0	0	1	51.058	557	81920	0.68	0	38	True	81.61
gr24_Q3E870.yaml	100	100	0	0	1	51.575	557	81920	0.68	0	38	True	81.61
gr24_Q3E870.yaml	100	100	0	0	1	52.093	557	81920	0.68	0	38	True	81.61
gr24_Q3E870.yaml	100	100	0	0	1	52.61	557	81920	0.68	0	38	True	81.61
gr24_Q3E870.yaml	100	100	0	0	1	53.128	557	81920	0.68	0	38	True	81.61
gr24_Q3E870.yaml	100	100	0	0	1	53.656	557	81920	0.68	0	38	True	81.61
gr24_Q3E870.yaml	100	100	0	0	1	54.177	557	81920	0.68	0	38	True	81.61
gr24_Q3E870.yaml	100	100	0	0	1	54.706	557	81920	0.68	0	38	True	81.61
gr24_Q3E870.yaml	100	100	0	0	1	55.229	557	81920	0.68	0	38	True	81.61
gr24_Q3E870.yaml	100	100	0	0	1	55.749	557	81920	0.68	0	38	True	81.61
gr24_Q3E870.yaml	100	100	0	0	1	56.267	557	81920	0.68	0	38	True	81.61
gr24_Q3E870.yaml	100	100	0	0	1	56.785	557	81920	0.68	0	38	True	81.61
gr24_Q3E870.yaml	100	100	0	0	1	57.304	557	81920	0.68	0	38	True	81.61
gr24_Q3E870.yaml	100	100	0	0	1	57.821	557	81920	0.68	0	38	True	81.61
gr24_Q3E870.yaml	100	100	0	0	1	58.338	557	81920	0.68	0	38	True	81.61
gr24_Q3E870.yaml	100	100	0	0	1	58.867	557	81920	0.68	0	38	True	81.61
gr24_Q3E870.yaml	100	100	0	0	1	59.386	557	81920	0.68	0	38	True	81.61
gr24_Q3E870.yaml	100	100	0	0	1	59.904	557	81920	0.68	0	38	True	81.61
gr24_Q3E870.yaml	100	100	0	0	1	60.428	557	81920	0.68	0	38	True	81.61
gr24_Q3E870.yaml	100	100	0	0	1	60.96	557	81920	0.68	0	37	True	81.61
gr24_Q3E870.yaml	100	100	0	0	1	61.481	557	81920	0.68	0	37	True	81.61
gr24_Q3E870.yaml	100	100	0	0	1	61.998	557	81920	0.68	0	38	True	81.61
gr24_Q3E870.yaml	100	100	0	0	1	62.515	557	81920	0.68	0	37	True	81.61
gr24_Q3E870.yaml	100	100	0	0	1	63.041	557	81920	0.68	0	37	True	81.61
gr24_Q3E870.yaml	100	100	0	0	1	63.564	557	81920	0.68	0	37	True	81.61
gr24_Q3E870.yaml	100	100	0	0	1	64.084	557	81920	0.68	0	37	True	81.61
gr24_Q3E870.yaml	100	100	0	0	1	64.609	557	81920	0.68	0	37	True	81.61
gr24_Q3E870.yaml	100	100	0	0	1	65.126	557	81920	0.68	0	37	True	81.61
gr24_Q3E870.yaml	100	100	0	0	1	65.643	557	81920	0.68	0	37	True	81.61
gr24_Q3E870.yaml	100	100	0	0	1	66.212	1699	81920	2.07	17	37	True	81.61
gr24_Q3E870.yaml	100	100	0	0	1	66.729	2697	81920	3.29	4	37	True	81.61
gr24_Q3E870.yaml	100	100	0	0	1	67.247	2991	81920	3.65	71	41	True	81.61
gr24_Q3E870.yaml	100	100	0	0	1	67.771	2991	81920	3.65	74	44	True	81.61
gr24_Q3E870.yaml	100	100	0	0	1	68.291	2997	81920	3.66	71	47	True	81.61
gr24_Q3E870.yaml	100	100	0	0	1	68.819	2997	81920	3.66	97	50	True	81.61
gr24_Q3E870.yaml	100	100	0	0	1	69.345	2997	81920	3.66	97	53	True	81.61
gr24_Q3E870.yaml	100	100	0	0	1	69.896	2997	81920	3.66	97	54	True	81.61
gr24_Q3E870.yaml	100	100	0	0	1	70.423	2997	81920	3.66	97	56	True	81.61
gr24_Q3E870.yaml	100	100	0	0	1	70.959	2997	81920	3.66	97	58	True	81.61
gr24_Q3E870.yaml	100	100	0	0	1	71.489	2997	81920	3.66	97	59	True	81.61
gr24_Q3E870.yaml	100	100	0	0	1	72.014	2997	81920	3.66	97	60	True	81.61
gr24_Q3E870.yaml	100	100	0	0	1	72.539	2997	81920	3.66	97	61	True	81.61
gr24_Q3E870.yaml	100	100	0	0	1	73.065	2997	81920	3.66	97	62	True	81.61
gr24_Q3E870.yaml	100	100	0	0	1	73.598	2997	81920	3.66	97	62	True	81.61
gr24_Q3E870.yaml	100	100	0	0	1	74.13	2997	81920	3.66	97	63	True	81.61
gr24_Q3E870.yaml	100	100	0	0	1	74.657	2997	81920	3.66	97	64	True	81.61
gr24_Q3E870.yaml	100	100	0	0	1	75.188	2997	81920	3.66	96	65	True	81.61
gr24_Q3E870.yaml	100	100	0	0	1	75.776	2997	81920	3.66	97	65	True	81.61
gr24_Q3E870.yaml	100	100	0	0	1	76.306	2997	81920	3.66	97	66	True	81.61
gr24_Q3E870.yaml	100	100	0	0	1	76.835	2997	81920	3.66	97	66	True	81.61
gr24_Q3E870.yaml	100	100	0	0	1	77.363	2997	81920	3.66	96	66	True	81.61
gr24_Q3E870.yaml	100	100	0	0	1	77.892	3003	81920	3.67	61	61	True	81.61
gr24_Q3E870.yaml	100	100	0	0	1	78.422	3003	81920	3.67	9	57	True	81.61
gr24_Q3E870.yaml	100	100	0	0	1	78.953	555	81920	0.68	38	54	True	81.61
gr24_Q3E870.yaml	100	100	0	0	1	79.478	555	81920	0.68	0	52	True	81.61
gr24_Q3E870.yaml	100	100	0	0	1	80.011	519	81920	0.63	0	51	True	81.61
gr24_Q3E870.yaml	100	100	0	0	1	80.54	519	81920	0.63	0	50	True	81.61
gr24_Q3E870.yaml	100	100	0	0	1	81.067	519	81920	0.63	0	49	True	81.61
gr24_Q3E870.yaml	100	100	0	0	1	81.596	0	81920	0.0	0	48	True	81.61
gr24_P42746.yaml	150	150	0	0	1	0.0	0	81920	0.0	0	48	True	86.56
gr24_P42746.yaml	150	150	0	0	1	0.53	0	81920	0.0	0	47	True	86.56
gr24_P42746.yaml	150	150	0	0	1	1.057	0	81920	0.0	0	46	True	86.56
gr24_P42746.yaml	150	150	0	0	1	1.587	0	81920	0.0	0	45	True	86.56
gr24_P42746.yaml	150	150	0	0	1	2.118	0	81920	0.0	0	43	True	86.56
gr24_P42746.yaml	150	150	0	0	1	2.647	0	81920	0.0	0	42	True	86.56
gr24_P42746.yaml	150	150	0	0	1	3.18	0	81920	0.0	0	42	True	86.56
gr24_P42746.yaml	150	150	0	0	1	3.705	0	81920	0.0	0	41	True	86.56
gr24_P42746.yaml	150	150	0	0	1	4.237	0	81920	0.0	0	40	True	86.56
gr24_P42746.yaml	150	150	0	0	1	4.766	0	81920	0.0	0	40	True	86.56
gr24_P42746.yaml	150	150	0	0	1	5.295	0	81920	0.0	0	39	True	86.56
gr24_P42746.yaml	150	150	0	0	1	5.825	0	81920	0.0	0	39	True	86.56
gr24_P42746.yaml	150	150	0	0	1	6.351	0	81920	0.0	0	39	True	86.56
gr24_P42746.yaml	150	150	0	0	1	6.878	0	81920	0.0	0	38	True	86.56
gr24_P42746.yaml	150	150	0	0	1	7.409	0	81920	0.0	0	38	True	86.56
gr24_P42746.yaml	150	150	0	0	1	7.939	0	81920	0.0	0	38	True	86.56
gr24_P42746.yaml	150	150	0	0	1	8.468	0	81920	0.0	0	38	True	86.56
gr24_P42746.yaml	150	150	0	0	1	8.995	0	81920	0.0	0	37	True	86.56
gr24_P42746.yaml	150	150	0	0	1	9.522	0	81920	0.0	0	37	True	86.56
gr24_P42746.yaml	150	150	0	0	1	10.052	0	81920	0.0	0	37	True	86.56
gr24_P42746.yaml	150	150	0	0	1	10.581	0	81920	0.0	0	37	True	86.56
gr24_P42746.yaml	150	150	0	0	1	11.115	0	81920	0.0	0	37	True	86.56
gr24_P42746.yaml	150	150	0	0	1	11.653	0	81920	0.0	0	37	True	86.56
gr24_P42746.yaml	150	150	0	0	1	12.171	0	81920	0.0	0	37	True	86.56
gr24_P42746.yaml	150	150	0	0	1	12.691	0	81920	0.0	0	36	True	86.56
gr24_P42746.yaml	150	150	0	0	1	13.22	0	81920	0.0	0	36	True	86.56
gr24_P42746.yaml	150	150	0	0	1	13.745	0	81920	0.0	0	36	True	86.56
gr24_P42746.yaml	150	150	0	0	1	14.268	0	81920	0.0	0	36	True	86.56
gr24_P42746.yaml	150	150	0	0	1	14.794	0	81920	0.0	0	36	True	86.56
gr24_P42746.yaml	150	150	0	0	1	15.312	0	81920	0.0	0	36	True	86.56
gr24_P42746.yaml	150	150	0	0	1	15.846	0	81920	0.0	0	36	True	86.56
gr24_P42746.yaml	150	150	0	0	1	16.365	0	81920	0.0	0	36	True	86.56
gr24_P42746.yaml	150	150	0	0	1	16.885	0	81920	0.0	0	36	True	86.56
gr24_P42746.yaml	150	150	0	0	1	17.406	0	81920	0.0	0	36	True	86.56
gr24_P42746.yaml	150	150	0	0	1	17.927	0	81920	0.0	0	36	True	86.56
gr24_P42746.yaml	150	150	0	0	1	18.446	0	81920	0.0	0	36	True	86.56
gr24_P42746.yaml	150	150	0	0	1	18.964	0	81920	0.0	0	36	True	86.56
gr24_P42746.yaml	150	150	0	0	1	19.484	0	81920	0.0	0	36	True	86.56
gr24_P42746.yaml	150	150	0	0	1	20.001	0	81920	0.0	0	36	True	86.56
gr24_P42746.yaml	150	150	0	0	1	20.531	0	81920	0.0	0	36	True	86.56
gr24_P42746.yaml	150	150	0	0	1	21.05	0	81920	0.0	0	36	True	86.56
gr24_P42746.yaml	150	150	0	0	1	21.57	0	81920	0.0	0	36	True	86.56
gr24_P42746.yaml	150	150	0	0	1	22.089	0	81920	0.0	0	36	True	86.56
gr24_P42746.yaml	150	150	0	0	1	22.608	0	81920	0.0	0	36	True	86.56
gr24_P42746.yaml	150	150	0	0	1	23.132	0	81920	0.0	0	36	True	86.56
gr24_P42746.yaml	150	150	0	0	1	23.652	0	81920	0.0	0	35	True	86.56
gr24_P42746.yaml	150	150	0	0	1	24.17	0	81920	0.0	0	35	True	86.56
gr24_P42746.yaml	150	150	0	0	1	24.687	0	81920	0.0	0	35	True	86.56
gr24_P42746.yaml	150	150	0	0	1	25.205	0	81920	0.0	0	35	True	86.56
gr24_P42746.yaml	150	150	0	0	1	25.726	0	81920	0.0	0	35	True	86.56
gr24_P42746.yaml	150	150	0	0	1	26.246	0	81920	0.0	0	35	True	86.56
gr24_P42746.yaml	150	150	0	0	1	26.777	0	81920	0.0	0	35	True	86.56
gr24_P42746.yaml	150	150	0	0	1	27.307	0	81920	0.0	0	35	True	86.56
gr24_P42746.yaml	150	150	0	0	1	27.832	0	81920	0.0	0	35	True	86.56
gr24_P42746.yaml	150	150	0	0	1	28.35	0	81920	0.0	0	35	True	86.56
gr24_P42746.yaml	150	150	0	0	1	28.877	0	81920	0.0	0	35	True	86.56
gr24_P42746.yaml	150	150	0	0	1	29.401	0	81920	0.0	0	35	True	86.56
gr24_P42746.yaml	150	150	0	0	1	29.926	20	81920	0.02	0	36	True	86.56
gr24_P42746.yaml	150	150	0	0	1	30.461	2533	81920	3.09	26	36	True	86.56
gr24_P42746.yaml	150	150	0	0	1	30.978	2609	81920	3.18	0	37	True	86.56
gr24_P42746.yaml	150	150	0	0	1	31.5	2609	81920	3.18	0	37	True	86.56
gr24_P42746.yaml	150	150	0	0	1	32.021	2719	81920	3.32	1	37	True	86.56
gr24_P42746.yaml	150	150	0	0	1	32.547	2795	81920	3.41	1	38	True	86.56
gr24_P42746.yaml	150	150	0	0	1	33.071	2795	81920	3.41	0	38	True	86.56
gr24_P42746.yaml	150	150	0	0	1	33.599	2795	81920	3.41	0	38	True	86.56
gr24_P42746.yaml	150	150	0	0	1	34.126	2795	81920	3.41	0	38	True	86.56
gr24_P42746.yaml	150	150	0	0	1	34.657	2795	81920	3.41	0	38	True	86.56
gr24_P42746.yaml	150	150	0	0	1	35.184	2795	81920	3.41	0	38	True	86.56
gr24_P42746.yaml	150	150	0	0	1	35.713	2795	81920	3.41	0	38	True	86.56
gr24_P42746.yaml	150	150	0	0	1	36.24	8041	81920	9.82	18	39	True	86.56
gr24_P42746.yaml	150	150	0	0	1	36.77	8041	81920	9.82	70	44	True	86.56
gr24_P42746.yaml	150	150	0	0	1	37.31	8041	81920	9.82	86	47	True	86.56
gr24_P42746.yaml	150	150	0	0	1	37.848	8063	81920	9.84	61	48	True	86.56
gr24_P42746.yaml	150	150	0	0	1	38.376	8101	81920	9.89	0	46	True	86.56
gr24_P42746.yaml	150	150	0	0	1	38.904	8101	81920	9.89	70	48	True	86.56
gr24_P42746.yaml	150	150	0	0	1	39.432	8101	81920	9.89	72	49	True	86.56
gr24_P42746.yaml	150	150	0	0	1	39.96	8101	81920	9.89	71	49	True	86.56
gr24_P42746.yaml	150	150	0	0	1	40.492	8101	81920	9.89	71	50	True	86.56
gr24_P42746.yaml	150	150	0	0	1	41.023	8101	81920	9.89	72	50	True	86.56
gr24_P42746.yaml	150	150	0	0	1	41.559	8101	81920	9.89	69	50	True	86.56
gr24_P42746.yaml	150	150	0	0	1	42.086	8101	81920	9.89	70	51	True	86.56
gr24_P42746.yaml	150	150	0	0	1	42.616	8101	81920	9.89	72	51	True	86.56
gr24_P42746.yaml	150	150	0	0	1	43.143	8101	81920	9.89	71	52	True	86.56
gr24_P42746.yaml	150	150	0	0	1	43.68	8101	81920	9.89	71	52	True	86.56
gr24_P42746.yaml	150	150	0	0	1	44.209	8101	81920	9.89	71	52	True	86.56
gr24_P42746.yaml	150	150	0	0	1	44.738	8101	81920	9.89	2	49	True	86.56
gr24_P42746.yaml	150	150	0	0	1	45.266	8101	81920	9.89	8	47	True	86.56
gr24_P42746.yaml	150	150	0	0	1	45.794	557	81920	0.68	9	46	True	86.56
gr24_P42746.yaml	150	150	0	0	1	46.321	557	81920	0.68	0	46	True	86.56
gr24_P42746.yaml	150	150	0	0	1	46.855	557	81920	0.68	0	45	True	86.56
gr24_P42746.yaml	150	150	0	0	1	47.385	557	81920	0.68	0	45	True	86.56
gr24_P42746.yaml	150	150	0	0	1	47.918	557	81920	0.68	0	44	True	86.56
gr24_P42746.yaml	150	150	0	0	1	48.441	557	81920	0.68	0	44	True	86.56
gr24_P42746.yaml	150	150	0	0	1	48.96	557	81920	0.68	0	44	True	86.56
gr24_P42746.yaml	150	150	0	0	1	49.516	557	81920	0.68	0	43	True	86.56
gr24_P42746.yaml	150	150	0	0	1	50.034	557	81920	0.68	0	43	True	86.56
gr24_P42746.yaml	150	150	0	0	1	50.553	557	81920	0.68	0	43	True	86.56
gr24_P42746.yaml	150	150	0	0	1	51.07	557	81920	0.68	0	43	True	86.56
gr24_P42746.yaml	150	150	0	0	1	51.588	557	81920	0.68	0	43	True	86.56
gr24_P42746.yaml	150	150	0	0	1	52.105	557	81920	0.68	0	43	True	86.56
gr24_P42746.yaml	150	150	0	0	1	52.63	557	81920	0.68	0	42	True	86.56
gr24_P42746.yaml	150	150	0	0	1	53.158	557	81920	0.68	0	42	True	86.56
gr24_P42746.yaml	150	150	0	0	1	53.677	557	81920	0.68	0	42	True	86.56
gr24_P42746.yaml	150	150	0	0	1	54.2	557	81920	0.68	0	42	True	86.56
gr24_P42746.yaml	150	150	0	0	1	54.717	557	81920	0.68	0	42	True	86.56
gr24_P42746.yaml	150	150	0	0	1	55.238	557	81920	0.68	0	42	True	86.56
gr24_P42746.yaml	150	150	0	0	1	55.757	557	81920	0.68	0	42	True	86.56
gr24_P42746.yaml	150	150	0	0	1	56.274	557	81920	0.68	0	42	True	86.56
gr24_P42746.yaml	150	150	0	0	1	56.796	557	81920	0.68	0	42	True	86.56
gr24_P42746.yaml	150	150	0	0	1	57.316	557	81920	0.68	0	42	True	86.56
gr24_P42746.yaml	150	150	0	0	1	57.839	557	81920	0.68	0	42	True	86.56
gr24_P42746.yaml	150	150	0	0	1	58.356	557	81920	0.68	0	42	True	86.56
gr24_P42746.yaml	150	150	0	0	1	58.883	557	81920	0.68	0	42	True	86.56
gr24_P42746.yaml	150	150	0	0	1	59.404	557	81920	0.68	0	42	True	86.56
gr24_P42746.yaml	150	150	0	0	1	59.932	557	81920	0.68	0	42	True	86.56
gr24_P42746.yaml	150	150	0	0	1	60.456	557	81920	0.68	0	42	True	86.56
gr24_P42746.yaml	150	150	0	0	1	60.973	557	81920	0.68	0	42	True	86.56
gr24_P42746.yaml	150	150	0	0	1	61.49	557	81920	0.68	0	42	True	86.56
gr24_P42746.yaml	150	150	0	0	1	62.014	557	81920	0.68	0	42	True	86.56
gr24_P42746.yaml	150	150	0	0	1	62.542	557	81920	0.68	0	42	True	86.56
gr24_P42746.yaml	150	150	0	0	1	63.068	557	81920	0.68	0	42	True	86.56
gr24_P42746.yaml	150	150	0	0	1	63.596	557	81920	0.68	0	42	True	86.56
gr24_P42746.yaml	150	150	0	0	1	64.129	557	81920	0.68	0	42	True	86.56
gr24_P42746.yaml	150	150	0	0	1	64.651	557	81920	0.68	0	42	True	86.56
gr24_P42746.yaml	150	150	0	0	1	65.175	557	81920	0.68	0	42	True	86.56
gr24_P42746.yaml	150	150	0	0	1	65.693	557	81920	0.68	0	42	True	86.56
gr24_P42746.yaml	150	150	0	0	1	66.21	557	81920	0.68	0	42	True	86.56
gr24_P42746.yaml	150	150	0	0	1	66.786	1367	81920	1.67	18	42	True	86.56
gr24_P42746.yaml	150	150	0	0	1	67.304	2697	81920	3.29	4	42	True	86.56
gr24_P42746.yaml	150	150	0	0	1	67.823	2697	81920	3.29	0	42	True	86.56
gr24_P42746.yaml	150	150	0	0	1	68.344	8051	81920	9.83	0	43	True	86.56
gr24_P42746.yaml	150	150	0	0	1	68.87	8051	81920	9.83	100	49	True	86.56
gr24_P42746.yaml	150	150	0	0	1	69.398	8051	81920	9.83	100	54	True	86.56
gr24_P42746.yaml	150	150	0	0	1	70.066	8051	81920	9.83	100	57	True	86.56
gr24_P42746.yaml	150	150	0	0	1	70.609	8051	81920	9.83	100	58	True	86.56
gr24_P42746.yaml	150	150	0	0	1	71.138	8073	81920	9.85	92	61	True	86.56
gr24_P42746.yaml	150	150	0	0	1	71.665	8073	81920	9.85	97	63	True	86.56
gr24_P42746.yaml	150	150	0	0	1	72.197	8073	81920	9.85	97	64	True	86.56
gr24_P42746.yaml	150	150	0	0	1	72.732	8073	81920	9.85	97	65	True	86.56
gr24_P42746.yaml	150	150	0	0	1	73.261	8073	81920	9.85	97	66	True	86.56
gr24_P42746.yaml	150	150	0	0	1	73.792	8073	81920	9.85	97	67	True	86.56
gr24_P42746.yaml	150	150	0	0	1	74.323	8073	81920	9.85	97	68	True	86.56
gr24_P42746.yaml	150	150	0	0	1	74.852	8073	81920	9.85	98	69	True	86.56
gr24_P42746.yaml	150	150	0	0	1	75.382	8073	81920	9.85	97	69	True	86.56
gr24_P42746.yaml	150	150	0	0	1	75.911	8073	81920	9.85	98	70	True	86.56
gr24_P42746.yaml	150	150	0	0	1	76.445	8073	81920	9.85	97	71	True	86.56
gr24_P42746.yaml	150	150	0	0	1	76.976	8073	81920	9.85	97	71	True	86.56
gr24_P42746.yaml	150	150	0	0	1	77.507	8073	81920	9.85	97	71	True	86.56
gr24_P42746.yaml	150	150	0	0	1	78.036	8073	81920	9.85	97	72	True	86.56
gr24_P42746.yaml	150	150	0	0	1	78.563	8073	81920	9.85	97	72	True	86.56
gr24_P42746.yaml	150	150	0	0	1	79.094	8073	81920	9.85	98	72	True	86.56
gr24_P42746.yaml	150	150	0	0	1	79.622	8073	81920	9.85	98	73	True	86.56
gr24_P42746.yaml	150	150	0	0	1	80.154	8073	81920	9.85	98	73	True	86.56
gr24_P42746.yaml	150	150	0	0	1	80.681	8073	81920	9.85	98	73	True	86.56
gr24_P42746.yaml	150	150	0	0	1	81.208	8073	81920	9.85	98	73	True	86.56
gr24_P42746.yaml	150	150	0	0	1	81.744	8073	81920	9.85	97	73	True	86.56
gr24_P42746.yaml	150	150	0	0	1	82.271	8073	81920	9.85	94	73	True	86.56
gr24_P42746.yaml	150	150	0	0	1	82.799	8073	81920	9.85	7	65	True	86.56
gr24_P42746.yaml	150	150	0	0	1	83.327	8073	81920	9.85	8	62	True	86.56
gr24_P42746.yaml	150	150	0	0	1	83.856	555	81920	0.68	96	59	True	86.56
gr24_P42746.yaml	150	150	0	0	1	84.385	555	81920	0.68	0	57	True	86.56
gr24_P42746.yaml	150	150	0	0	1	84.914	519	81920	0.63	0	56	True	86.56
gr24_P42746.yaml	150	150	0	0	1	85.445	519	81920	0.63	0	55	True	86.56
gr24_P42746.yaml	150	150	0	0	1	85.976	519	81920	0.63	0	54	True	86.56
gr24_P42746.yaml	150	150	0	0	1	86.506	0	81920	0.0	0	53	True	86.56
gr24_Q9LZT9.yaml	200	200	0	0	1	0.0	0	81920	0.0	0	53	True	88.27
gr24_Q9LZT9.yaml	200	200	0	0	1	0.528	0	81920	0.0	0	52	True	88.27
gr24_Q9LZT9.yaml	200	200	0	0	1	1.054	0	81920	0.0	0	50	True	88.27
gr24_Q9LZT9.yaml	200	200	0	0	1	1.581	0	81920	0.0	0	48	True	88.27
gr24_Q9LZT9.yaml	200	200	0	0	1	2.112	0	81920	0.0	0	47	True	88.27
gr24_Q9LZT9.yaml	200	200	0	0	1	2.638	0	81920	0.0	0	46	True	88.27
gr24_Q9LZT9.yaml	200	200	0	0	1	3.166	0	81920	0.0	0	45	True	88.27
gr24_Q9LZT9.yaml	200	200	0	0	1	3.688	0	81920	0.0	0	45	True	88.27
gr24_Q9LZT9.yaml	200	200	0	0	1	4.219	0	81920	0.0	0	44	True	88.27
gr24_Q9LZT9.yaml	200	200	0	0	1	4.747	0	81920	0.0	0	43	True	88.27
gr24_Q9LZT9.yaml	200	200	0	0	1	5.274	0	81920	0.0	0	43	True	88.27
gr24_Q9LZT9.yaml	200	200	0	0	1	5.805	0	81920	0.0	0	42	True	88.27
gr24_Q9LZT9.yaml	200	200	0	0	1	6.328	0	81920	0.0	0	42	True	88.27
gr24_Q9LZT9.yaml	200	200	0	0	1	6.849	0	81920	0.0	0	42	True	88.27
gr24_Q9LZT9.yaml	200	200	0	0	1	7.372	0	81920	0.0	0	41	True	88.27
gr24_Q9LZT9.yaml	200	200	0	0	1	7.895	0	81920	0.0	0	41	True	88.27
gr24_Q9LZT9.yaml	200	200	0	0	1	8.419	0	81920	0.0	0	41	True	88.27
gr24_Q9LZT9.yaml	200	200	0	0	1	8.944	0	81920	0.0	0	40	True	88.27
gr24_Q9LZT9.yaml	200	200	0	0	1	9.473	0	81920	0.0	0	40	True	88.27
gr24_Q9LZT9.yaml	200	200	0	0	1	10.003	0	81920	0.0	0	40	True	88.27
gr24_Q9LZT9.yaml	200	200	0	0	1	10.535	0	81920	0.0	0	40	True	88.27
gr24_Q9LZT9.yaml	200	200	0	0	1	11.064	0	81920	0.0	0	40	True	88.27
gr24_Q9LZT9.yaml	200	200	0	0	1	11.587	0	81920	0.0	0	40	True	88.27
gr24_Q9LZT9.yaml	200	200	0	0	1	12.11	0	81920	0.0	0	39	True	88.27
gr24_Q9LZT9.yaml	200	200	0	0	1	12.628	0	81920	0.0	0	39	True	88.27
gr24_Q9LZT9.yaml	200	200	0	0	1	13.145	0	81920	0.0	0	39	True	88.27
gr24_Q9LZT9.yaml	200	200	0	0	1	13.662	0	81920	0.0	0	39	True	88.27
gr24_Q9LZT9.yaml	200	200	0	0	1	14.18	0	81920	0.0	0	39	True	88.27
gr24_Q9LZT9.yaml	200	200	0	0	1	14.697	0	81920	0.0	0	39	True	88.27
gr24_Q9LZT9.yaml	200	200	0	0	1	15.213	0	81920	0.0	0	39	True	88.27
gr24_Q9LZT9.yaml	200	200	0	0	1	15.733	0	81920	0.0	0	39	True	88.27
gr24_Q9LZT9.yaml	200	200	0	0	1	16.259	0	81920	0.0	0	39	True	88.27
gr24_Q9LZT9.yaml	200	200	0	0	1	16.779	0	81920	0.0	0	39	True	88.27
gr24_Q9LZT9.yaml	200	200	0	0	1	17.3	0	81920	0.0	0	38	True	88.27
gr24_Q9LZT9.yaml	200	200	0	0	1	17.827	0	81920	0.0	0	38	True	88.27
gr24_Q9LZT9.yaml	200	200	0	0	1	18.343	0	81920	0.0	0	38	True	88.27
gr24_Q9LZT9.yaml	200	200	0	0	1	18.865	0	81920	0.0	0	38	True	88.27
gr24_Q9LZT9.yaml	200	200	0	0	1	19.384	0	81920	0.0	0	38	True	88.27
gr24_Q9LZT9.yaml	200	200	0	0	1	19.904	0	81920	0.0	0	38	True	88.27
gr24_Q9LZT9.yaml	200	200	0	0	1	20.426	0	81920	0.0	0	38	True	88.27
gr24_Q9LZT9.yaml	200	200	0	0	1	20.943	0	81920	0.0	0	38	True	88.27
gr24_Q9LZT9.yaml	200	200	0	0	1	21.459	0	81920	0.0	0	38	True	88.27
gr24_Q9LZT9.yaml	200	200	0	0	1	21.987	0	81920	0.0	0	38	True	88.27
gr24_Q9LZT9.yaml	200	200	0	0	1	22.505	0	81920	0.0	0	38	True	88.27
gr24_Q9LZT9.yaml	200	200	0	0	1	23.024	0	81920	0.0	0	38	True	88.27
gr24_Q9LZT9.yaml	200	200	0	0	1	23.546	0	81920	0.0	0	38	True	88.27
gr24_Q9LZT9.yaml	200	200	0	0	1	24.066	0	81920	0.0	0	38	True	88.27
gr24_Q9LZT9.yaml	200	200	0	0	1	24.582	0	81920	0.0	0	38	True	88.27
gr24_Q9LZT9.yaml	200	200	0	0	1	25.098	0	81920	0.0	0	38	True	88.27
gr24_Q9LZT9.yaml	200	200	0	0	1	25.617	0	81920	0.0	0	38	True	88.27
gr24_Q9LZT9.yaml	200	200	0	0	1	26.134	0	81920	0.0	0	38	True	88.27
gr24_Q9LZT9.yaml	200	200	0	0	1	26.65	0	81920	0.0	0	38	True	88.27
gr24_Q9LZT9.yaml	200	200	0	0	1	27.167	0	81920	0.0	0	38	True	88.27
gr24_Q9LZT9.yaml	200	200	0	0	1	27.683	0	81920	0.0	0	37	True	88.27
gr24_Q9LZT9.yaml	200	200	0	0	1	28.206	0	81920	0.0	0	37	True	88.27
gr24_Q9LZT9.yaml	200	200	0	0	1	28.728	0	81920	0.0	0	37	True	88.27
gr24_Q9LZT9.yaml	200	200	0	0	1	29.245	0	81920	0.0	0	37	True	88.27
gr24_Q9LZT9.yaml	200	200	0	0	1	29.762	0	81920	0.0	0	37	True	88.27
gr24_Q9LZT9.yaml	200	200	0	0	1	30.323	31	81920	0.04	0	38	True	88.27
gr24_Q9LZT9.yaml	200	200	0	0	1	30.843	2609	81920	3.18	29	38	True	88.27
gr24_Q9LZT9.yaml	200	200	0	0	1	31.368	2609	81920	3.18	0	39	True	88.27
gr24_Q9LZT9.yaml	200	200	0	0	1	31.893	2709	81920	3.31	0	39	True	88.27
gr24_Q9LZT9.yaml	200	200	0	0	1	32.419	2853	81920	3.48	2	40	True	88.27
gr24_Q9LZT9.yaml	200	200	0	0	1	32.948	2853	81920	3.48	0	40	True	88.27
gr24_Q9LZT9.yaml	200	200	0	0	1	33.475	2853	81920	3.48	0	40	True	88.27
gr24_Q9LZT9.yaml	200	200	0	0	1	34.004	2853	81920	3.48	0	40	True	88.27
gr24_Q9LZT9.yaml	200	200	0	0	1	34.532	2853	81920	3.48	0	40	True	88.27
gr24_Q9LZT9.yaml	200	200	0	0	1	35.061	2853	81920	3.48	0	40	True	88.27
gr24_Q9LZT9.yaml	200	200	0	0	1	35.591	2853	81920	3.48	0	40	True	88.27
gr24_Q9LZT9.yaml	200	200	0	0	1	36.121	3339	81920	4.08	0	40	True	88.27
gr24_Q9LZT9.yaml	200	200	0	0	1	36.649	3339	81920	4.08	87	47	True	88.27
gr24_Q9LZT9.yaml	200	200	0	0	1	37.176	3339	81920	4.08	87	51	True	88.27
gr24_Q9LZT9.yaml	200	200	0	0	1	37.709	3385	81920	4.13	12	48	True	88.27
gr24_Q9LZT9.yaml	200	200	0	0	1	38.24	3385	81920	4.13	79	50	True	88.27
gr24_Q9LZT9.yaml	200	200	0	0	1	38.768	3385	81920	4.13	79	52	True	88.27
gr24_Q9LZT9.yaml	200	200	0	0	1	39.297	3385	81920	4.13	79	53	True	88.27
gr24_Q9LZT9.yaml	200	200	0	0	1	39.828	3385	81920	4.13	80	54	True	88.27
gr24_Q9LZT9.yaml	200	200	0	0	1	40.363	3385	81920	4.13	79	55	True	88.27
gr24_Q9LZT9.yaml	200	200	0	0	1	40.894	3385	81920	4.13	80	55	True	88.27
gr24_Q9LZT9.yaml	200	200	0	0	1	41.419	3385	81920	4.13	79	56	True	88.27
gr24_Q9LZT9.yaml	200	200	0	0	1	41.947	3385	81920	4.13	79	56	True	88.27
gr24_Q9LZT9.yaml	200	200	0	0	1	42.48	3385	81920	4.13	79	56	True	88.27
gr24_Q9LZT9.yaml	200	200	0	0	1	43.008	3385	81920	4.13	79	57	True	88.27
gr24_Q9LZT9.yaml	200	200	0	0	1	43.537	3385	81920	4.13	80	57	True	88.27
gr24_Q9LZT9.yaml	200	200	0	0	1	44.067	3385	81920	4.13	2	53	True	88.27
gr24_Q9LZT9.yaml	200	200	0	0	1	44.594	3385	81920	4.13	7	51	True	88.27
gr24_Q9LZT9.yaml	200	200	0	0	1	45.121	3385	81920	4.13	9	50	True	88.27
gr24_Q9LZT9.yaml	200	200	0	0	1	45.65	557	81920	0.68	0	49	True	88.27
gr24_Q9LZT9.yaml	200	200	0	0	1	46.193	557	81920	0.68	0	48	True	88.27
gr24_Q9LZT9.yaml	200	200	0	0	1	46.725	557	81920	0.68	0	48	True	88.27
gr24_Q9LZT9.yaml	200	200	0	0	1	47.252	557	81920	0.68	0	47	True	88.27
gr24_Q9LZT9.yaml	200	200	0	0	1	47.812	557	81920	0.68	0	47	True	88.27
gr24_Q9LZT9.yaml	200	200	0	0	1	48.33	557	81920	0.68	0	46	True	88.27
gr24_Q9LZT9.yaml	200	200	0	0	1	48.849	557	81920	0.68	0	46	True	88.27
gr24_Q9LZT9.yaml	200	200	0	0	1	49.375	557	81920	0.68	0	46	True	88.27
gr24_Q9LZT9.yaml	200	200	0	0	1	49.896	557	81920	0.68	0	45	True	88.27
gr24_Q9LZT9.yaml	200	200	0	0	1	50.412	557	81920	0.68	0	45	True	88.27
gr24_Q9LZT9.yaml	200	200	0	0	1	50.933	557	81920	0.68	0	45	True	88.27
gr24_Q9LZT9.yaml	200	200	0	0	1	51.453	557	81920	0.68	0	45	True	88.27
gr24_Q9LZT9.yaml	200	200	0	0	1	51.991	557	81920	0.68	0	44	True	88.27
gr24_Q9LZT9.yaml	200	200	0	0	1	52.51	557	81920	0.68	0	44	True	88.27
gr24_Q9LZT9.yaml	200	200	0	0	1	53.03	557	81920	0.68	0	44	True	88.27
gr24_Q9LZT9.yaml	200	200	0	0	1	53.551	557	81920	0.68	0	44	True	88.27
gr24_Q9LZT9.yaml	200	200	0	0	1	54.071	557	81920	0.68	0	44	True	88.27
gr24_Q9LZT9.yaml	200	200	0	0	1	54.592	557	81920	0.68	0	44	True	88.27
gr24_Q9LZT9.yaml	200	200	0	0	1	55.145	557	81920	0.68	0	44	True	88.27
gr24_Q9LZT9.yaml	200	200	0	0	1	55.664	557	81920	0.68	0	43	True	88.27
gr24_Q9LZT9.yaml	200	200	0	0	1	56.184	557	81920	0.68	0	43	True	88.27
gr24_Q9LZT9.yaml	200	200	0	0	1	56.702	557	81920	0.68	0	43	True	88.27
gr24_Q9LZT9.yaml	200	200	0	0	1	57.223	557	81920	0.68	0	43	True	88.27
gr24_Q9LZT9.yaml	200	200	0	0	1	57.742	557	81920	0.68	0	43	True	88.27
gr24_Q9LZT9.yaml	200	200	0	0	1	58.262	557	81920	0.68	0	43	True	88.27
gr24_Q9LZT9.yaml	200	200	0	0	1	58.787	557	81920	0.68	0	43	True	88.27
gr24_Q9LZT9.yaml	200	200	0	0	1	59.306	557	81920	0.68	0	43	True	88.27
gr24_Q9LZT9.yaml	200	200	0	0	1	59.822	557	81920	0.68	0	43	True	88.27
gr24_Q9LZT9.yaml	200	200	0	0	1	60.342	557	81920	0.68	0	43	True	88.27
gr24_Q9LZT9.yaml	200	200	0	0	1	60.863	557	81920	0.68	0	43	True	88.27
gr24_Q9LZT9.yaml	200	200	0	0	1	61.381	557	81920	0.68	0	43	True	88.27
gr24_Q9LZT9.yaml	200	200	0	0	1	61.899	557	81920	0.68	0	43	True	88.27
gr24_Q9LZT9.yaml	200	200	0	0	1	62.419	557	81920	0.68	0	43	True	88.27
gr24_Q9LZT9.yaml	200	200	0	0	1	62.94	557	81920	0.68	0	43	True	88.27
gr24_Q9LZT9.yaml	200	200	0	0	1	63.458	557	81920	0.68	0	43	True	88.27
gr24_Q9LZT9.yaml	200	200	0	0	1	63.975	557	81920	0.68	0	43	True	88.27
gr24_Q9LZT9.yaml	200	200	0	0	1	64.493	557	81920	0.68	0	43	True	88.27
gr24_Q9LZT9.yaml	200	200	0	0	1	65.012	557	81920	0.68	0	43	True	88.27
gr24_Q9LZT9.yaml	200	200	0	0	1	65.531	557	81920	0.68	0	43	True	88.27
gr24_Q9LZT9.yaml	200	200	0	0	1	66.059	557	81920	0.68	0	43	True	88.27
gr24_Q9LZT9.yaml	200	200	0	0	1	66.62	2663	81920	3.25	27	43	True	88.27
gr24_Q9LZT9.yaml	200	200	0	0	1	67.136	2697	81920	3.29	0	43	True	88.27
gr24_Q9LZT9.yaml	200	200	0	0	1	67.654	3507	81920	4.28	100	49	True	88.27
gr24_Q9LZT9.yaml	200	200	0	0	1	68.174	3507	81920	4.28	100	53	True	88.27
gr24_Q9LZT9.yaml	200	200	0	0	1	68.692	3507	81920	4.28	100	56	True	88.27
gr24_Q9LZT9.yaml	200	200	0	0	1	69.214	3507	81920	4.28	100	58	True	88.27
gr24_Q9LZT9.yaml	200	200	0	0	1	69.732	3507	81920	4.28	100	59	True	88.27
gr24_Q9LZT9.yaml	200	200	0	0	1	70.254	3507	81920	4.28	99	61	True	88.27
gr24_Q9LZT9.yaml	200	200	0	0	1	70.799	3507	81920	4.28	97	63	True	88.27
gr24_Q9LZT9.yaml	200	200	0	0	1	71.325	3507	81920	4.28	98	65	True	88.27
gr24_Q9LZT9.yaml	200	200	0	0	1	71.852	3507	81920	4.28	98	66	True	88.27
gr24_Q9LZT9.yaml	200	200	0	0	1	72.381	3507	81920	4.28	98	67	True	88.27
gr24_Q9LZT9.yaml	200	200	0	0	1	72.91	3507	81920	4.28	98	68	True	88.27
gr24_Q9LZT9.yaml	200	200	0	0	1	73.436	3507	81920	4.28	98	69	True	88.27
gr24_Q9LZT9.yaml	200	200	0	0	1	73.966	3507	81920	4.28	98	70	True	88.27
gr24_Q9LZT9.yaml	200	200	0	0	1	74.494	3507	81920	4.28	98	70	True	88.27
gr24_Q9LZT9.yaml	200	200	0	0	1	75.021	3507	81920	4.28	98	71	True	88.27
gr24_Q9LZT9.yaml	200	200	0	0	1	75.556	3507	81920	4.28	98	71	True	88.27
gr24_Q9LZT9.yaml	200	200	0	0	1	76.085	3507	81920	4.28	98	71	True	88.27
gr24_Q9LZT9.yaml	200	200	0	0	1	76.613	3507	81920	4.28	97	72	True	88.27
gr24_Q9LZT9.yaml	200	200	0	0	1	77.141	3507	81920	4.28	98	72	True	88.27
gr24_Q9LZT9.yaml	200	200	0	0	1	77.672	3507	81920	4.28	98	73	True	88.27
gr24_Q9LZT9.yaml	200	200	0	0	1	78.294	3507	81920	4.28	98	73	True	88.27
gr24_Q9LZT9.yaml	200	200	0	0	1	78.824	3507	81920	4.28	98	73	True	88.27
gr24_Q9LZT9.yaml	200	200	0	0	1	79.351	3507	81920	4.28	98	74	True	88.27
gr24_Q9LZT9.yaml	200	200	0	0	1	79.882	3507	81920	4.28	98	74	True	88.27
gr24_Q9LZT9.yaml	200	200	0	0	1	80.414	3507	81920	4.28	98	73	True	88.27
gr24_Q9LZT9.yaml	200	200	0	0	1	80.942	3507	81920	4.28	98	73	True	88.27
gr24_Q9LZT9.yaml	200	200	0	0	1	81.469	3507	81920	4.28	98	74	True	88.27
gr24_Q9LZT9.yaml	200	200	0	0	1	81.997	3507	81920	4.28	98	74	True	88.27
gr24_Q9LZT9.yaml	200	200	0	0	1	82.528	3507	81920	4.28	97	74	True	88.27
gr24_Q9LZT9.yaml	200	200	0	0	1	83.058	3507	81920	4.28	98	74	True	88.27
gr24_Q9LZT9.yaml	200	200	0	0	1	83.59	3515	81920	4.29	97	74	True	88.27
gr24_Q9LZT9.yaml	200	200	0	0	1	84.118	3689	81920	4.5	86	69	True	88.27
gr24_Q9LZT9.yaml	200	200	0	0	1	84.646	3689	81920	4.5	9	65	True	88.27
gr24_Q9LZT9.yaml	200	200	0	0	1	85.177	555	81920	0.68	19	62	True	88.27
gr24_Q9LZT9.yaml	200	200	0	0	1	85.702	555	81920	0.68	0	60	True	88.27
gr24_Q9LZT9.yaml	200	200	0	0	1	86.231	555	81920	0.68	0	58	True	88.27
gr24_Q9LZT9.yaml	200	200	0	0	1	86.759	519	81920	0.63	0	56	True	88.27
gr24_Q9LZT9.yaml	200	200	0	0	1	87.35	519	81920	0.63	0	55	True	88.27
gr24_Q9LZT9.yaml	200	200	0	0	1	87.868	0	81920	0.0	0	54	True	88.27
gr24_Q9M1T9.yaml	300	300	0	0	1	0.0	0	81920	0.0	0	53	True	89.13
gr24_Q9M1T9.yaml	300	300	0	0	1	0.526	0	81920	0.0	0	52	True	89.13
gr24_Q9M1T9.yaml	300	300	0	0	1	1.054	0	81920	0.0	0	50	True	89.13
gr24_Q9M1T9.yaml	300	300	0	0	1	1.581	0	81920	0.0	0	49	True	89.13
gr24_Q9M1T9.yaml	300	300	0	0	1	2.111	0	81920	0.0	0	48	True	89.13
gr24_Q9M1T9.yaml	300	300	0	0	1	2.64	0	81920	0.0	0	47	True	89.13
gr24_Q9M1T9.yaml	300	300	0	0	1	3.172	0	81920	0.0	0	46	True	89.13
gr24_Q9M1T9.yaml	300	300	0	0	1	3.695	0	81920	0.0	0	45	True	89.13
gr24_Q9M1T9.yaml	300	300	0	0	1	4.219	0	81920	0.0	0	45	True	89.13
gr24_Q9M1T9.yaml	300	300	0	0	1	4.743	0	81920	0.0	0	44	True	89.13
gr24_Q9M1T9.yaml	300	300	0	0	1	5.272	0	81920	0.0	0	43	True	89.13
gr24_Q9M1T9.yaml	300	300	0	0	1	5.803	0	81920	0.0	0	43	True	89.13
gr24_Q9M1T9.yaml	300	300	0	0	1	6.324	0	81920	0.0	0	43	True	89.13
gr24_Q9M1T9.yaml	300	300	0	0	1	6.853	0	81920	0.0	0	42	True	89.13
gr24_Q9M1T9.yaml	300	300	0	0	1	7.382	0	81920	0.0	0	42	True	89.13
gr24_Q9M1T9.yaml	300	300	0	0	1	7.915	0	81920	0.0	0	42	True	89.13
gr24_Q9M1T9.yaml	300	300	0	0	1	8.441	0	81920	0.0	0	41	True	89.13
gr24_Q9M1T9.yaml	300	300	0	0	1	8.973	0	81920	0.0	0	41	True	89.13
gr24_Q9M1T9.yaml	300	300	0	0	1	9.5	0	81920	0.0	0	41	True	89.13
gr24_Q9M1T9.yaml	300	300	0	0	1	10.029	0	81920	0.0	0	41	True	89.13
gr24_Q9M1T9.yaml	300	300	0	0	1	10.558	0	81920	0.0	0	40	True	89.13
gr24_Q9M1T9.yaml	300	300	0	0	1	11.091	0	81920	0.0	0	40	True	89.13
gr24_Q9M1T9.yaml	300	300	0	0	1	11.614	0	81920	0.0	0	40	True	89.13
gr24_Q9M1T9.yaml	300	300	0	0	1	12.134	0	81920	0.0	0	40	True	89.13
gr24_Q9M1T9.yaml	300	300	0	0	1	12.663	0	81920	0.0	0	40	True	89.13
gr24_Q9M1T9.yaml	300	300	0	0	1	13.184	0	81920	0.0	0	40	True	89.13
gr24_Q9M1T9.yaml	300	300	0	0	1	13.703	0	81920	0.0	0	39	True	89.13
gr24_Q9M1T9.yaml	300	300	0	0	1	14.232	0	81920	0.0	0	39	True	89.13
gr24_Q9M1T9.yaml	300	300	0	0	1	14.752	0	81920	0.0	0	39	True	89.13
gr24_Q9M1T9.yaml	300	300	0	0	1	15.271	0	81920	0.0	0	39	True	89.13
gr24_Q9M1T9.yaml	300	300	0	0	1	15.795	0	81920	0.0	0	39	True	89.13
gr24_Q9M1T9.yaml	300	300	0	0	1	16.311	0	81920	0.0	0	39	True	89.13
gr24_Q9M1T9.yaml	300	300	0	0	1	16.828	0	81920	0.0	0	39	True	89.13
gr24_Q9M1T9.yaml	300	300	0	0	1	17.354	0	81920	0.0	0	39	True	89.13
gr24_Q9M1T9.yaml	300	300	0	0	1	17.875	0	81920	0.0	0	39	True	89.13
gr24_Q9M1T9.yaml	300	300	0	0	1	18.394	0	81920	0.0	0	39	True	89.13
gr24_Q9M1T9.yaml	300	300	0	0	1	18.918	0	81920	0.0	0	39	True	89.13
gr24_Q9M1T9.yaml	300	300	0	0	1	19.435	0	81920	0.0	0	39	True	89.13
gr24_Q9M1T9.yaml	300	300	0	0	1	19.962	0	81920	0.0	0	39	True	89.13
gr24_Q9M1T9.yaml	300	300	0	0	1	20.495	0	81920	0.0	0	39	True	89.13
gr24_Q9M1T9.yaml	300	300	0	0	1	21.018	0	81920	0.0	0	38	True	89.13
gr24_Q9M1T9.yaml	300	300	0	0	1	21.539	0	81920	0.0	0	38	True	89.13
gr24_Q9M1T9.yaml	300	300	0	0	1	22.06	0	81920	0.0	0	38	True	89.13
gr24_Q9M1T9.yaml	300	300	0	0	1	22.588	0	81920	0.0	0	38	True	89.13
gr24_Q9M1T9.yaml	300	300	0	0	1	23.108	0	81920	0.0	0	38	True	89.13
gr24_Q9M1T9.yaml	300	300	0	0	1	23.626	0	81920	0.0	0	38	True	89.13
gr24_Q9M1T9.yaml	300	300	0	0	1	24.158	0	81920	0.0	0	38	True	89.13
gr24_Q9M1T9.yaml	300	300	0	0	1	24.676	0	81920	0.0	0	38	True	89.13
gr24_Q9M1T9.yaml	300	300	0	0	1	25.195	0	81920	0.0	0	38	True	89.13
gr24_Q9M1T9.yaml	300	300	0	0	1	25.712	0	81920	0.0	0	38	True	89.13
gr24_Q9M1T9.yaml	300	300	0	0	1	26.229	0	81920	0.0	0	38	True	89.13
gr24_Q9M1T9.yaml	300	300	0	0	1	26.755	0	81920	0.0	0	38	True	89.13
gr24_Q9M1T9.yaml	300	300	0	0	1	27.275	0	81920	0.0	0	38	True	89.13
gr24_Q9M1T9.yaml	300	300	0	0	1	27.792	0	81920	0.0	0	38	True	89.13
gr24_Q9M1T9.yaml	300	300	0	0	1	28.309	0	81920	0.0	0	38	True	89.13
gr24_Q9M1T9.yaml	300	300	0	0	1	28.828	0	81920	0.0	0	38	True	89.13
gr24_Q9M1T9.yaml	300	300	0	0	1	29.347	0	81920	0.0	0	38	True	89.13
gr24_Q9M1T9.yaml	300	300	0	0	1	29.865	20	81920	0.02	0	38	True	89.13
gr24_Q9M1T9.yaml	300	300	0	0	1	30.398	2533	81920	3.09	24	39	True	89.13
gr24_Q9M1T9.yaml	300	300	0	0	1	30.915	2609	81920	3.18	0	39	True	89.13
gr24_Q9M1T9.yaml	300	300	0	0	1	31.438	2709	81920	3.31	0	40	True	89.13
gr24_Q9M1T9.yaml	300	300	0	0	1	31.96	2781	81920	3.39	2	40	True	89.13
gr24_Q9M1T9.yaml	300	300	0	0	1	32.487	3133	81920	3.82	0	40	True	89.13
gr24_Q9M1T9.yaml	300	300	0	0	1	33.015	3133	81920	3.82	0	40	True	89.13
gr24_Q9M1T9.yaml	300	300	0	0	1	33.542	3133	81920	3.82	0	41	True	89.13
gr24_Q9M1T9.yaml	300	300	0	0	1	34.068	3133	81920	3.82	0	41	True	89.13
gr24_Q9M1T9.yaml	300	300	0	0	1	34.598	3133	81920	3.82	0	41	True	89.13
gr24_Q9M1T9.yaml	300	300	0	0	1	35.128	3133	81920	3.82	0	41	True	89.13
gr24_Q9M1T9.yaml	300	300	0	0	1	35.656	5221	81920	6.37	0	42	True	89.13
gr24_Q9M1T9.yaml	300	300	0	0	1	36.183	5221	81920	6.37	100	49	True	89.13
gr24_Q9M1T9.yaml	300	300	0	0	1	36.712	5221	81920	6.37	100	53	True	89.13
gr24_Q9M1T9.yaml	300	300	0	0	1	37.25	5221	81920	6.37	100	55	True	89.13
gr24_Q9M1T9.yaml	300	300	0	0	1	37.778	5221	81920	6.37	100	57	True	89.13
gr24_Q9M1T9.yaml	300	300	0	0	1	38.311	5267	81920	6.43	27	53	True	89.13
gr24_Q9M1T9.yaml	300	300	0	0	1	38.841	5267	81920	6.43	91	57	True	89.13
gr24_Q9M1T9.yaml	300	300	0	0	1	39.37	5267	81920	6.43	92	58	True	89.13
gr24_Q9M1T9.yaml	300	300	0	0	1	39.898	5267	81920	6.43	92	60	True	89.13
gr24_Q9M1T9.yaml	300	300	0	0	1	40.428	5267	81920	6.43	91	60	True	89.13
gr24_Q9M1T9.yaml	300	300	0	0	1	40.961	5267	81920	6.43	92	61	True	89.13
gr24_Q9M1T9.yaml	300	300	0	0	1	41.489	5267	81920	6.43	92	62	True	89.13
gr24_Q9M1T9.yaml	300	300	0	0	1	42.02	5267	81920	6.43	92	63	True	89.13
gr24_Q9M1T9.yaml	300	300	0	0	1	42.545	5267	81920	6.43	92	63	True	89.13
gr24_Q9M1T9.yaml	300	300	0	0	1	43.076	5267	81920	6.43	91	64	True	89.13
gr24_Q9M1T9.yaml	300	300	0	0	1	43.603	5267	81920	6.43	92	64	True	89.13
gr24_Q9M1T9.yaml	300	300	0	0	1	44.131	5267	81920	6.43	92	65	True	89.13
gr24_Q9M1T9.yaml	300	300	0	0	1	44.659	5267	81920	6.43	92	65	True	89.13
gr24_Q9M1T9.yaml	300	300	0	0	1	45.186	5269	81920	6.43	86	62	True	89.13
gr24_Q9M1T9.yaml	300	300	0	0	1	45.715	5271	81920	6.43	5	58	True	89.13
gr24_Q9M1T9.yaml	300	300	0	0	1	46.243	5271	81920	6.43	7	56	True	89.13
gr24_Q9M1T9.yaml	300	300	0	0	1	46.775	557	81920	0.68	64	54	True	89.13
gr24_Q9M1T9.yaml	300	300	0	0	1	47.301	557	81920	0.68	0	53	True	89.13
gr24_Q9M1T9.yaml	300	300	0	0	1	47.832	557	81920	0.68	0	52	True	89.13
gr24_Q9M1T9.yaml	300	300	0	0	1	48.361	557	81920	0.68	0	51	True	89.13
gr24_Q9M1T9.yaml	300	300	0	0	1	48.888	557	81920	0.68	0	50	True	89.13
gr24_Q9M1T9.yaml	300	300	0	0	1	49.411	557	81920	0.68	0	49	True	89.13
gr24_Q9M1T9.yaml	300	300	0	0	1	49.93	557	81920	0.68	0	49	True	89.13
gr24_Q9M1T9.yaml	300	300	0	0	1	50.453	557	81920	0.68	0	48	True	89.13
gr24_Q9M1T9.yaml	300	300	0	0	1	50.977	557	81920	0.68	0	48	True	89.13
gr24_Q9M1T9.yaml	300	300	0	0	1	51.495	557	81920	0.68	0	47	True	89.13
gr24_Q9M1T9.yaml	300	300	0	0	1	52.012	557	81920	0.68	0	47	True	89.13
gr24_Q9M1T9.yaml	300	300	0	0	1	52.528	557	81920	0.68	0	46	True	89.13
gr24_Q9M1T9.yaml	300	300	0	0	1	53.045	557	81920	0.68	0	46	True	89.13
gr24_Q9M1T9.yaml	300	300	0	0	1	53.563	557	81920	0.68	0	46	True	89.13
gr24_Q9M1T9.yaml	300	300	0	0	1	54.092	557	81920	0.68	0	45	True	89.13
gr24_Q9M1T9.yaml	300	300	0	0	1	54.625	557	81920	0.68	0	45	True	89.13
gr24_Q9M1T9.yaml	300	300	0	0	1	55.151	557	81920	0.68	0	45	True	89.13
gr24_Q9M1T9.yaml	300	300	0	0	1	55.673	557	81920	0.68	0	45	True	89.13
gr24_Q9M1T9.yaml	300	300	0	0	1	56.194	557	81920	0.68	0	45	True	89.13
gr24_Q9M1T9.yaml	300	300	0	0	1	56.714	557	81920	0.68	0	44	True	89.13
gr24_Q9M1T9.yaml	300	300	0	0	1	57.232	557	81920	0.68	0	44	True	89.13
gr24_Q9M1T9.yaml	300	300	0	0	1	57.752	557	81920	0.68	0	44	True	89.13
gr24_Q9M1T9.yaml	300	300	0	0	1	58.267	557	81920	0.68	0	44	True	89.13
gr24_Q9M1T9.yaml	300	300	0	0	1	58.787	557	81920	0.68	0	44	True	89.13
gr24_Q9M1T9.yaml	300	300	0	0	1	59.303	557	81920	0.68	0	44	True	89.13
gr24_Q9M1T9.yaml	300	300	0	0	1	59.82	557	81920	0.68	0	44	True	89.13
gr24_Q9M1T9.yaml	300	300	0	0	1	60.34	557	81920	0.68	0	44	True	89.13
gr24_Q9M1T9.yaml	300	300	0	0	1	60.864	557	81920	0.68	0	44	True	89.13
gr24_Q9M1T9.yaml	300	300	0	0	1	61.386	557	81920	0.68	0	44	True	89.13
gr24_Q9M1T9.yaml	300	300	0	0	1	61.904	557	81920	0.68	0	43	True	89.13
gr24_Q9M1T9.yaml	300	300	0	0	1	62.435	557	81920	0.68	0	43	True	89.13
gr24_Q9M1T9.yaml	300	300	0	0	1	62.952	557	81920	0.68	0	43	True	89.13
gr24_Q9M1T9.yaml	300	300	0	0	1	63.47	557	81920	0.68	0	43	True	89.13
gr24_Q9M1T9.yaml	300	300	0	0	1	63.987	557	81920	0.68	0	43	True	89.13
gr24_Q9M1T9.yaml	300	300	0	0	1	64.508	557	81920	0.68	0	43	True	89.13
gr24_Q9M1T9.yaml	300	300	0	0	1	65.035	557	81920	0.68	0	43	True	89.13
gr24_Q9M1T9.yaml	300	300	0	0	1	65.556	557	81920	0.68	0	43	True	89.13
gr24_Q9M1T9.yaml	300	300	0	0	1	66.079	557	81920	0.68	0	43	True	89.13
gr24_Q9M1T9.yaml	300	300	0	0	1	66.595	557	81920	0.68	0	43	True	89.13
gr24_Q9M1T9.yaml	300	300	0	0	1	67.112	557	81920	0.68	0	43	True	89.13
gr24_Q9M1T9.yaml	300	300	0	0	1	67.642	2697	81920	3.29	24	43	True	89.13
gr24_Q9M1T9.yaml	300	300	0	0	1	68.157	2697	81920	3.29	0	43	True	89.13
gr24_Q9M1T9.yaml	300	300	0	0	1	68.681	4011	81920	4.9	99	51	True	89.13
gr24_Q9M1T9.yaml	300	300	0	0	1	69.271	4011	81920	4.9	100	55	True	89.13
gr24_Q9M1T9.yaml	300	300	0	0	1	69.793	4011	81920	4.9	100	57	True	89.13
gr24_Q9M1T9.yaml	300	300	0	0	1	70.316	4011	81920	4.9	100	59	True	89.13
gr24_Q9M1T9.yaml	300	300	0	0	1	70.836	4011	81920	4.9	100	60	True	89.13
gr24_Q9M1T9.yaml	300	300	0	0	1	71.358	4011	81920	4.9	99	62	True	89.13
gr24_Q9M1T9.yaml	300	300	0	0	1	71.88	4011	81920	4.9	98	65	True	89.13
gr24_Q9M1T9.yaml	300	300	0	0	1	72.399	4011	81920	4.9	98	66	True	89.13
gr24_Q9M1T9.yaml	300	300	0	0	1	72.926	4011	81920	4.9	98	67	True	89.13
gr24_Q9M1T9.yaml	300	300	0	0	1	73.461	4011	81920	4.9	98	67	True	89.13
gr24_Q9M1T9.yaml	300	300	0	0	1	73.993	4011	81920	4.9	98	69	True	89.13
gr24_Q9M1T9.yaml	300	300	0	0	1	74.544	4011	81920	4.9	98	69	True	89.13
gr24_Q9M1T9.yaml	300	300	0	0	1	75.083	4011	81920	4.9	98	70	True	89.13
gr24_Q9M1T9.yaml	300	300	0	0	1	75.613	4011	81920	4.9	98	70	True	89.13
gr24_Q9M1T9.yaml	300	300	0	0	1	76.139	4011	81920	4.9	98	71	True	89.13
gr24_Q9M1T9.yaml	300	300	0	0	1	76.667	4011	81920	4.9	97	72	True	89.13
gr24_Q9M1T9.yaml	300	300	0	0	1	77.198	4011	81920	4.9	98	72	True	89.13
gr24_Q9M1T9.yaml	300	300	0	0	1	77.726	4011	81920	4.9	98	72	True	89.13
gr24_Q9M1T9.yaml	300	300	0	0	1	78.263	4011	81920	4.9	98	73	True	89.13
gr24_Q9M1T9.yaml	300	300	0	0	1	78.796	4011	81920	4.9	98	73	True	89.13
gr24_Q9M1T9.yaml	300	300	0	0	1	79.324	4011	81920	4.9	98	74	True	89.13
gr24_Q9M1T9.yaml	300	300	0	0	1	79.851	4011	81920	4.9	98	74	True	89.13
gr24_Q9M1T9.yaml	300	300	0	0	1	80.38	4011	81920	4.9	98	74	True	89.13
gr24_Q9M1T9.yaml	300	300	0	0	1	80.911	4011	81920	4.9	98	74	True	89.13
gr24_Q9M1T9.yaml	300	300	0	0	1	81.445	4011	81920	4.9	98	74	True	89.13
gr24_Q9M1T9.yaml	300	300	0	0	1	81.976	4011	81920	4.9	98	74	True	89.13
gr24_Q9M1T9.yaml	300	300	0	0	1	82.504	4011	81920	4.9	98	75	True	89.13
gr24_Q9M1T9.yaml	300	300	0	0	1	83.031	4011	81920	4.9	98	74	True	89.13
gr24_Q9M1T9.yaml	300	300	0	0	1	83.563	4011	81920	4.9	98	75	True	89.13
gr24_Q9M1T9.yaml	300	300	0	0	1	84.091	4011	81920	4.9	98	75	True	89.13
gr24_Q9M1T9.yaml	300	300	0	0	1	84.621	4017	81920	4.9	98	74	True	89.13
gr24_Q9M1T9.yaml	300	300	0	0	1	85.151	4191	81920	5.12	91	70	True	89.13
gr24_Q9M1T9.yaml	300	300	0	0	1	85.682	4191	81920	5.12	9	66	True	89.13
gr24_Q9M1T9.yaml	300	300	0	0	1	86.228	555	81920	0.68	9	62	True	89.13
gr24_Q9M1T9.yaml	300	300	0	0	1	86.757	555	81920	0.68	0	60	True	89.13
gr24_Q9M1T9.yaml	300	300	0	0	1	87.287	555	81920	0.68	0	59	True	89.13
gr24_Q9M1T9.yaml	300	300	0	0	1	87.815	519	81920	0.63	0	57	True	89.13
gr24_Q9M1T9.yaml	300	300	0	0	1	88.34	519	81920	0.63	0	56	True	89.13
gr24_Q9M1T9.yaml	300	300	0	0	1	88.87	0	81920	0.0	0	54	True	89.13
gr24_Q9SU57.yaml	350	350	0	0	1	0.0	0	81920	0.0	0	54	True	103.87
gr24_Q9SU57.yaml	350	350	0	0	1	0.53	0	81920	0.0	0	53	True	103.87
gr24_Q9SU57.yaml	350	350	0	0	1	1.058	0	81920	0.0	0	51	True	103.87
gr24_Q9SU57.yaml	350	350	0	0	1	1.585	0	81920	0.0	0	50	True	103.87
gr24_Q9SU57.yaml	350	350	0	0	1	2.112	0	81920	0.0	0	49	True	103.87
gr24_Q9SU57.yaml	350	350	0	0	1	2.644	0	81920	0.0	0	47	True	103.87
gr24_Q9SU57.yaml	350	350	0	0	1	3.173	0	81920	0.0	0	47	True	103.87
gr24_Q9SU57.yaml	350	350	0	0	1	3.691	0	81920	0.0	0	46	True	103.87
gr24_Q9SU57.yaml	350	350	0	0	1	4.21	0	81920	0.0	0	45	True	103.87
gr24_Q9SU57.yaml	350	350	0	0	1	4.736	0	81920	0.0	0	45	True	103.87
gr24_Q9SU57.yaml	350	350	0	0	1	5.258	0	81920	0.0	0	44	True	103.87
gr24_Q9SU57.yaml	350	350	0	0	1	5.784	0	81920	0.0	0	44	True	103.87
gr24_Q9SU57.yaml	350	350	0	0	1	6.303	0	81920	0.0	0	43	True	103.87
gr24_Q9SU57.yaml	350	350	0	0	1	6.825	0	81920	0.0	0	43	True	103.87
gr24_Q9SU57.yaml	350	350	0	0	1	7.348	0	81920	0.0	0	42	True	103.87
gr24_Q9SU57.yaml	350	350	0	0	1	7.871	0	81920	0.0	0	42	True	103.87
gr24_Q9SU57.yaml	350	350	0	0	1	8.395	0	81920	0.0	0	42	True	103.87
gr24_Q9SU57.yaml	350	350	0	0	1	8.924	0	81920	0.0	0	41	True	103.87
gr24_Q9SU57.yaml	350	350	0	0	1	9.454	0	81920	0.0	0	41	True	103.87
gr24_Q9SU57.yaml	350	350	0	0	1	9.991	0	81920	0.0	0	41	True	103.87
gr24_Q9SU57.yaml	350	350	0	0	1	10.518	0	81920	0.0	0	41	True	103.87
gr24_Q9SU57.yaml	350	350	0	0	1	11.046	0	81920	0.0	0	41	True	103.87
gr24_Q9SU57.yaml	350	350	0	0	1	11.575	0	81920	0.0	0	40	True	103.87
gr24_Q9SU57.yaml	350	350	0	0	1	12.094	0	81920	0.0	0	40	True	103.87
gr24_Q9SU57.yaml	350	350	0	0	1	12.613	0	81920	0.0	0	40	True	103.87
gr24_Q9SU57.yaml	350	350	0	0	1	13.134	0	81920	0.0	0	40	True	103.87
gr24_Q9SU57.yaml	350	350	0	0	1	13.657	0	81920	0.0	0	40	True	103.87
gr24_Q9SU57.yaml	350	350	0	0	1	14.182	0	81920	0.0	0	40	True	103.87
gr24_Q9SU57.yaml	350	350	0	0	1	14.699	0	81920	0.0	0	40	True	103.87
gr24_Q9SU57.yaml	350	350	0	0	1	15.216	0	81920	0.0	0	40	True	103.87
gr24_Q9SU57.yaml	350	350	0	0	1	15.737	0	81920	0.0	0	39	True	103.87
gr24_Q9SU57.yaml	350	350	0	0	1	16.255	0	81920	0.0	0	39	True	103.87
gr24_Q9SU57.yaml	350	350	0	0	1	16.773	0	81920	0.0	0	39	True	103.87
gr24_Q9SU57.yaml	350	350	0	0	1	17.29	0	81920	0.0	0	39	True	103.87
gr24_Q9SU57.yaml	350	350	0	0	1	17.808	0	81920	0.0	0	39	True	103.87
gr24_Q9SU57.yaml	350	350	0	0	1	18.344	0	81920	0.0	0	39	True	103.87
gr24_Q9SU57.yaml	350	350	0	0	1	18.864	0	81920	0.0	0	39	True	103.87
gr24_Q9SU57.yaml	350	350	0	0	1	19.383	0	81920	0.0	0	39	True	103.87
gr24_Q9SU57.yaml	350	350	0	0	1	19.903	0	81920	0.0	0	39	True	103.87
gr24_Q9SU57.yaml	350	350	0	0	1	20.425	0	81920	0.0	0	39	True	103.87
gr24_Q9SU57.yaml	350	350	0	0	1	20.948	0	81920	0.0	0	39	True	103.87
gr24_Q9SU57.yaml	350	350	0	0	1	21.467	0	81920	0.0	0	39	True	103.87
gr24_Q9SU57.yaml	350	350	0	0	1	21.984	0	81920	0.0	0	39	True	103.87
gr24_Q9SU57.yaml	350	350	0	0	1	22.506	0	81920	0.0	0	39	True	103.87
gr24_Q9SU57.yaml	350	350	0	0	1	23.027	0	81920	0.0	0	39	True	103.87
gr24_Q9SU57.yaml	350	350	0	0	1	23.549	0	81920	0.0	0	39	True	103.87
gr24_Q9SU57.yaml	350	350	0	0	1	24.066	0	81920	0.0	0	39	True	103.87
gr24_Q9SU57.yaml	350	350	0	0	1	24.586	0	81920	0.0	0	38	True	103.87
gr24_Q9SU57.yaml	350	350	0	0	1	25.103	0	81920	0.0	0	38	True	103.87
gr24_Q9SU57.yaml	350	350	0	0	1	25.627	0	81920	0.0	0	38	True	103.87
gr24_Q9SU57.yaml	350	350	0	0	1	26.146	0	81920	0.0	0	38	True	103.87
gr24_Q9SU57.yaml	350	350	0	0	1	26.664	0	81920	0.0	0	38	True	103.87
gr24_Q9SU57.yaml	350	350	0	0	1	27.186	0	81920	0.0	0	38	True	103.87
gr24_Q9SU57.yaml	350	350	0	0	1	27.706	0	81920	0.0	0	38	True	103.87
gr24_Q9SU57.yaml	350	350	0	0	1	28.223	0	81920	0.0	0	38	True	103.87
gr24_Q9SU57.yaml	350	350	0	0	1	28.742	0	81920	0.0	0	38	True	103.87
gr24_Q9SU57.yaml	350	350	0	0	1	29.259	0	81920	0.0	0	38	True	103.87
gr24_Q9SU57.yaml	350	350	0	0	1	29.777	0	81920	0.0	0	38	True	103.87
gr24_Q9SU57.yaml	350	350	0	0	1	30.302	0	81920	0.0	0	38	True	103.87
gr24_Q9SU57.yaml	350	350	0	0	1	30.829	0	81920	0.0	0	38	True	103.87
gr24_Q9SU57.yaml	350	350	0	0	1	31.378	0	81920	0.0	0	38	True	103.87
gr24_Q9SU57.yaml	350	350	0	0	1	31.907	0	81920	0.0	0	38	True	103.87
gr24_Q9SU57.yaml	350	350	0	0	1	32.444	0	81920	0.0	0	38	True	103.87
gr24_Q9SU57.yaml	350	350	0	0	1	32.974	0	81920	0.0	0	38	True	103.87
gr24_Q9SU57.yaml	350	350	0	0	1	33.535	0	81920	0.0	0	38	True	103.87
gr24_Q9SU57.yaml	350	350	0	0	1	34.075	0	81920	0.0	0	38	True	103.87
gr24_Q9SU57.yaml	350	350	0	0	1	34.601	0	81920	0.0	0	38	True	103.87
gr24_Q9SU57.yaml	350	350	0	0	1	35.138	0	81920	0.0	0	38	True	103.87
gr24_Q9SU57.yaml	350	350	0	0	1	35.658	0	81920	0.0	0	37	True	103.87
gr24_Q9SU57.yaml	350	350	0	0	1	36.214	0	81920	0.0	0	37	True	103.87
gr24_Q9SU57.yaml	350	350	0	0	1	36.735	0	81920	0.0	0	37	True	103.87
gr24_Q9SU57.yaml	350	350	0	0	1	37.273	0	81920	0.0	0	37	True	103.87
gr24_Q9SU57.yaml	350	350	0	0	1	37.812	0	81920	0.0	0	37	True	103.87
gr24_Q9SU57.yaml	350	350	0	0	1	38.353	0	81920	0.0	0	37	True	103.87
gr24_Q9SU57.yaml	350	350	0	0	1	38.879	469	81920	0.57	0	37	True	103.87
gr24_Q9SU57.yaml	350	350	0	0	1	39.395	2609	81920	3.18	23	38	True	103.87
gr24_Q9SU57.yaml	350	350	0	0	1	39.913	2609	81920	3.18	0	39	True	103.87
gr24_Q9SU57.yaml	350	350	0	0	1	40.447	2609	81920	3.18	0	39	True	103.87
gr24_Q9SU57.yaml	350	350	0	0	1	40.974	2609	81920	3.18	0	39	True	103.87
gr24_Q9SU57.yaml	350	350	0	0	1	41.5	2609	81920	3.18	0	40	True	103.87
gr24_Q9SU57.yaml	350	350	0	0	1	42.03	2865	81920	3.5	3	40	True	103.87
gr24_Q9SU57.yaml	350	350	0	0	1	42.562	3303	81920	4.03	1	40	True	103.87
gr24_Q9SU57.yaml	350	350	0	0	1	43.089	3303	81920	4.03	0	40	True	103.87
gr24_Q9SU57.yaml	350	350	0	0	1	43.621	3303	81920	4.03	0	40	True	103.87
gr24_Q9SU57.yaml	350	350	0	0	1	44.148	3303	81920	4.03	0	40	True	103.87
gr24_Q9SU57.yaml	350	350	0	0	1	44.68	3303	81920	4.03	0	40	True	103.87
gr24_Q9SU57.yaml	350	350	0	0	1	45.21	3303	81920	4.03	0	40	True	103.87
gr24_Q9SU57.yaml	350	350	0	0	1	45.743	3303	81920	4.03	0	40	True	103.87
gr24_Q9SU57.yaml	350	350	0	0	1	46.272	17181	81920	20.97	100	48	True	103.87
gr24_Q9SU57.yaml	350	350	0	0	1	46.803	17181	81920	20.97	100	51	True	103.87
gr24_Q9SU57.yaml	350	350	0	0	1	47.332	17181	81920	20.97	100	54	True	103.87
gr24_Q9SU57.yaml	350	350	0	0	1	47.862	17181	81920	20.97	100	56	True	103.87
gr24_Q9SU57.yaml	350	350	0	0	1	48.403	17181	81920	20.97	100	57	True	103.87
gr24_Q9SU57.yaml	350	350	0	0	1	48.936	17181	81920	20.97	100	59	True	103.87
gr24_Q9SU57.yaml	350	350	0	0	1	49.465	17181	81920	20.97	100	60	True	103.87
gr24_Q9SU57.yaml	350	350	0	0	1	49.996	17183	81920	20.98	97	59	True	103.87
gr24_Q9SU57.yaml	350	350	0	0	1	50.526	17219	81920	21.02	93	60	True	103.87
gr24_Q9SU57.yaml	350	350	0	0	1	51.056	17219	81920	21.02	93	61	True	103.87
gr24_Q9SU57.yaml	350	350	0	0	1	51.626	17219	81920	21.02	93	62	True	103.87
gr24_Q9SU57.yaml	350	350	0	0	1	52.157	17219	81920	21.02	94	63	True	103.87
gr24_Q9SU57.yaml	350	350	0	0	1	52.684	17219	81920	21.02	93	64	True	103.87
gr24_Q9SU57.yaml	350	350	0	0	1	53.217	17219	81920	21.02	93	65	True	103.87
gr24_Q9SU57.yaml	350	350	0	0	1	53.748	17219	81920	21.02	93	66	True	103.87
gr24_Q9SU57.yaml	350	350	0	0	1	54.279	17219	81920	21.02	93	66	True	103.87
gr24_Q9SU57.yaml	350	350	0	0	1	54.805	17219	81920	21.02	93	67	True	103.87
gr24_Q9SU57.yaml	350	350	0	0	1	55.334	17219	81920	21.02	93	67	True	103.87
gr24_Q9SU57.yaml	350	350	0	0	1	55.864	17219	81920	21.02	93	68	True	103.87
gr24_Q9SU57.yaml	350	350	0	0	1	56.393	17219	81920	21.02	93	68	True	103.87
gr24_Q9SU57.yaml	350	350	0	0	1	56.922	17219	81920	21.02	93	69	True	103.87
gr24_Q9SU57.yaml	350	350	0	0	1	57.45	17231	81920	21.03	23	63	True	103.87
gr24_Q9SU57.yaml	350	350	0	0	1	57.983	17231	81920	21.03	8	59	True	103.87
gr24_Q9SU57.yaml	350	350	0	0	1	58.513	17231	81920	21.03	7	57	True	103.87
gr24_Q9SU57.yaml	350	350	0	0	1	59.035	557	81920	0.68	11	55	True	103.87
gr24_Q9SU57.yaml	350	350	0	0	1	59.558	557	81920	0.68	19	54	True	103.87
gr24_Q9SU57.yaml	350	350	0	0	1	60.097	557	81920	0.68	0	53	True	103.87
gr24_Q9SU57.yaml	350	350	0	0	1	60.625	557	81920	0.68	0	52	True	103.87
gr24_Q9SU57.yaml	350	350	0	0	1	61.152	557	81920	0.68	0	51	True	103.87
gr24_Q9SU57.yaml	350	350	0	0	1	61.67	557	81920	0.68	0	50	True	103.87
gr24_Q9SU57.yaml	350	350	0	0	1	62.188	557	81920	0.68	0	50	True	103.87
gr24_Q9SU57.yaml	350	350	0	0	1	62.705	557	81920	0.68	0	49	True	103.87
gr24_Q9SU57.yaml	350	350	0	0	1	63.234	557	81920	0.68	0	48	True	103.87
gr24_Q9SU57.yaml	350	350	0	0	1	63.751	557	81920	0.68	0	48	True	103.87
gr24_Q9SU57.yaml	350	350	0	0	1	64.267	557	81920	0.68	0	47	True	103.87
gr24_Q9SU57.yaml	350	350	0	0	1	64.797	557	81920	0.68	0	47	True	103.87
gr24_Q9SU57.yaml	350	350	0	0	1	65.314	557	81920	0.68	0	47	True	103.87
gr24_Q9SU57.yaml	350	350	0	0	1	65.832	557	81920	0.68	0	46	True	103.87
gr24_Q9SU57.yaml	350	350	0	0	1	66.35	557	81920	0.68	0	46	True	103.87
gr24_Q9SU57.yaml	350	350	0	0	1	66.868	557	81920	0.68	0	46	True	103.87
gr24_Q9SU57.yaml	350	350	0	0	1	67.391	557	81920	0.68	0	45	True	103.87
gr24_Q9SU57.yaml	350	350	0	0	1	67.908	557	81920	0.68	0	45	True	103.87
gr24_Q9SU57.yaml	350	350	0	0	1	68.426	557	81920	0.68	0	45	True	103.87
gr24_Q9SU57.yaml	350	350	0	0	1	68.951	557	81920	0.68	0	45	True	103.87
gr24_Q9SU57.yaml	350	350	0	0	1	69.468	557	81920	0.68	0	44	True	103.87
gr24_Q9SU57.yaml	350	350	0	0	1	70.001	557	81920	0.68	0	44	True	103.87
gr24_Q9SU57.yaml	350	350	0	0	1	70.53	557	81920	0.68	0	44	True	103.87
gr24_Q9SU57.yaml	350	350	0	0	1	71.051	557	81920	0.68	0	44	True	103.87
gr24_Q9SU57.yaml	350	350	0	0	1	71.57	557	81920	0.68	0	44	True	103.87
gr24_Q9SU57.yaml	350	350	0	0	1	72.087	557	81920	0.68	0	44	True	103.87
gr24_Q9SU57.yaml	350	350	0	0	1	72.604	557	81920	0.68	0	44	True	103.87
gr24_Q9SU57.yaml	350	350	0	0	1	73.132	557	81920	0.68	0	44	True	103.87
gr24_Q9SU57.yaml	350	350	0	0	1	73.647	557	81920	0.68	0	44	True	103.87
gr24_Q9SU57.yaml	350	350	0	0	1	74.162	557	81920	0.68	0	43	True	103.87
gr24_Q9SU57.yaml	350	350	0	0	1	74.678	557	81920	0.68	0	43	True	103.87
gr24_Q9SU57.yaml	350	350	0	0	1	75.194	557	81920	0.68	0	43	True	103.87
gr24_Q9SU57.yaml	350	350	0	0	1	75.711	557	81920	0.68	0	43	True	103.87
gr24_Q9SU57.yaml	350	350	0	0	1	76.233	557	81920	0.68	0	43	True	103.87
gr24_Q9SU57.yaml	350	350	0	0	1	76.753	557	81920	0.68	0	43	True	103.87
gr24_Q9SU57.yaml	350	350	0	0	1	77.274	557	81920	0.68	0	43	True	103.87
gr24_Q9SU57.yaml	350	350	0	0	1	77.793	557	81920	0.68	0	43	True	103.87
gr24_Q9SU57.yaml	350	350	0	0	1	78.31	557	81920	0.68	0	43	True	103.87
gr24_Q9SU57.yaml	350	350	0	0	1	78.83	557	81920	0.68	0	43	True	103.87
gr24_Q9SU57.yaml	350	350	0	0	1	79.353	557	81920	0.68	0	43	True	103.87
gr24_Q9SU57.yaml	350	350	0	0	1	79.871	557	81920	0.68	0	43	True	103.87
gr24_Q9SU57.yaml	350	350	0	0	1	80.433	1599	81920	1.95	20	43	True	103.87
gr24_Q9SU57.yaml	350	350	0	0	1	80.951	2697	81920	3.29	0	43	True	103.87
gr24_Q9SU57.yaml	350	350	0	0	1	81.467	2697	81920	3.29	0	43	True	103.87
gr24_Q9SU57.yaml	350	350	0	0	1	81.985	2831	81920	3.46	0	43	True	103.87
gr24_Q9SU57.yaml	350	350	0	0	1	82.503	10003	81920	12.21	100	51	True	103.87
gr24_Q9SU57.yaml	350	350	0	0	1	83.022	10003	81920	12.21	100	54	True	103.87
gr24_Q9SU57.yaml	350	350	0	0	1	83.544	10003	81920	12.21	100	57	True	103.87
gr24_Q9SU57.yaml	350	350	0	0	1	84.069	10003	81920	12.21	100	59	True	103.87
gr24_Q9SU57.yaml	350	350	0	0	1	84.6	10003	81920	12.21	100	60	True	103.87
gr24_Q9SU57.yaml	350	350	0	0	1	85.138	10003	81920	12.21	100	62	True	103.87
gr24_Q9SU57.yaml	350	350	0	0	1	85.665	10003	81920	12.21	100	63	True	103.87
gr24_Q9SU57.yaml	350	350	0	0	1	86.193	10003	81920	12.21	94	65	True	103.87
gr24_Q9SU57.yaml	350	350	0	0	1	86.725	10003	81920	12.21	98	67	True	103.87
gr24_Q9SU57.yaml	350	350	0	0	1	87.255	10003	81920	12.21	98	67	True	103.87
gr24_Q9SU57.yaml	350	350	0	0	1	87.793	10003	81920	12.21	98	69	True	103.87
gr24_Q9SU57.yaml	350	350	0	0	1	88.323	10003	81920	12.21	98	69	True	103.87
gr24_Q9SU57.yaml	350	350	0	0	1	88.873	10003	81920	12.21	98	70	True	103.87
gr24_Q9SU57.yaml	350	350	0	0	1	89.403	10003	81920	12.21	98	71	True	103.87
gr24_Q9SU57.yaml	350	350	0	0	1	89.939	10003	81920	12.21	98	71	True	103.87
gr24_Q9SU57.yaml	350	350	0	0	1	90.475	10003	81920	12.21	98	72	True	103.87
gr24_Q9SU57.yaml	350	350	0	0	1	91.004	10003	81920	12.21	97	72	True	103.87
gr24_Q9SU57.yaml	350	350	0	0	1	91.531	10003	81920	12.21	98	72	True	103.87
gr24_Q9SU57.yaml	350	350	0	0	1	92.061	10003	81920	12.21	98	73	True	103.87
gr24_Q9SU57.yaml	350	350	0	0	1	92.588	10003	81920	12.21	98	73	True	103.87
gr24_Q9SU57.yaml	350	350	0	0	1	93.117	10003	81920	12.21	98	73	True	103.87
gr24_Q9SU57.yaml	350	350	0	0	1	93.646	10003	81920	12.21	98	74	True	103.87
gr24_Q9SU57.yaml	350	350	0	0	1	94.178	10003	81920	12.21	98	74	True	103.87
gr24_Q9SU57.yaml	350	350	0	0	1	94.709	10003	81920	12.21	98	74	True	103.87
gr24_Q9SU57.yaml	350	350	0	0	1	95.241	10003	81920	12.21	98	74	True	103.87
gr24_Q9SU57.yaml	350	350	0	0	1	95.773	10003	81920	12.21	98	74	True	103.87
gr24_Q9SU57.yaml	350	350	0	0	1	96.302	10003	81920	12.21	98	74	True	103.87
gr24_Q9SU57.yaml	350	350	0	0	1	96.83	10003	81920	12.21	98	75	True	103.87
gr24_Q9SU57.yaml	350	350	0	0	1	97.361	10003	81920	12.21	98	75	True	103.87
gr24_Q9SU57.yaml	350	350	0	0	1	97.89	10003	81920	12.21	98	75	True	103.87
gr24_Q9SU57.yaml	350	350	0	0	1	98.423	10003	81920	12.21	98	75	True	103.87
gr24_Q9SU57.yaml	350	350	0	0	1	98.954	10003	81920	12.21	98	75	True	103.87
gr24_Q9SU57.yaml	350	350	0	0	1	99.481	10011	81920	12.22	95	73	True	103.87
gr24_Q9SU57.yaml	350	350	0	0	1	100.016	10017	81920	12.23	37	68	True	103.87
gr24_Q9SU57.yaml	350	350	0	0	1	100.598	10017	81920	12.23	8	64	True	103.87
gr24_Q9SU57.yaml	350	350	0	0	1	101.131	555	81920	0.68	92	61	True	103.87
gr24_Q9SU57.yaml	350	350	0	0	1	101.659	555	81920	0.68	0	59	True	103.87
gr24_Q9SU57.yaml	350	350	0	0	1	102.186	519	81920	0.63	0	58	True	103.87
gr24_Q9SU57.yaml	350	350	0	0	1	102.713	519	81920	0.63	0	56	True	103.87
gr24_Q9SU57.yaml	350	350	0	0	1	103.25	519	81920	0.63	0	55	True	103.87
gr24_Q9SU57.yaml	350	350	0	0	1	103.777	0	81920	0.0	5	54	True	103.87
gr24_A0A1I9LSP4.yaml	400	400	0	0	1	0.0	0	81920	0.0	0	54	True	95.04
gr24_A0A1I9LSP4.yaml	400	400	0	0	1	0.529	0	81920	0.0	0	53	True	95.04
gr24_A0A1I9LSP4.yaml	400	400	0	0	1	1.057	0	81920	0.0	0	52	True	95.04
gr24_A0A1I9LSP4.yaml	400	400	0	0	1	1.588	0	81920	0.0	0	50	True	95.04
gr24_A0A1I9LSP4.yaml	400	400	0	0	1	2.12	0	81920	0.0	0	48	True	95.04
gr24_A0A1I9LSP4.yaml	400	400	0	0	1	2.651	0	81920	0.0	0	47	True	95.04
gr24_A0A1I9LSP4.yaml	400	400	0	0	1	3.178	0	81920	0.0	0	46	True	95.04
gr24_A0A1I9LSP4.yaml	400	400	0	0	1	3.701	0	81920	0.0	0	46	True	95.04
gr24_A0A1I9LSP4.yaml	400	400	0	0	1	4.23	0	81920	0.0	0	45	True	95.04
gr24_A0A1I9LSP4.yaml	400	400	0	0	1	4.758	0	81920	0.0	0	44	True	95.04
gr24_A0A1I9LSP4.yaml	400	400	0	0	1	5.288	0	81920	0.0	0	44	True	95.04
gr24_A0A1I9LSP4.yaml	400	400	0	0	1	5.812	0	81920	0.0	0	43	True	95.04
gr24_A0A1I9LSP4.yaml	400	400	0	0	1	6.328	0	81920	0.0	0	43	True	95.04
gr24_A0A1I9LSP4.yaml	400	400	0	0	1	6.849	0	81920	0.0	0	43	True	95.04
gr24_A0A1I9LSP4.yaml	400	400	0	0	1	7.372	0	81920	0.0	0	42	True	95.04
gr24_A0A1I9LSP4.yaml	400	400	0	0	1	7.899	0	81920	0.0	0	42	True	95.04
gr24_A0A1I9LSP4.yaml	400	400	0	0	1	8.432	0	81920	0.0	0	42	True	95.04
gr24_A0A1I9LSP4.yaml	400	400	0	0	1	8.96	0	81920	0.0	0	41	True	95.04
gr24_A0A1I9LSP4.yaml	400	400	0	0	1	9.488	0	81920	0.0	0	41	True	95.04
gr24_A0A1I9LSP4.yaml	400	400	0	0	1	10.016	0	81920	0.0	0	41	True	95.04
gr24_A0A1I9LSP4.yaml	400	400	0	0	1	10.543	0	81920	0.0	0	41	True	95.04
gr24_A0A1I9LSP4.yaml	400	400	0	0	1	11.076	0	81920	0.0	0	40	True	95.04
gr24_A0A1I9LSP4.yaml	400	400	0	0	1	11.605	0	81920	0.0	0	40	True	95.04
gr24_A0A1I9LSP4.yaml	400	400	0	0	1	12.136	0	81920	0.0	0	40	True	95.04
gr24_A0A1I9LSP4.yaml	400	400	0	0	1	12.654	0	81920	0.0	0	40	True	95.04
gr24_A0A1I9LSP4.yaml	400	400	0	0	1	13.173	0	81920	0.0	0	40	True	95.04
gr24_A0A1I9LSP4.yaml	400	400	0	0	1	13.693	0	81920	0.0	0	40	True	95.04
gr24_A0A1I9LSP4.yaml	400	400	0	0	1	14.209	0	81920	0.0	0	40	True	95.04
gr24_A0A1I9LSP4.yaml	400	400	0	0	1	14.729	0	81920	0.0	0	39	True	95.04
gr24_A0A1I9LSP4.yaml	400	400	0	0	1	15.247	0	81920	0.0	0	39	True	95.04
gr24_A0A1I9LSP4.yaml	400	400	0	0	1	15.768	0	81920	0.0	0	39	True	95.04
gr24_A0A1I9LSP4.yaml	400	400	0	0	1	16.287	0	81920	0.0	0	39	True	95.04
gr24_A0A1I9LSP4.yaml	400	400	0	0	1	16.804	0	81920	0.0	0	39	True	95.04
gr24_A0A1I9LSP4.yaml	400	400	0	0	1	17.323	0	81920	0.0	0	39	True	95.04
gr24_A0A1I9LSP4.yaml	400	400	0	0	1	17.851	0	81920	0.0	0	39	True	95.04
gr24_A0A1I9LSP4.yaml	400	400	0	0	1	18.37	0	81920	0.0	0	39	True	95.04
gr24_A0A1I9LSP4.yaml	400	400	0	0	1	18.89	0	81920	0.0	0	39	True	95.04
gr24_A0A1I9LSP4.yaml	400	400	0	0	1	19.419	0	81920	0.0	0	39	True	95.04
gr24_A0A1I9LSP4.yaml	400	400	0	0	1	19.941	0	81920	0.0	0	39	True	95.04
gr24_A0A1I9LSP4.yaml	400	400	0	0	1	20.462	0	81920	0.0	0	39	True	95.04
gr24_A0A1I9LSP4.yaml	400	400	0	0	1	20.98	0	81920	0.0	0	39	True	95.04
gr24_A0A1I9LSP4.yaml	400	400	0	0	1	21.512	0	81920	0.0	0	39	True	95.04
gr24_A0A1I9LSP4.yaml	400	400	0	0	1	22.035	0	81920	0.0	0	39	True	95.04
gr24_A0A1I9LSP4.yaml	400	400	0	0	1	22.552	0	81920	0.0	0	38	True	95.04
gr24_A0A1I9LSP4.yaml	400	400	0	0	1	23.075	0	81920	0.0	0	38	True	95.04
gr24_A0A1I9LSP4.yaml	400	400	0	0	1	23.612	0	81920	0.0	0	38	True	95.04
gr24_A0A1I9LSP4.yaml	400	400	0	0	1	24.132	0	81920	0.0	0	38	True	95.04
gr24_A0A1I9LSP4.yaml	400	400	0	0	1	24.65	0	81920	0.0	0	38	True	95.04
gr24_A0A1I9LSP4.yaml	400	400	0	0	1	25.169	0	81920	0.0	0	38	True	95.04
gr24_A0A1I9LSP4.yaml	400	400	0	0	1	25.691	0	81920	0.0	0	38	True	95.04
gr24_A0A1I9LSP4.yaml	400	400	0	0	1	26.208	0	81920	0.0	0	38	True	95.04
gr24_A0A1I9LSP4.yaml	400	400	0	0	1	26.726	0	81920	0.0	0	38	True	95.04
gr24_A0A1I9LSP4.yaml	400	400	0	0	1	27.246	0	81920	0.0	0	38	True	95.04
gr24_A0A1I9LSP4.yaml	400	400	0	0	1	27.766	0	81920	0.0	0	38	True	95.04
gr24_A0A1I9LSP4.yaml	400	400	0	0	1	28.291	0	81920	0.0	0	38	True	95.04
gr24_A0A1I9LSP4.yaml	400	400	0	0	1	28.828	0	81920	0.0	0	38	True	95.04
gr24_A0A1I9LSP4.yaml	400	400	0	0	1	29.35	0	81920	0.0	0	38	True	95.04
gr24_A0A1I9LSP4.yaml	400	400	0	0	1	29.871	0	81920	0.0	0	38	True	95.04
gr24_A0A1I9LSP4.yaml	400	400	0	0	1	30.446	425	81920	0.52	0	38	True	95.04
gr24_A0A1I9LSP4.yaml	400	400	0	0	1	30.962	2609	81920	3.18	21	39	True	95.04
gr24_A0A1I9LSP4.yaml	400	400	0	0	1	31.491	2609	81920	3.18	0	40	True	95.04
gr24_A0A1I9LSP4.yaml	400	400	0	0	1	32.011	2609	81920	3.18	0	40	True	95.04
gr24_A0A1I9LSP4.yaml	400	400	0	0	1	32.533	2609	81920	3.18	0	40	True	95.04
gr24_A0A1I9LSP4.yaml	400	400	0	0	1	33.055	2875	81920	3.51	1	40	True	95.04
gr24_A0A1I9LSP4.yaml	400	400	0	0	1	33.578	3437	81920	4.2	1	41	True	95.04
gr24_A0A1I9LSP4.yaml	400	400	0	0	1	34.101	3437	81920	4.2	0	41	True	95.04
gr24_A0A1I9LSP4.yaml	400	400	0	0	1	34.626	3437	81920	4.2	0	41	True	95.04
gr24_A0A1I9LSP4.yaml	400	400	0	0	1	35.153	3437	81920	4.2	0	41	True	95.04
gr24_A0A1I9LSP4.yaml	400	400	0	0	1	35.679	3437	81920	4.2	0	41	True	95.04
gr24_A0A1I9LSP4.yaml	400	400	0	0	1	36.207	3437	81920	4.2	0	41	True	95.04
gr24_A0A1I9LSP4.yaml	400	400	0	0	1	36.737	3437	81920	4.2	0	41	True	95.04
gr24_A0A1I9LSP4.yaml	400	400	0	0	1	37.266	7057	81920	8.61	99	48	True	95.04
gr24_A0A1I9LSP4.yaml	400	400	0	0	1	37.795	7057	81920	8.61	100	52	True	95.04
gr24_A0A1I9LSP4.yaml	400	400	0	0	1	38.379	7057	81920	8.61	100	54	True	95.04
gr24_A0A1I9LSP4.yaml	400	400	0	0	1	38.911	7057	81920	8.61	100	56	True	95.04
gr24_A0A1I9LSP4.yaml	400	400	0	0	1	39.442	7057	81920	8.61	100	58	True	95.04
gr24_A0A1I9LSP4.yaml	400	400	0	0	1	39.979	7057	81920	8.61	100	59	True	95.04
gr24_A0A1I9LSP4.yaml	400	400	0	0	1	40.512	7057	81920	8.61	100	60	True	95.04
gr24_A0A1I9LSP4.yaml	400	400	0	0	1	41.04	7057	81920	8.61	100	61	True	95.04
gr24_A0A1I9LSP4.yaml	400	400	0	0	1	41.568	7057	81920	8.61	100	62	True	95.04
gr24_A0A1I9LSP4.yaml	400	400	0	0	1	42.096	7095	81920	8.66	19	59	True	95.04
gr24_A0A1I9LSP4.yaml	400	400	0	0	1	42.625	7095	81920	8.66	95	62	True	95.04
gr24_A0A1I9LSP4.yaml	400	400	0	0	1	43.156	7095	81920	8.66	95	64	True	95.04
gr24_A0A1I9LSP4.yaml	400	400	0	0	1	43.684	7095	81920	8.66	95	65	True	95.04
gr24_A0A1I9LSP4.yaml	400	400	0	0	1	44.212	7095	81920	8.66	95	65	True	95.04
gr24_A0A1I9LSP4.yaml	400	400	0	0	1	44.738	7095	81920	8.66	95	66	True	95.04
gr24_A0A1I9LSP4.yaml	400	400	0	0	1	45.267	7095	81920	8.66	95	67	True	95.04
gr24_A0A1I9LSP4.yaml	400	400	0	0	1	45.793	7095	81920	8.66	95	68	True	95.04
gr24_A0A1I9LSP4.yaml	400	400	0	0	1	46.324	7095	81920	8.66	95	68	True	95.04
gr24_A0A1I9LSP4.yaml	400	400	0	0	1	46.85	7095	81920	8.66	94	68	True	95.04
gr24_A0A1I9LSP4.yaml	400	400	0	0	1	47.378	7095	81920	8.66	95	69	True	95.04
gr24_A0A1I9LSP4.yaml	400	400	0	0	1	47.909	7095	81920	8.66	95	69	True	95.04
gr24_A0A1I9LSP4.yaml	400	400	0	0	1	48.439	7095	81920	8.66	95	70	True	95.04
gr24_A0A1I9LSP4.yaml	400	400	0	0	1	48.969	7095	81920	8.66	94	70	True	95.04
gr24_A0A1I9LSP4.yaml	400	400	0	0	1	49.497	7095	81920	8.66	95	70	True	95.04
gr24_A0A1I9LSP4.yaml	400	400	0	0	1	50.028	7105	81920	8.67	95	71	True	95.04
gr24_A0A1I9LSP4.yaml	400	400	0	0	1	50.556	7115	81920	8.69	3	64	True	95.04
gr24_A0A1I9LSP4.yaml	400	400	0	0	1	51.082	7115	81920	8.69	7	60	True	95.04
gr24_A0A1I9LSP4.yaml	400	400	0	0	1	51.611	7115	81920	8.69	8	58	True	95.04
gr24_A0A1I9LSP4.yaml	400	400	0	0	1	52.145	557	81920	0.68	41	56	True	95.04
gr24_A0A1I9LSP4.yaml	400	400	0	0	1	52.667	557	81920	0.68	0	55	True	95.04
gr24_A0A1I9LSP4.yaml	400	400	0	0	1	53.196	557	81920	0.68	0	54	True	95.04
gr24_A0A1I9LSP4.yaml	400	400	0	0	1	53.727	557	81920	0.68	0	53	True	95.04
gr24_A0A1I9LSP4.yaml	400	400	0	0	1	54.276	557	81920	0.68	0	52	True	95.04
gr24_A0A1I9LSP4.yaml	400	400	0	0	1	54.798	557	81920	0.68	0	51	True	95.04
gr24_A0A1I9LSP4.yaml	400	400	0	0	1	55.317	557	81920	0.68	0	50	True	95.04
gr24_A0A1I9LSP4.yaml	400	400	0	0	1	55.837	557	81920	0.68	0	50	True	95.04
gr24_A0A1I9LSP4.yaml	400	400	0	0	1	56.356	557	81920	0.68	0	49	True	95.04
gr24_A0A1I9LSP4.yaml	400	400	0	0	1	56.872	557	81920	0.68	0	49	True	95.04
gr24_A0A1I9LSP4.yaml	400	400	0	0	1	57.388	557	81920	0.68	0	48	True	95.04
gr24_A0A1I9LSP4.yaml	400	400	0	0	1	57.904	557	81920	0.68	0	48	True	95.04
gr24_A0A1I9LSP4.yaml	400	400	0	0	1	58.423	557	81920	0.68	0	47	True	95.04
gr24_A0A1I9LSP4.yaml	400	400	0	0	1	58.939	557	81920	0.68	0	47	True	95.04
gr24_A0A1I9LSP4.yaml	400	400	0	0	1	59.467	557	81920	0.68	0	47	True	95.04
gr24_A0A1I9LSP4.yaml	400	400	0	0	1	59.984	557	81920	0.68	0	46	True	95.04
gr24_A0A1I9LSP4.yaml	400	400	0	0	1	60.507	557	81920	0.68	0	46	True	95.04
gr24_A0A1I9LSP4.yaml	400	400	0	0	1	61.028	557	81920	0.68	0	46	True	95.04
gr24_A0A1I9LSP4.yaml	400	400	0	0	1	61.549	557	81920	0.68	0	46	True	95.04
gr24_A0A1I9LSP4.yaml	400	400	0	0	1	62.067	557	81920	0.68	0	45	True	95.04
gr24_A0A1I9LSP4.yaml	400	400	0	0	1	62.59	557	81920	0.68	0	45	True	95.04
gr24_A0A1I9LSP4.yaml	400	400	0	0	1	63.447	557	81920	0.68	0	45	True	95.04
gr24_A0A1I9LSP4.yaml	400	400	0	0	1	63.963	557	81920	0.68	0	45	True	95.04
gr24_A0A1I9LSP4.yaml	400	400	0	0	1	64.484	557	81920	0.68	0	45	True	95.04
gr24_A0A1I9LSP4.yaml	400	400	0	0	1	65.002	557	81920	0.68	0	45	True	95.04
gr24_A0A1I9LSP4.yaml	400	400	0	0	1	65.52	557	81920	0.68	0	45	True	95.04
gr24_A0A1I9LSP4.yaml	400	400	0	0	1	66.037	557	81920	0.68	0	44	True	95.04
gr24_A0A1I9LSP4.yaml	400	400	0	0	1	66.554	557	81920	0.68	0	44	True	95.04
gr24_A0A1I9LSP4.yaml	400	400	0	0	1	67.07	557	81920	0.68	0	44	True	95.04
gr24_A0A1I9LSP4.yaml	400	400	0	0	1	67.587	557	81920	0.68	0	44	True	95.04
gr24_A0A1I9LSP4.yaml	400	400	0	0	1	68.106	557	81920	0.68	0	44	True	95.04
gr24_A0A1I9LSP4.yaml	400	400	0	0	1	68.626	557	81920	0.68	0	44	True	95.04
gr24_A0A1I9LSP4.yaml	400	400	0	0	1	69.148	557	81920	0.68	0	44	True	95.04
gr24_A0A1I9LSP4.yaml	400	400	0	0	1	69.665	557	81920	0.68	0	44	True	95.04
gr24_A0A1I9LSP4.yaml	400	400	0	0	1	70.192	557	81920	0.68	0	44	True	95.04
gr24_A0A1I9LSP4.yaml	400	400	0	0	1	70.718	557	81920	0.68	0	44	True	95.04
gr24_A0A1I9LSP4.yaml	400	400	0	0	1	71.236	557	81920	0.68	0	44	True	95.04
gr24_A0A1I9LSP4.yaml	400	400	0	0	1	71.761	557	81920	0.68	0	44	True	95.04
gr24_A0A1I9LSP4.yaml	400	400	0	0	1	72.278	833	81920	1.02	0	44	True	95.04
gr24_A0A1I9LSP4.yaml	400	400	0	0	1	72.794	2697	81920	3.29	28	44	True	95.04
gr24_A0A1I9LSP4.yaml	400	400	0	0	1	73.314	2697	81920	3.29	0	44	True	95.04
gr24_A0A1I9LSP4.yaml	400	400	0	0	1	73.839	6809	81920	8.31	0	48	True	95.04
gr24_A0A1I9LSP4.yaml	400	400	0	0	1	74.372	6809	81920	8.31	100	53	True	95.04
gr24_A0A1I9LSP4.yaml	400	400	0	0	1	74.904	6809	81920	8.31	100	56	True	95.04
gr24_A0A1I9LSP4.yaml	400	400	0	0	1	75.434	6809	81920	8.31	100	58	True	95.04
gr24_A0A1I9LSP4.yaml	400	400	0	0	1	75.96	6809	81920	8.31	100	60	True	95.04
gr24_A0A1I9LSP4.yaml	400	400	0	0	1	76.488	6809	81920	8.31	100	61	True	95.04
gr24_A0A1I9LSP4.yaml	400	400	0	0	1	77.017	6809	81920	8.31	100	63	True	95.04
gr24_A0A1I9LSP4.yaml	400	400	0	0	1	77.577	6809	81920	8.31	98	65	True	95.04
gr24_A0A1I9LSP4.yaml	400	400	0	0	1	78.105	6809	81920	8.31	98	67	True	95.04
gr24_A0A1I9LSP4.yaml	400	400	0	0	1	78.637	6809	81920	8.31	98	68	True	95.04
gr24_A0A1I9LSP4.yaml	400	400	0	0	1	79.168	6809	81920	8.31	98	69	True	95.04
gr24_A0A1I9LSP4.yaml	400	400	0	0	1	79.695	6809	81920	8.31	98	70	True	95.04
gr24_A0A1I9LSP4.yaml	400	400	0	0	1	80.223	6809	81920	8.31	97	71	True	95.04
gr24_A0A1I9LSP4.yaml	400	400	0	0	1	80.754	6809	81920	8.31	98	71	True	95.04
gr24_A0A1I9LSP4.yaml	400	400	0	0	1	81.284	6809	81920	8.31	98	72	True	95.04
gr24_A0A1I9LSP4.yaml	400	400	0	0	1	81.813	6809	81920	8.31	98	72	True	95.04
gr24_A0A1I9LSP4.yaml	400	400	0	0	1	82.342	6809	81920	8.31	98	72	True	95.04
gr24_A0A1I9LSP4.yaml	400	400	0	0	1	82.871	6809	81920	8.31	98	73	True	95.04
gr24_A0A1I9LSP4.yaml	400	400	0	0	1	83.402	6809	81920	8.31	98	73	True	95.04
gr24_A0A1I9LSP4.yaml	400	400	0	0	1	83.928	6809	81920	8.31	98	74	True	95.04
gr24_A0A1I9LSP4.yaml	400	400	0	0	1	84.457	6809	81920	8.31	98	74	True	95.04
gr24_A0A1I9LSP4.yaml	400	400	0	0	1	84.985	6809	81920	8.31	98	73	True	95.04
gr24_A0A1I9LSP4.yaml	400	400	0	0	1	85.515	6809	81920	8.31	98	74	True	95.04
gr24_A0A1I9LSP4.yaml	400	400	0	0	1	86.041	6809	81920	8.31	98	74	True	95.04
gr24_A0A1I9LSP4.yaml	400	400	0	0	1	86.574	6809	81920	8.31	98	74	True	95.04
gr24_A0A1I9LSP4.yaml	400	400	0	0	1	87.103	6809	81920	8.31	98	75	True	95.04
gr24_A0A1I9LSP4.yaml	400	400	0	0	1	87.631	6809	81920	8.31	98	74	True	95.04
gr24_A0A1I9LSP4.yaml	400	400	0	0	1	88.158	6809	81920	8.31	98	74	True	95.04
gr24_A0A1I9LSP4.yaml	400	400	0	0	1	88.686	6809	81920	8.31	97	75	True	95.04
gr24_A0A1I9LSP4.yaml	400	400	0	0	1	89.214	6809	81920	8.31	98	75	True	95.04
gr24_A0A1I9LSP4.yaml	400	400	0	0	1	89.74	6809	81920	8.31	98	75	True	95.04
gr24_A0A1I9LSP4.yaml	400	400	0	0	1	90.273	6809	81920	8.31	98	75	True	95.04
gr24_A0A1I9LSP4.yaml	400	400	0	0	1	90.8	6823	81920	8.33	95	74	True	95.04
gr24_A0A1I9LSP4.yaml	400	400	0	0	1	91.331	6823	81920	8.33	7	67	True	95.04
gr24_A0A1I9LSP4.yaml	400	400	0	0	1	91.86	6823	81920	8.33	8	64	True	95.04
gr24_A0A1I9LSP4.yaml	400	400	0	0	1	92.39	555	81920	0.68	20	61	True	95.04
gr24_A0A1I9LSP4.yaml	400	400	0	0	1	92.943	555	81920	0.68	0	59	True	95.04
gr24_A0A1I9LSP4.yaml	400	400	0	0	1	93.473	519	81920	0.63	0	58	True	95.04
gr24_A0A1I9LSP4.yaml	400	400	0	0	1	94.006	519	81920	0.63	0	56	True	95.04
gr24_A0A1I9LSP4.yaml	400	400	0	0	1	94.533	518	81920	0.63	0	55	True	95.04
gr24_O23154.yaml	500	500	0	0	1	0.0	0	81920	0.0	0	54	True	105.78
gr24_O23154.yaml	500	500	0	0	1	0.528	0	81920	0.0	0	53	True	105.78
gr24_O23154.yaml	500	500	0	0	1	1.057	0	81920	0.0	0	52	True	105.78
gr24_O23154.yaml	500	500	0	0	1	1.59	0	81920	0.0	0	50	True	105.78
gr24_O23154.yaml	500	500	0	0	1	2.125	0	81920	0.0	0	49	True	105.78
gr24_O23154.yaml	500	500	0	0	1	2.656	0	81920	0.0	0	48	True	105.78
gr24_O23154.yaml	500	500	0	0	1	3.186	0	81920	0.0	0	47	True	105.78
gr24_O23154.yaml	500	500	0	0	1	3.708	0	81920	0.0	0	46	True	105.78
gr24_O23154.yaml	500	500	0	0	1	4.231	0	81920	0.0	0	45	True	105.78
gr24_O23154.yaml	500	500	0	0	1	4.754	0	81920	0.0	0	45	True	105.78
gr24_O23154.yaml	500	500	0	0	1	5.282	0	81920	0.0	0	44	True	105.78
gr24_O23154.yaml	500	500	0	0	1	5.81	0	81920	0.0	0	44	True	105.78
gr24_O23154.yaml	500	500	0	0	1	6.329	0	81920	0.0	0	43	True	105.78
gr24_O23154.yaml	500	500	0	0	1	6.853	0	81920	0.0	0	43	True	105.78
gr24_O23154.yaml	500	500	0	0	1	7.383	0	81920	0.0	0	42	True	105.78
gr24_O23154.yaml	500	500	0	0	1	7.912	0	81920	0.0	0	42	True	105.78
gr24_O23154.yaml	500	500	0	0	1	8.44	0	81920	0.0	0	42	True	105.78
gr24_O23154.yaml	500	500	0	0	1	8.971	0	81920	0.0	0	41	True	105.78
gr24_O23154.yaml	500	500	0	0	1	9.503	0	81920	0.0	0	41	True	105.78
gr24_O23154.yaml	500	500	0	0	1	10.03	0	81920	0.0	0	41	True	105.78
gr24_O23154.yaml	500	500	0	0	1	10.559	0	81920	0.0	0	41	True	105.78
gr24_O23154.yaml	500	500	0	0	1	11.088	0	81920	0.0	0	40	True	105.78
gr24_O23154.yaml	500	500	0	0	1	11.616	0	81920	0.0	0	40	True	105.78
gr24_O23154.yaml	500	500	0	0	1	12.151	0	81920	0.0	0	40	True	105.78
gr24_O23154.yaml	500	500	0	0	1	12.669	0	81920	0.0	0	40	True	105.78
gr24_O23154.yaml	500	500	0	0	1	13.212	0	81920	0.0	0	40	True	105.78
gr24_O23154.yaml	500	500	0	0	1	13.727	0	81920	0.0	0	40	True	105.78
gr24_O23154.yaml	500	500	0	0	1	14.245	0	81920	0.0	0	40	True	105.78
gr24_O23154.yaml	500	500	0	0	1	14.762	0	81920	0.0	0	39	True	105.78
gr24_O23154.yaml	500	500	0	0	1	15.278	0	81920	0.0	0	39	True	105.78
gr24_O23154.yaml	500	500	0	0	1	15.796	0	81920	0.0	0	39	True	105.78
gr24_O23154.yaml	500	500	0	0	1	16.314	0	81920	0.0	0	39	True	105.78
gr24_O23154.yaml	500	500	0	0	1	16.833	0	81920	0.0	0	39	True	105.78
gr24_O23154.yaml	500	500	0	0	1	17.349	0	81920	0.0	0	39	True	105.78
gr24_O23154.yaml	500	500	0	0	1	17.867	0	81920	0.0	0	39	True	105.78
gr24_O23154.yaml	500	500	0	0	1	18.385	0	81920	0.0	0	39	True	105.78
gr24_O23154.yaml	500	500	0	0	1	18.912	0	81920	0.0	0	39	True	105.78
gr24_O23154.yaml	500	500	0	0	1	19.448	0	81920	0.0	0	39	True	105.78
gr24_O23154.yaml	500	500	0	0	1	19.968	0	81920	0.0	0	39	True	105.78
gr24_O23154.yaml	500	500	0	0	1	20.487	0	81920	0.0	0	39	True	105.78
gr24_O23154.yaml	500	500	0	0	1	21.003	0	81920	0.0	0	39	True	105.78
gr24_O23154.yaml	500	500	0	0	1	21.519	0	81920	0.0	0	39	True	105.78
gr24_O23154.yaml	500	500	0	0	1	22.037	0	81920	0.0	0	39	True	105.78
gr24_O23154.yaml	500	500	0	0	1	22.568	0	81920	0.0	0	39	True	105.78
gr24_O23154.yaml	500	500	0	0	1	23.085	0	81920	0.0	0	38	True	105.78
gr24_O23154.yaml	500	500	0	0	1	23.601	0	81920	0.0	0	38	True	105.78
gr24_O23154.yaml	500	500	0	0	1	24.126	0	81920	0.0	0	38	True	105.78
gr24_O23154.yaml	500	500	0	0	1	24.645	0	81920	0.0	0	38	True	105.78
gr24_O23154.yaml	500	500	0	0	1	25.169	0	81920	0.0	0	38	True	105.78
gr24_O23154.yaml	500	500	0	0	1	25.687	0	81920	0.0	0	38	True	105.78
gr24_O23154.yaml	500	500	0	0	1	26.205	0	81920	0.0	0	38	True	105.78
gr24_O23154.yaml	500	500	0	0	1	26.729	0	81920	0.0	0	38	True	105.78
gr24_O23154.yaml	500	500	0	0	1	27.25	0	81920	0.0	0	38	True	105.78
gr24_O23154.yaml	500	500	0	0	1	27.769	0	81920	0.0	0	38	True	105.78
gr24_O23154.yaml	500	500	0	0	1	28.287	0	81920	0.0	0	38	True	105.78
gr24_O23154.yaml	500	500	0	0	1	28.805	0	81920	0.0	0	38	True	105.78
gr24_O23154.yaml	500	500	0	0	1	29.332	0	81920	0.0	0	38	True	105.78
gr24_O23154.yaml	500	500	0	0	1	29.851	0	81920	0.0	0	38	True	105.78
gr24_O23154.yaml	500	500	0	0	1	30.378	0	81920	0.0	0	38	True	105.78
gr24_O23154.yaml	500	500	0	0	1	30.897	0	81920	0.0	0	38	True	105.78
gr24_O23154.yaml	500	500	0	0	1	31.422	0	81920	0.0	0	38	True	105.78
gr24_O23154.yaml	500	500	0	0	1	31.943	0	81920	0.0	0	38	True	105.78
gr24_O23154.yaml	500	500	0	0	1	32.461	0	81920	0.0	0	38	True	105.78
gr24_O23154.yaml	500	500	0	0	1	32.979	0	81920	0.0	0	38	True	105.78
gr24_O23154.yaml	500	500	0	0	1	33.502	19	81920	0.02	0	38	True	105.78
gr24_O23154.yaml	500	500	0	0	1	34.047	2503	81920	3.06	24	39	True	105.78
gr24_O23154.yaml	500	500	0	0	1	34.571	2609	81920	3.18	0	39	True	105.78
gr24_O23154.yaml	500	500	0	0	1	35.1	2609	81920	3.18	0	40	True	105.78
gr24_O23154.yaml	500	500	0	0	1	35.627	2609	81920	3.18	0	40	True	105.78
gr24_O23154.yaml	500	500	0	0	1	36.155	2609	81920	3.18	0	40	True	105.78
gr24_O23154.yaml	500	500	0	0	1	36.682	2609	81920	3.18	0	40	True	105.78
gr24_O23154.yaml	500	500	0	0	1	37.214	2909	81920	3.55	0	40	True	105.78
gr24_O23154.yaml	500	500	0	0	1	37.739	3015	81920	3.68	1	41	True	105.78
gr24_O23154.yaml	500	500	0	0	1	38.266	3859	81920	4.71	3	41	True	105.78
gr24_O23154.yaml	500	500	0	0	1	38.794	3859	81920	4.71	0	41	True	105.78
gr24_O23154.yaml	500	500	0	0	1	39.322	3859	81920	4.71	0	41	True	105.78
gr24_O23154.yaml	500	500	0	0	1	39.849	3859	81920	4.71	0	41	True	105.78
gr24_O23154.yaml	500	500	0	0	1	40.377	3859	81920	4.71	0	41	True	105.78
gr24_O23154.yaml	500	500	0	0	1	40.904	3859	81920	4.71	0	41	True	105.78
gr24_O23154.yaml	500	500	0	0	1	41.431	10773	81920	13.15	2	41	True	105.78
gr24_O23154.yaml	500	500	0	0	1	41.971	11817	81920	14.43	99	49	True	105.78
gr24_O23154.yaml	500	500	0	0	1	42.508	11821	81920	14.43	100	52	True	105.78
gr24_O23154.yaml	500	500	0	0	1	43.037	11821	81920	14.43	100	55	True	105.78
gr24_O23154.yaml	500	500	0	0	1	43.564	11821	81920	14.43	100	57	True	105.78
gr24_O23154.yaml	500	500	0	0	1	44.101	11821	81920	14.43	100	58	True	105.78
gr24_O23154.yaml	500	500	0	0	1	44.633	11821	81920	14.43	100	59	True	105.78
gr24_O23154.yaml	500	500	0	0	1	45.164	11821	81920	14.43	100	61	True	105.78
gr24_O23154.yaml	500	500	0	0	1	45.697	11821	81920	14.43	100	62	True	105.78
gr24_O23154.yaml	500	500	0	0	1	46.23	11821	81920	14.43	100	62	True	105.78
gr24_O23154.yaml	500	500	0	0	1	46.764	11821	81920	14.43	100	63	True	105.78
gr24_O23154.yaml	500	500	0	0	1	47.293	11821	81920	14.43	100	64	True	105.78
gr24_O23154.yaml	500	500	0	0	1	47.825	11821	81920	14.43	100	65	True	105.78
gr24_O23154.yaml	500	500	0	0	1	48.354	11821	81920	14.43	100	65	True	105.78
gr24_O23154.yaml	500	500	0	0	1	48.884	11821	81920	14.43	100	66	True	105.78
gr24_O23154.yaml	500	500	0	0	1	49.423	11821	81920	14.43	100	67	True	105.78
gr24_O23154.yaml	500	500	0	0	1	49.952	11821	81920	14.43	100	67	True	105.78
gr24_O23154.yaml	500	500	0	0	1	50.483	11859	81920	14.48	22	63	True	105.78
gr24_O23154.yaml	500	500	0	0	1	51.013	11859	81920	14.48	96	67	True	105.78
gr24_O23154.yaml	500	500	0	0	1	51.542	11859	81920	14.48	96	68	True	105.78
gr24_O23154.yaml	500	500	0	0	1	52.084	11859	81920	14.48	96	69	True	105.78
gr24_O23154.yaml	500	500	0	0	1	52.613	11859	81920	14.48	96	70	True	105.78
gr24_O23154.yaml	500	500	0	0	1	53.142	11859	81920	14.48	96	71	True	105.78
gr24_O23154.yaml	500	500	0	0	1	53.671	11859	81920	14.48	96	71	True	105.78
gr24_O23154.yaml	500	500	0	0	1	54.202	11859	81920	14.48	97	71	True	105.78
gr24_O23154.yaml	500	500	0	0	1	54.73	11859	81920	14.48	97	72	True	105.78
gr24_O23154.yaml	500	500	0	0	1	55.264	11859	81920	14.48	96	72	True	105.78
gr24_O23154.yaml	500	500	0	0	1	55.799	11859	81920	14.48	96	72	True	105.78
gr24_O23154.yaml	500	500	0	0	1	56.329	11859	81920	14.48	96	73	True	105.78
gr24_O23154.yaml	500	500	0	0	1	56.856	11859	81920	14.48	97	73	True	105.78
gr24_O23154.yaml	500	500	0	0	1	57.383	11859	81920	14.48	96	73	True	105.78
gr24_O23154.yaml	500	500	0	0	1	57.913	11859	81920	14.48	97	73	True	105.78
gr24_O23154.yaml	500	500	0	0	1	58.45	11859	81920	14.48	96	73	True	105.78
gr24_O23154.yaml	500	500	0	0	1	58.98	11859	81920	14.48	97	73	True	105.78
gr24_O23154.yaml	500	500	0	0	1	59.508	11865	81920	14.48	97	73	True	105.78
gr24_O23154.yaml	500	500	0	0	1	60.039	11865	81920	14.48	2	66	True	105.78
gr24_O23154.yaml	500	500	0	0	1	60.566	11865	81920	14.48	8	62	True	105.78
gr24_O23154.yaml	500	500	0	0	1	61.095	11865	81920	14.48	8	60	True	105.78
gr24_O23154.yaml	500	500	0	0	1	61.625	557	81920	0.68	87	58	True	105.78
gr24_O23154.yaml	500	500	0	0	1	62.143	557	81920	0.68	0	57	True	105.78
gr24_O23154.yaml	500	500	0	0	1	62.661	557	81920	0.68	0	55	True	105.78
gr24_O23154.yaml	500	500	0	0	1	63.181	557	81920	0.68	0	54	True	105.78
gr24_O23154.yaml	500	500	0	0	1	63.702	557	81920	0.68	0	53	True	105.78
gr24_O23154.yaml	500	500	0	0	1	64.225	557	81920	0.68	0	52	True	105.78
gr24_O23154.yaml	500	500	0	0	1	64.742	557	81920	0.68	0	52	True	105.78
gr24_O23154.yaml	500	500	0	0	1	65.26	557	81920	0.68	0	51	True	105.78
gr24_O23154.yaml	500	500	0	0	1	65.784	557	81920	0.68	0	50	True	105.78
gr24_O23154.yaml	500	500	0	0	1	66.305	557	81920	0.68	0	50	True	105.78
gr24_O23154.yaml	500	500	0	0	1	66.831	557	81920	0.68	0	49	True	105.78
gr24_O23154.yaml	500	500	0	0	1	67.348	557	81920	0.68	0	48	True	105.78
gr24_O23154.yaml	500	500	0	0	1	67.872	557	81920	0.68	0	48	True	105.78
gr24_O23154.yaml	500	500	0	0	1	68.392	557	81920	0.68	0	48	True	105.78
gr24_O23154.yaml	500	500	0	0	1	68.909	557	81920	0.68	0	47	True	105.78
gr24_O23154.yaml	500	500	0	0	1	69.434	557	81920	0.68	0	47	True	105.78
gr24_O23154.yaml	500	500	0	0	1	69.954	557	81920	0.68	0	47	True	105.78
gr24_O23154.yaml	500	500	0	0	1	70.477	557	81920	0.68	0	46	True	105.78
gr24_O23154.yaml	500	500	0	0	1	70.996	557	81920	0.68	0	46	True	105.78
gr24_O23154.yaml	500	500	0	0	1	71.516	557	81920	0.68	0	46	True	105.78
gr24_O23154.yaml	500	500	0	0	1	72.035	557	81920	0.68	0	46	True	105.78
gr24_O23154.yaml	500	500	0	0	1	72.555	557	81920	0.68	0	45	True	105.78
gr24_O23154.yaml	500	500	0	0	1	73.083	557	81920	0.68	0	45	True	105.78
gr24_O23154.yaml	500	500	0	0	1	73.61	557	81920	0.68	0	45	True	105.78
gr24_O23154.yaml	500	500	0	0	1	74.141	557	81920	0.68	0	45	True	105.78
gr24_O23154.yaml	500	500	0	0	1	74.657	557	81920	0.68	0	45	True	105.78
gr24_O23154.yaml	500	500	0	0	1	75.19	557	81920	0.68	0	45	True	105.78
gr24_O23154.yaml	500	500	0	0	1	75.708	557	81920	0.68	0	45	True	105.78
gr24_O23154.yaml	500	500	0	0	1	76.236	557	81920	0.68	0	45	True	105.78
gr24_O23154.yaml	500	500	0	0	1	76.753	557	81920	0.68	0	44	True	105.78
gr24_O23154.yaml	500	500	0	0	1	77.27	557	81920	0.68	0	44	True	105.78
gr24_O23154.yaml	500	500	0	0	1	77.791	557	81920	0.68	0	44	True	105.78
gr24_O23154.yaml	500	500	0	0	1	78.32	557	81920	0.68	0	44	True	105.78
gr24_O23154.yaml	500	500	0	0	1	78.856	557	81920	0.68	0	44	True	105.78
gr24_O23154.yaml	500	500	0	0	1	79.383	557	81920	0.68	0	44	True	105.78
gr24_O23154.yaml	500	500	0	0	1	79.908	557	81920	0.68	0	44	True	105.78
gr24_O23154.yaml	500	500	0	0	1	80.428	557	81920	0.68	0	44	True	105.78
gr24_O23154.yaml	500	500	0	0	1	80.945	557	81920	0.68	0	44	True	105.78
gr24_O23154.yaml	500	500	0	0	1	81.462	557	81920	0.68	0	44	True	105.78
gr24_O23154.yaml	500	500	0	0	1	81.979	557	81920	0.68	0	44	True	105.78
gr24_O23154.yaml	500	500	0	0	1	82.555	2623	81920	3.2	24	44	True	105.78
gr24_O23154.yaml	500	500	0	0	1	83.076	2697	81920	3.29	0	44	True	105.78
gr24_O23154.yaml	500	500	0	0	1	83.594	2697	81920	3.29	0	44	True	105.78
gr24_O23154.yaml	500	500	0	0	1	84.124	2937	81920	3.59	1	44	True	105.78
gr24_O23154.yaml	500	500	0	0	1	84.645	9921	81920	12.11	100	52	True	105.78
gr24_O23154.yaml	500	500	0	0	1	85.173	9921	81920	12.11	100	55	True	105.78
gr24_O23154.yaml	500	500	0	0	1	85.704	9921	81920	12.11	100	57	True	105.78
gr24_O23154.yaml	500	500	0	0	1	86.238	9921	81920	12.11	100	59	True	105.78
gr24_O23154.yaml	500	500	0	0	1	86.767	9921	81920	12.11	100	61	True	105.78
gr24_O23154.yaml	500	500	0	0	1	87.299	9921	81920	12.11	100	62	True	105.78
gr24_O23154.yaml	500	500	0	0	1	87.828	9921	81920	12.11	100	63	True	105.78
gr24_O23154.yaml	500	500	0	0	1	88.357	9921	81920	12.11	98	66	True	105.78
gr24_O23154.yaml	500	500	0	0	1	88.884	9921	81920	12.11	97	67	True	105.78
gr24_O23154.yaml	500	500	0	0	1	89.418	9921	81920	12.11	98	69	True	105.78
gr24_O23154.yaml	500	500	0	0	1	89.949	9921	81920	12.11	98	70	True	105.78
gr24_O23154.yaml	500	500	0	0	1	90.477	9921	81920	12.11	98	70	True	105.78
gr24_O23154.yaml	500	500	0	0	1	91.005	9921	81920	12.11	98	70	True	105.78
gr24_O23154.yaml	500	500	0	0	1	91.531	9921	81920	12.11	98	72	True	105.78
gr24_O23154.yaml	500	500	0	0	1	92.065	9921	81920	12.11	98	72	True	105.78
gr24_O23154.yaml	500	500	0	0	1	92.593	9921	81920	12.11	98	73	True	105.78
gr24_O23154.yaml	500	500	0	0	1	93.128	9921	81920	12.11	98	73	True	105.78
gr24_O23154.yaml	500	500	0	0	1	93.658	9921	81920	12.11	98	73	True	105.78
gr24_O23154.yaml	500	500	0	0	1	94.186	9921	81920	12.11	98	74	True	105.78
gr24_O23154.yaml	500	500	0	0	1	94.714	9921	81920	12.11	98	74	True	105.78
gr24_O23154.yaml	500	500	0	0	1	95.245	9921	81920	12.11	98	75	True	105.78
gr24_O23154.yaml	500	500	0	0	1	95.774	9921	81920	12.11	98	74	True	105.78
gr24_O23154.yaml	500	500	0	0	1	96.311	9921	81920	12.11	98	75	True	105.78
gr24_O23154.yaml	500	500	0	0	1	96.841	9921	81920	12.11	98	75	True	105.78
gr24_O23154.yaml	500	500	0	0	1	97.369	9921	81920	12.11	98	75	True	105.78
gr24_O23154.yaml	500	500	0	0	1	97.899	9921	81920	12.11	98	75	True	105.78
gr24_O23154.yaml	500	500	0	0	1	98.427	9921	81920	12.11	98	75	True	105.78
gr24_O23154.yaml	500	500	0	0	1	98.958	9921	81920	12.11	98	75	True	105.78
gr24_O23154.yaml	500	500	0	0	1	99.491	9921	81920	12.11	98	75	True	105.78
gr24_O23154.yaml	500	500	0	0	1	100.02	9921	81920	12.11	98	75	True	105.78
gr24_O23154.yaml	500	500	0	0	1	100.547	9921	81920	12.11	98	76	True	105.78
gr24_O23154.yaml	500	500	0	0	1	101.076	9921	81920	12.11	97	76	True	105.78
gr24_O23154.yaml	500	500	0	0	1	101.606	9937	81920	12.13	95	74	True	105.78
gr24_O23154.yaml	500	500	0	0	1	102.137	9937	81920	12.13	9	67	True	105.78
gr24_O23154.yaml	500	500	0	0	1	102.67	9937	81920	12.13	9	64	True	105.78
gr24_O23154.yaml	500	500	0	0	1	103.201	555	81920	0.68	29	61	True	105.78
gr24_O23154.yaml	500	500	0	0	1	103.727	555	81920	0.68	0	59	True	105.78
gr24_O23154.yaml	500	500	0	0	1	104.255	519	81920	0.63	0	58	True	105.78
gr24_O23154.yaml	500	500	0	0	1	104.782	519	81920	0.63	0	56	True	105.78
gr24_O23154.yaml	500	500	0	0	1	105.309	0	81920	0.0	0	55	True	105.78
gr24_Q8W033.yaml	550	550	0	0	1	0.0	0	81920	0.0	0	54	True	115.85
gr24_Q8W033.yaml	550	550	0	0	1	0.528	0	81920	0.0	0	53	True	115.85
gr24_Q8W033.yaml	550	550	0	0	1	1.058	0	81920	0.0	0	53	True	115.85
gr24_Q8W033.yaml	550	550	0	0	1	1.59	0	81920	0.0	0	51	True	115.85
gr24_Q8W033.yaml	550	550	0	0	1	2.119	0	81920	0.0	0	50	True	115.85
gr24_Q8W033.yaml	550	550	0	0	1	2.646	0	81920	0.0	0	48	True	115.85
gr24_Q8W033.yaml	550	550	0	0	1	3.18	0	81920	0.0	0	47	True	115.85
gr24_Q8W033.yaml	550	550	0	0	1	3.746	0	81920	0.0	0	46	True	115.85
gr24_Q8W033.yaml	550	550	0	0	1	4.27	0	81920	0.0	0	46	True	115.85
gr24_Q8W033.yaml	550	550	0	0	1	4.796	0	81920	0.0	0	45	True	115.85
gr24_Q8W033.yaml	550	550	0	0	1	5.322	0	81920	0.0	0	45	True	115.85
gr24_Q8W033.yaml	550	550	0	0	1	5.853	0	81920	0.0	0	44	True	115.85
gr24_Q8W033.yaml	550	550	0	0	1	6.374	0	81920	0.0	0	44	True	115.85
gr24_Q8W033.yaml	550	550	0	0	1	6.896	0	81920	0.0	0	43	True	115.85
gr24_Q8W033.yaml	550	550	0	0	1	7.423	0	81920	0.0	0	43	True	115.85
gr24_Q8W033.yaml	550	550	0	0	1	7.95	0	81920	0.0	0	42	True	115.85
gr24_Q8W033.yaml	550	550	0	0	1	8.481	0	81920	0.0	0	42	True	115.85
gr24_Q8W033.yaml	550	550	0	0	1	9.011	0	81920	0.0	0	42	True	115.85
gr24_Q8W033.yaml	550	550	0	0	1	9.537	0	81920	0.0	0	42	True	115.85
gr24_Q8W033.yaml	550	550	0	0	1	10.065	0	81920	0.0	0	41	True	115.85
gr24_Q8W033.yaml	550	550	0	0	1	10.597	0	81920	0.0	0	41	True	115.85
gr24_Q8W033.yaml	550	550	0	0	1	11.127	0	81920	0.0	0	41	True	115.85
gr24_Q8W033.yaml	550	550	0	0	1	11.66	0	81920	0.0	0	41	True	115.85
gr24_Q8W033.yaml	550	550	0	0	1	12.189	0	81920	0.0	0	41	True	115.85
gr24_Q8W033.yaml	550	550	0	0	1	12.716	0	81920	0.0	0	40	True	115.85
gr24_Q8W033.yaml	550	550	0	0	1	13.236	0	81920	0.0	0	40	True	115.85
gr24_Q8W033.yaml	550	550	0	0	1	13.754	0	81920	0.0	0	40	True	115.85
gr24_Q8W033.yaml	550	550	0	0	1	14.273	0	81920	0.0	0	40	True	115.85
gr24_Q8W033.yaml	550	550	0	0	1	14.792	0	81920	0.0	0	40	True	115.85
gr24_Q8W033.yaml	550	550	0	0	1	15.313	0	81920	0.0	0	40	True	115.85
gr24_Q8W033.yaml	550	550	0	0	1	15.833	0	81920	0.0	0	40	True	115.85
gr24_Q8W033.yaml	550	550	0	0	1	16.349	0	81920	0.0	0	40	True	115.85
gr24_Q8W033.yaml	550	550	0	0	1	16.867	0	81920	0.0	0	40	True	115.85
gr24_Q8W033.yaml	550	550	0	0	1	17.386	0	81920	0.0	0	39	True	115.85
gr24_Q8W033.yaml	550	550	0	0	1	17.905	0	81920	0.0	0	39	True	115.85
gr24_Q8W033.yaml	550	550	0	0	1	18.422	0	81920	0.0	0	39	True	115.85
gr24_Q8W033.yaml	550	550	0	0	1	18.939	0	81920	0.0	0	39	True	115.85
gr24_Q8W033.yaml	550	550	0	0	1	19.459	0	81920	0.0	0	39	True	115.85
gr24_Q8W033.yaml	550	550	0	0	1	19.983	0	81920	0.0	0	39	True	115.85
gr24_Q8W033.yaml	550	550	0	0	1	20.509	0	81920	0.0	0	39	True	115.85
gr24_Q8W033.yaml	550	550	0	0	1	21.027	0	81920	0.0	0	39	True	115.85
gr24_Q8W033.yaml	550	550	0	0	1	21.551	0	81920	0.0	0	39	True	115.85
gr24_Q8W033.yaml	550	550	0	0	1	22.075	0	81920	0.0	0	39	True	115.85
gr24_Q8W033.yaml	550	550	0	0	1	22.595	0	81920	0.0	0	39	True	115.85
gr24_Q8W033.yaml	550	550	0	0	1	23.132	0	81920	0.0	0	39	True	115.85
gr24_Q8W033.yaml	550	550	0	0	1	23.653	0	81920	0.0	0	39	True	115.85
gr24_Q8W033.yaml	550	550	0	0	1	24.175	0	81920	0.0	0	39	True	115.85
gr24_Q8W033.yaml	550	550	0	0	1	24.698	0	81920	0.0	0	39	True	115.85
gr24_Q8W033.yaml	550	550	0	0	1	25.22	0	81920	0.0	0	39	True	115.85
gr24_Q8W033.yaml	550	550	0	0	1	25.74	0	81920	0.0	0	39	True	115.85
gr24_Q8W033.yaml	550	550	0	0	1	26.26	0	81920	0.0	0	39	True	115.85
gr24_Q8W033.yaml	550	550	0	0	1	26.781	0	81920	0.0	0	39	True	115.85
gr24_Q8W033.yaml	550	550	0	0	1	27.304	0	81920	0.0	0	38	True	115.85
gr24_Q8W033.yaml	550	550	0	0	1	27.822	0	81920	0.0	0	38	True	115.85
gr24_Q8W033.yaml	550	550	0	0	1	28.349	0	81920	0.0	0	38	True	115.85
gr24_Q8W033.yaml	550	550	0	0	1	28.865	0	81920	0.0	0	38	True	115.85
gr24_Q8W033.yaml	550	550	0	0	1	29.382	0	81920	0.0	0	38	True	115.85
gr24_Q8W033.yaml	550	550	0	0	1	29.899	0	81920	0.0	0	38	True	115.85
gr24_Q8W033.yaml	550	550	0	0	1	30.423	0	81920	0.0	0	38	True	115.85
gr24_Q8W033.yaml	550	550	0	0	1	30.991	901	81920	1.1	5	39	True	115.85
gr24_Q8W033.yaml	550	550	0	0	1	31.512	2609	81920	3.18	25	40	True	115.85
gr24_Q8W033.yaml	550	550	0	0	1	32.041	2609	81920	3.18	0	40	True	115.85
gr24_Q8W033.yaml	550	550	0	0	1	32.568	2609	81920	3.18	0	40	True	115.85
gr24_Q8W033.yaml	550	550	0	0	1	33.096	2609	81920	3.18	0	41	True	115.85
gr24_Q8W033.yaml	550	550	0	0	1	33.622	2609	81920	3.18	0	41	True	115.85
gr24_Q8W033.yaml	550	550	0	0	1	34.148	2609	81920	3.18	0	41	True	115.85
gr24_Q8W033.yaml	550	550	0	0	1	34.674	2941	81920	3.59	7	41	True	115.85
gr24_Q8W033.yaml	550	550	0	0	1	35.202	3073	81920	3.75	2	41	True	115.85
gr24_Q8W033.yaml	550	550	0	0	1	35.731	4077	81920	4.98	5	42	True	115.85
gr24_Q8W033.yaml	550	550	0	0	1	36.265	4077	81920	4.98	0	42	True	115.85
gr24_Q8W033.yaml	550	550	0	0	1	36.792	4077	81920	4.98	0	42	True	115.85
gr24_Q8W033.yaml	550	550	0	0	1	37.32	4077	81920	4.98	0	42	True	115.85
gr24_Q8W033.yaml	550	550	0	0	1	37.851	4077	81920	4.98	0	42	True	115.85
gr24_Q8W033.yaml	550	550	0	0	1	38.379	4077	81920	4.98	0	42	True	115.85
gr24_Q8W033.yaml	550	550	0	0	1	38.909	4997	81920	6.1	0	42	True	115.85
gr24_Q8W033.yaml	550	550	0	0	1	39.439	12863	81920	15.7	99	49	True	115.85
gr24_Q8W033.yaml	550	550	0	0	1	39.976	12871	81920	15.71	100	53	True	115.85
gr24_Q8W033.yaml	550	550	0	0	1	40.503	12871	81920	15.71	100	55	True	115.85
gr24_Q8W033.yaml	550	550	0	0	1	41.031	12871	81920	15.71	100	57	True	115.85
gr24_Q8W033.yaml	550	550	0	0	1	41.566	12871	81920	15.71	100	58	True	115.85
gr24_Q8W033.yaml	550	550	0	0	1	42.093	12871	81920	15.71	100	60	True	115.85
gr24_Q8W033.yaml	550	550	0	0	1	42.621	12871	81920	15.71	100	61	True	115.85
gr24_Q8W033.yaml	550	550	0	0	1	43.149	12871	81920	15.71	100	62	True	115.85
gr24_Q8W033.yaml	550	550	0	0	1	43.677	12871	81920	15.71	100	63	True	115.85
gr24_Q8W033.yaml	550	550	0	0	1	44.203	12871	81920	15.71	100	64	True	115.85
gr24_Q8W033.yaml	550	550	0	0	1	44.734	12871	81920	15.71	100	64	True	115.85
gr24_Q8W033.yaml	550	550	0	0	1	45.268	12871	81920	15.71	100	65	True	115.85
gr24_Q8W033.yaml	550	550	0	0	1	45.796	12871	81920	15.71	100	66	True	115.85
gr24_Q8W033.yaml	550	550	0	0	1	46.323	12871	81920	15.71	100	67	True	115.85
gr24_Q8W033.yaml	550	550	0	0	1	46.852	12871	81920	15.71	100	66	True	115.85
gr24_Q8W033.yaml	550	550	0	0	1	47.387	12871	81920	15.71	100	68	True	115.85
gr24_Q8W033.yaml	550	550	0	0	1	47.92	12871	81920	15.71	100	68	True	115.85
gr24_Q8W033.yaml	550	550	0	0	1	48.448	12871	81920	15.71	100	68	True	115.85
gr24_Q8W033.yaml	550	550	0	0	1	48.983	12871	81920	15.71	100	69	True	115.85
gr24_Q8W033.yaml	550	550	0	0	1	49.511	12909	81920	15.76	61	67	True	115.85
gr24_Q8W033.yaml	550	550	0	0	1	50.044	12909	81920	15.76	97	69	True	115.85
gr24_Q8W033.yaml	550	550	0	0	1	50.581	12909	81920	15.76	97	70	True	115.85
gr24_Q8W033.yaml	550	550	0	0	1	51.108	12909	81920	15.76	97	71	True	115.85
gr24_Q8W033.yaml	550	550	0	0	1	51.637	12909	81920	15.76	97	72	True	115.85
gr24_Q8W033.yaml	550	550	0	0	1	52.167	12909	81920	15.76	97	72	True	115.85
gr24_Q8W033.yaml	550	550	0	0	1	52.695	12909	81920	15.76	97	72	True	115.85
gr24_Q8W033.yaml	550	550	0	0	1	53.231	12909	81920	15.76	97	72	True	115.85
gr24_Q8W033.yaml	550	550	0	0	1	53.76	12909	81920	15.76	96	73	True	115.85
gr24_Q8W033.yaml	550	550	0	0	1	54.286	12909	81920	15.76	97	73	True	115.85
gr24_Q8W033.yaml	550	550	0	0	1	54.814	12909	81920	15.76	97	73	True	115.85
gr24_Q8W033.yaml	550	550	0	0	1	55.341	12909	81920	15.76	97	73	True	115.85
gr24_Q8W033.yaml	550	550	0	0	1	55.872	12909	81920	15.76	97	73	True	115.85
gr24_Q8W033.yaml	550	550	0	0	1	56.399	12909	81920	15.76	97	73	True	115.85
gr24_Q8W033.yaml	550	550	0	0	1	56.927	12909	81920	15.76	96	74	True	115.85
gr24_Q8W033.yaml	550	550	0	0	1	57.454	12909	81920	15.76	97	74	True	115.85
gr24_Q8W033.yaml	550	550	0	0	1	57.982	12909	81920	15.76	97	74	True	115.85
gr24_Q8W033.yaml	550	550	0	0	1	58.513	12909	81920	15.76	96	74	True	115.85
gr24_Q8W033.yaml	550	550	0	0	1	59.045	12909	81920	15.76	97	74	True	115.85
gr24_Q8W033.yaml	550	550	0	0	1	59.577	12917	81920	15.77	30	69	True	115.85
gr24_Q8W033.yaml	550	550	0	0	1	60.103	12917	81920	15.77	3	65	True	115.85
gr24_Q8W033.yaml	550	550	0	0	1	60.63	12917	81920	15.77	8	62	True	115.85
gr24_Q8W033.yaml	550	550	0	0	1	61.159	12917	81920	15.77	7	60	True	115.85
gr24_Q8W033.yaml	550	550	0	0	1	61.689	557	81920	0.68	100	59	True	115.85
gr24_Q8W033.yaml	550	550	0	0	1	62.218	557	81920	0.68	0	57	True	115.85
gr24_Q8W033.yaml	550	550	0	0	1	62.746	557	81920	0.68	0	56	True	115.85
gr24_Q8W033.yaml	550	550	0	0	1	63.275	557	81920	0.68	0	55	True	115.85
gr24_Q8W033.yaml	550	550	0	0	1	63.804	557	81920	0.68	0	54	True	115.85
gr24_Q8W033.yaml	550	550	0	0	1	64.336	557	81920	0.68	0	53	True	115.85
gr24_Q8W033.yaml	550	550	0	0	1	64.853	557	81920	0.68	0	52	True	115.85
gr24_Q8W033.yaml	550	550	0	0	1	65.37	557	81920	0.68	0	51	True	115.85
gr24_Q8W033.yaml	550	550	0	0	1	65.891	557	81920	0.68	0	51	True	115.85
gr24_Q8W033.yaml	550	550	0	0	1	66.409	557	81920	0.68	0	50	True	115.85
gr24_Q8W033.yaml	550	550	0	0	1	66.931	557	81920	0.68	0	49	True	115.85
gr24_Q8W033.yaml	550	550	0	0	1	67.449	557	81920	0.68	0	49	True	115.85
gr24_Q8W033.yaml	550	550	0	0	1	67.987	557	81920	0.68	0	49	True	115.85
gr24_Q8W033.yaml	550	550	0	0	1	68.553	557	81920	0.68	0	48	True	115.85
gr24_Q8W033.yaml	550	550	0	0	1	69.071	557	81920	0.68	0	48	True	115.85
gr24_Q8W033.yaml	550	550	0	0	1	69.588	557	81920	0.68	0	47	True	115.85
gr24_Q8W033.yaml	550	550	0	0	1	70.107	557	81920	0.68	0	47	True	115.85
gr24_Q8W033.yaml	550	550	0	0	1	70.625	557	81920	0.68	0	47	True	115.85
gr24_Q8W033.yaml	550	550	0	0	1	71.144	557	81920	0.68	0	47	True	115.85
gr24_Q8W033.yaml	550	550	0	0	1	71.661	557	81920	0.68	0	46	True	115.85
gr24_Q8W033.yaml	550	550	0	0	1	72.179	557	81920	0.68	0	46	True	115.85
gr24_Q8W033.yaml	550	550	0	0	1	72.697	557	81920	0.68	0	46	True	115.85
gr24_Q8W033.yaml	550	550	0	0	1	73.215	557	81920	0.68	0	46	True	115.85
gr24_Q8W033.yaml	550	550	0	0	1	73.743	557	81920	0.68	0	46	True	115.85
gr24_Q8W033.yaml	550	550	0	0	1	74.26	557	81920	0.68	0	45	True	115.85
gr24_Q8W033.yaml	550	550	0	0	1	74.776	557	81920	0.68	0	45	True	115.85
gr24_Q8W033.yaml	550	550	0	0	1	75.305	557	81920	0.68	0	45	True	115.85
gr24_Q8W033.yaml	550	550	0	0	1	75.828	557	81920	0.68	0	45	True	115.85
gr24_Q8W033.yaml	550	550	0	0	1	76.362	557	81920	0.68	0	45	True	115.85
gr24_Q8W033.yaml	550	550	0	0	1	76.88	557	81920	0.68	0	45	True	115.85
gr24_Q8W033.yaml	550	550	0	0	1	77.398	557	81920	0.68	0	45	True	115.85
gr24_Q8W033.yaml	550	550	0	0	1	77.913	557	81920	0.68	0	45	True	115.85
gr24_Q8W033.yaml	550	550	0	0	1	78.43	557	81920	0.68	0	45	True	115.85
gr24_Q8W033.yaml	550	550	0	0	1	78.959	557	81920	0.68	0	45	True	115.85
gr24_Q8W033.yaml	550	550	0	0	1	79.478	557	81920	0.68	0	45	True	115.85
gr24_Q8W033.yaml	550	550	0	0	1	79.999	557	81920	0.68	0	45	True	115.85
gr24_Q8W033.yaml	550	550	0	0	1	80.516	557	81920	0.68	0	45	True	115.85
gr24_Q8W033.yaml	550	550	0	0	1	81.038	557	81920	0.68	0	45	True	115.85
gr24_Q8W033.yaml	550	550	0	0	1	81.579	557	81920	0.68	0	45	True	115.85
gr24_Q8W033.yaml	550	550	0	0	1	82.106	557	81920	0.68	0	45	True	115.85
gr24_Q8W033.yaml	550	550	0	0	1	82.634	557	81920	0.68	0	45	True	115.85
gr24_Q8W033.yaml	550	550	0	0	1	83.19	557	81920	0.68	0	44	True	115.85
gr24_Q8W033.yaml	550	550	0	0	1	83.718	557	81920	0.68	0	44	True	115.85
gr24_Q8W033.yaml	550	550	0	0	1	84.254	557	81920	0.68	0	44	True	115.85
gr24_Q8W033.yaml	550	550	0	0	1	84.78	557	81920	0.68	0	44	True	115.85
gr24_Q8W033.yaml	550	550	0	0	1	85.334	557	81920	0.68	0	44	True	115.85
gr24_Q8W033.yaml	550	550	0	0	1	85.861	557	81920	0.68	0	44	True	115.85
gr24_Q8W033.yaml	550	550	0	0	1	86.391	557	81920	0.68	0	44	True	115.85
gr24_Q8W033.yaml	550	550	0	0	1	86.925	557	81920	0.68	0	44	True	115.85
gr24_Q8W033.yaml	550	550	0	0	1	87.476	557	81920	0.68	0	44	True	115.85
gr24_Q8W033.yaml	550	550	0	0	1	88.017	557	81920	0.68	0	44	True	115.85
gr24_Q8W033.yaml	550	550	0	0	1	88.561	557	81920	0.68	0	44	True	115.85
gr24_Q8W033.yaml	550	550	0	0	1	89.091	557	81920	0.68	0	44	True	115.85
gr24_Q8W033.yaml	550	550	0	0	1	89.622	557	81920	0.68	0	44	True	115.85
gr24_Q8W033.yaml	550	550	0	0	1	90.141	557	81920	0.68	0	44	True	115.85
gr24_Q8W033.yaml	550	550	0	0	1	90.658	557	81920	0.68	0	44	True	115.85
gr24_Q8W033.yaml	550	550	0	0	1	91.183	557	81920	0.68	0	44	True	115.85
gr24_Q8W033.yaml	550	550	0	0	1	91.75	557	81920	0.68	0	44	True	115.85
gr24_Q8W033.yaml	550	550	0	0	1	92.272	557	81920	0.68	0	44	True	115.85
gr24_Q8W033.yaml	550	550	0	0	1	92.797	937	81920	1.14	5	44	True	115.85
gr24_Q8W033.yaml	550	550	0	0	1	93.313	2697	81920	3.29	29	44	True	115.85
gr24_Q8W033.yaml	550	550	0	0	1	93.83	2697	81920	3.29	0	44	True	115.85
gr24_Q8W033.yaml	550	550	0	0	1	94.353	2697	81920	3.29	0	44	True	115.85
gr24_Q8W033.yaml	550	550	0	0	1	94.882	9737	81920	11.89	40	48	True	115.85
gr24_Q8W033.yaml	550	550	0	0	1	95.409	9737	81920	11.89	100	53	True	115.85
gr24_Q8W033.yaml	550	550	0	0	1	95.95	9737	81920	11.89	100	56	True	115.85
gr24_Q8W033.yaml	550	550	0	0	1	96.481	9737	81920	11.89	100	58	True	115.85
gr24_Q8W033.yaml	550	550	0	0	1	97.011	9737	81920	11.89	100	60	True	115.85
gr24_Q8W033.yaml	550	550	0	0	1	97.571	9737	81920	11.89	100	61	True	115.85
gr24_Q8W033.yaml	550	550	0	0	1	98.101	9737	81920	11.89	100	62	True	115.85
gr24_Q8W033.yaml	550	550	0	0	1	98.632	9737	81920	11.89	94	65	True	115.85
gr24_Q8W033.yaml	550	550	0	0	1	99.16	9737	81920	11.89	98	66	True	115.85
gr24_Q8W033.yaml	550	550	0	0	1	99.689	9737	81920	11.89	98	68	True	115.85
gr24_Q8W033.yaml	550	550	0	0	1	100.216	9737	81920	11.89	98	69	True	115.85
gr24_Q8W033.yaml	550	550	0	0	1	100.75	9737	81920	11.89	98	70	True	115.85
gr24_Q8W033.yaml	550	550	0	0	1	101.281	9737	81920	11.89	98	70	True	115.85
gr24_Q8W033.yaml	550	550	0	0	1	101.809	9737	81920	11.89	98	71	True	115.85
gr24_Q8W033.yaml	550	550	0	0	1	102.342	9737	81920	11.89	98	72	True	115.85
gr24_Q8W033.yaml	550	550	0	0	1	102.873	9737	81920	11.89	98	72	True	115.85
gr24_Q8W033.yaml	550	550	0	0	1	103.401	9737	81920	11.89	98	72	True	115.85
gr24_Q8W033.yaml	550	550	0	0	1	103.928	9737	81920	11.89	97	73	True	115.85
gr24_Q8W033.yaml	550	550	0	0	1	104.461	9737	81920	11.89	98	73	True	115.85
gr24_Q8W033.yaml	550	550	0	0	1	104.99	9737	81920	11.89	98	73	True	115.85
gr24_Q8W033.yaml	550	550	0	0	1	105.522	9737	81920	11.89	98	73	True	115.85
gr24_Q8W033.yaml	550	550	0	0	1	106.049	9737	81920	11.89	97	74	True	115.85
gr24_Q8W033.yaml	550	550	0	0	1	106.582	9737	81920	11.89	98	74	True	115.85
gr24_Q8W033.yaml	550	550	0	0	1	107.11	9737	81920	11.89	98	74	True	115.85
gr24_Q8W033.yaml	550	550	0	0	1	107.639	9737	81920	11.89	98	74	True	115.85
gr24_Q8W033.yaml	550	550	0	0	1	108.167	9737	81920	11.89	98	75	True	115.85
gr24_Q8W033.yaml	550	550	0	0	1	108.696	9737	81920	11.89	98	75	True	115.85
gr24_Q8W033.yaml	550	550	0	0	1	109.227	9737	81920	11.89	98	75	True	115.85
gr24_Q8W033.yaml	550	550	0	0	1	109.755	9737	81920	11.89	98	75	True	115.85
gr24_Q8W033.yaml	550	550	0	0	1	110.284	9737	81920	11.89	98	75	True	115.85
gr24_Q8W033.yaml	550	550	0	0	1	110.812	9737	81920	11.89	97	75	True	115.85
gr24_Q8W033.yaml	550	550	0	0	1	111.34	9745	81920	11.9	98	75	True	115.85
gr24_Q8W033.yaml	550	550	0	0	1	111.871	9753	81920	11.91	94	71	True	115.85
gr24_Q8W033.yaml	550	550	0	0	1	112.402	9753	81920	11.91	8	65	True	115.85
gr24_Q8W033.yaml	550	550	0	0	1	112.928	555	81920	0.68	7	63	True	115.85
gr24_Q8W033.yaml	550	550	0	0	1	113.458	555	81920	0.68	3	60	True	115.85
gr24_Q8W033.yaml	550	550	0	0	1	113.987	555	81920	0.68	0	59	True	115.85
gr24_Q8W033.yaml	550	550	0	0	1	114.521	519	81920	0.63	0	57	True	115.85
gr24_Q8W033.yaml	550	550	0	0	1	115.051	519	81920	0.63	0	56	True	115.85
gr24_Q8W033.yaml	550	550	0	0	1	115.581	0	81920	0.0	7	55	True	115.85
gr24_Q93W95.yaml	600	600	0	0	1	0.0	0	81920	0.0	0	54	True	109.26
gr24_Q93W95.yaml	600	600	0	0	1	0.528	0	81920	0.0	0	53	True	109.26
gr24_Q93W95.yaml	600	600	0	0	1	1.054	0	81920	0.0	0	52	True	109.26
gr24_Q93W95.yaml	600	600	0	0	1	1.582	0	81920	0.0	0	52	True	109.26
gr24_Q93W95.yaml	600	600	0	0	1	2.115	0	81920	0.0	0	50	True	109.26
gr24_Q93W95.yaml	600	600	0	0	1	2.696	0	81920	0.0	0	48	True	109.26
gr24_Q93W95.yaml	600	600	0	0	1	3.225	0	81920	0.0	0	47	True	109.26
gr24_Q93W95.yaml	600	600	0	0	1	3.747	0	81920	0.0	0	46	True	109.26
gr24_Q93W95.yaml	600	600	0	0	1	4.268	0	81920	0.0	0	46	True	109.26
gr24_Q93W95.yaml	600	600	0	0	1	4.789	0	81920	0.0	0	45	True	109.26
gr24_Q93W95.yaml	600	600	0	0	1	5.313	0	81920	0.0	0	44	True	109.26
gr24_Q93W95.yaml	600	600	0	0	1	5.854	0	81920	0.0	0	44	True	109.26
gr24_Q93W95.yaml	600	600	0	0	1	6.375	0	81920	0.0	0	43	True	109.26
gr24_Q93W95.yaml	600	600	0	0	1	6.905	0	81920	0.0	0	43	True	109.26
gr24_Q93W95.yaml	600	600	0	0	1	7.437	0	81920	0.0	0	43	True	109.26
gr24_Q93W95.yaml	600	600	0	0	1	7.968	0	81920	0.0	0	42	True	109.26
gr24_Q93W95.yaml	600	600	0	0	1	8.54	0	81920	0.0	0	42	True	109.26
gr24_Q93W95.yaml	600	600	0	0	1	9.071	0	81920	0.0	0	42	True	109.26
gr24_Q93W95.yaml	600	600	0	0	1	9.598	0	81920	0.0	0	41	True	109.26
gr24_Q93W95.yaml	600	600	0	0	1	10.127	0	81920	0.0	0	41	True	109.26
gr24_Q93W95.yaml	600	600	0	0	1	10.657	0	81920	0.0	0	41	True	109.26
gr24_Q93W95.yaml	600	600	0	0	1	11.186	0	81920	0.0	0	41	True	109.26
gr24_Q93W95.yaml	600	600	0	0	1	11.717	0	81920	0.0	0	40	True	109.26
gr24_Q93W95.yaml	600	600	0	0	1	12.247	0	81920	0.0	0	40	True	109.26
gr24_Q93W95.yaml	600	600	0	0	1	12.762	0	81920	0.0	0	40	True	109.26
gr24_Q93W95.yaml	600	600	0	0	1	13.28	0	81920	0.0	0	40	True	109.26
gr24_Q93W95.yaml	600	600	0	0	1	13.806	0	81920	0.0	0	40	True	109.26
gr24_Q93W95.yaml	600	600	0	0	1	14.323	0	81920	0.0	0	40	True	109.26
gr24_Q93W95.yaml	600	600	0	0	1	14.841	0	81920	0.0	0	40	True	109.26
gr24_Q93W95.yaml	600	600	0	0	1	15.369	0	81920	0.0	0	40	True	109.26
gr24_Q93W95.yaml	600	600	0	0	1	15.887	0	81920	0.0	0	39	True	109.26
gr24_Q93W95.yaml	600	600	0	0	1	16.406	0	81920	0.0	0	39	True	109.26
gr24_Q93W95.yaml	600	600	0	0	1	16.924	0	81920	0.0	0	39	True	109.26
gr24_Q93W95.yaml	600	600	0	0	1	17.463	0	81920	0.0	0	39	True	109.26
gr24_Q93W95.yaml	600	600	0	0	1	17.982	0	81920	0.0	0	39	True	109.26
gr24_Q93W95.yaml	600	600	0	0	1	18.501	0	81920	0.0	0	39	True	109.26
gr24_Q93W95.yaml	600	600	0	0	1	19.022	0	81920	0.0	0	39	True	109.26
gr24_Q93W95.yaml	600	600	0	0	1	19.542	0	81920	0.0	0	39	True	109.26
gr24_Q93W95.yaml	600	600	0	0	1	20.064	0	81920	0.0	0	39	True	109.26
gr24_Q93W95.yaml	600	600	0	0	1	20.583	0	81920	0.0	0	39	True	109.26
gr24_Q93W95.yaml	600	600	0	0	1	21.102	0	81920	0.0	0	39	True	109.26
gr24_Q93W95.yaml	600	600	0	0	1	21.622	0	81920	0.0	0	39	True	109.26
gr24_Q93W95.yaml	600	600	0	0	1	22.144	0	81920	0.0	0	39	True	109.26
gr24_Q93W95.yaml	600	600	0	0	1	22.679	0	81920	0.0	0	39	True	109.26
gr24_Q93W95.yaml	600	600	0	0	1	23.196	0	81920	0.0	0	39	True	109.26
gr24_Q93W95.yaml	600	600	0	0	1	23.712	0	81920	0.0	0	39	True	109.26
gr24_Q93W95.yaml	600	600	0	0	1	24.235	0	81920	0.0	0	39	True	109.26
gr24_Q93W95.yaml	600	600	0	0	1	24.751	0	81920	0.0	0	39	True	109.26
gr24_Q93W95.yaml	600	600	0	0	1	25.267	0	81920	0.0	0	39	True	109.26
gr24_Q93W95.yaml	600	600	0	0	1	25.788	0	81920	0.0	0	39	True	109.26
gr24_Q93W95.yaml	600	600	0	0	1	26.308	0	81920	0.0	0	38	True	109.26
gr24_Q93W95.yaml	600	600	0	0	1	26.827	0	81920	0.0	0	38	True	109.26
gr24_Q93W95.yaml	600	600	0	0	1	27.346	0	81920	0.0	0	38	True	109.26
gr24_Q93W95.yaml	600	600	0	0	1	27.865	0	81920	0.0	0	38	True	109.26
gr24_Q93W95.yaml	600	600	0	0	1	28.386	0	81920	0.0	0	38	True	109.26
gr24_Q93W95.yaml	600	600	0	0	1	28.907	0	81920	0.0	0	38	True	109.26
gr24_Q93W95.yaml	600	600	0	0	1	29.432	0	81920	0.0	0	38	True	109.26
gr24_Q93W95.yaml	600	600	0	0	1	29.955	0	81920	0.0	0	38	True	109.26
gr24_Q93W95.yaml	600	600	0	0	1	30.473	0	81920	0.0	0	38	True	109.26
gr24_Q93W95.yaml	600	600	0	0	1	30.992	0	81920	0.0	0	38	True	109.26
gr24_Q93W95.yaml	600	600	0	0	1	31.535	21	81920	0.03	0	38	True	109.26
gr24_Q93W95.yaml	600	600	0	0	1	32.06	2533	81920	3.09	23	39	True	109.26
gr24_Q93W95.yaml	600	600	0	0	1	32.577	2609	81920	3.18	0	40	True	109.26
gr24_Q93W95.yaml	600	600	0	0	1	33.099	2609	81920	3.18	0	40	True	109.26
gr24_Q93W95.yaml	600	600	0	0	1	33.626	2609	81920	3.18	0	40	True	109.26
gr24_Q93W95.yaml	600	600	0	0	1	34.153	2609	81920	3.18	0	41	True	109.26
gr24_Q93W95.yaml	600	600	0	0	1	34.683	2609	81920	3.18	0	41	True	109.26
gr24_Q93W95.yaml	600	600	0	0	1	35.213	2965	81920	3.62	7	41	True	109.26
gr24_Q93W95.yaml	600	600	0	0	1	35.738	3109	81920	3.8	1	41	True	109.26
gr24_Q93W95.yaml	600	600	0	0	1	36.268	4295	81920	5.24	6	41	True	109.26
gr24_Q93W95.yaml	600	600	0	0	1	36.795	4295	81920	5.24	0	41	True	109.26
gr24_Q93W95.yaml	600	600	0	0	1	37.323	4295	81920	5.24	0	41	True	109.26
gr24_Q93W95.yaml	600	600	0	0	1	37.85	4295	81920	5.24	0	42	True	109.26
gr24_Q93W95.yaml	600	600	0	0	1	38.379	4295	81920	5.24	0	42	True	109.26
gr24_Q93W95.yaml	600	600	0	0	1	38.908	4295	81920	5.24	0	42	True	109.26
gr24_Q93W95.yaml	600	600	0	0	1	39.476	11177	81920	13.64	0	46	True	109.26
gr24_Q93W95.yaml	600	600	0	0	1	40.01	12161	81920	14.84	100	50	True	109.26
gr24_Q93W95.yaml	600	600	0	0	1	40.537	12167	81920	14.85	100	54	True	109.26
gr24_Q93W95.yaml	600	600	0	0	1	41.121	12167	81920	14.85	100	56	True	109.26
gr24_Q93W95.yaml	600	600	0	0	1	41.651	12167	81920	14.85	100	58	True	109.26
gr24_Q93W95.yaml	600	600	0	0	1	42.185	12167	81920	14.85	100	59	True	109.26
gr24_Q93W95.yaml	600	600	0	0	1	42.714	12167	81920	14.85	100	61	True	109.26
gr24_Q93W95.yaml	600	600	0	0	1	43.246	12167	81920	14.85	100	61	True	109.26
gr24_Q93W95.yaml	600	600	0	0	1	43.773	12167	81920	14.85	100	63	True	109.26
gr24_Q93W95.yaml	600	600	0	0	1	44.304	12167	81920	14.85	100	63	True	109.26
gr24_Q93W95.yaml	600	600	0	0	1	44.831	12167	81920	14.85	100	64	True	109.26
gr24_Q93W95.yaml	600	600	0	0	1	45.378	12167	81920	14.85	100	64	True	109.26
gr24_Q93W95.yaml	600	600	0	0	1	45.906	12167	81920	14.85	100	65	True	109.26
gr24_Q93W95.yaml	600	600	0	0	1	46.435	12167	81920	14.85	100	66	True	109.26
gr24_Q93W95.yaml	600	600	0	0	1	46.968	12167	81920	14.85	100	66	True	109.26
gr24_Q93W95.yaml	600	600	0	0	1	47.498	12167	81920	14.85	100	67	True	109.26
gr24_Q93W95.yaml	600	600	0	0	1	48.028	12167	81920	14.85	100	66	True	109.26
gr24_Q93W95.yaml	600	600	0	0	1	48.559	12167	81920	14.85	100	67	True	109.26
gr24_Q93W95.yaml	600	600	0	0	1	49.086	12167	81920	14.85	100	68	True	109.26
gr24_Q93W95.yaml	600	600	0	0	1	49.615	12167	81920	14.85	100	68	True	109.26
gr24_Q93W95.yaml	600	600	0	0	1	50.148	12167	81920	14.85	100	69	True	109.26
gr24_Q93W95.yaml	600	600	0	0	1	50.676	12205	81920	14.9	28	65	True	109.26
gr24_Q93W95.yaml	600	600	0	0	1	51.206	12205	81920	14.9	97	68	True	109.26
gr24_Q93W95.yaml	600	600	0	0	1	51.739	12205	81920	14.9	98	70	True	109.26
gr24_Q93W95.yaml	600	600	0	0	1	52.269	12205	81920	14.9	98	71	True	109.26
gr24_Q93W95.yaml	600	600	0	0	1	52.798	12205	81920	14.9	98	71	True	109.26
gr24_Q93W95.yaml	600	600	0	0	1	53.326	12205	81920	14.9	97	71	True	109.26
gr24_Q93W95.yaml	600	600	0	0	1	53.857	12205	81920	14.9	98	72	True	109.26
gr24_Q93W95.yaml	600	600	0	0	1	54.389	12205	81920	14.9	97	72	True	109.26
gr24_Q93W95.yaml	600	600	0	0	1	54.916	12205	81920	14.9	97	72	True	109.26
gr24_Q93W95.yaml	600	600	0	0	1	55.445	12205	81920	14.9	97	72	True	109.26
gr24_Q93W95.yaml	600	600	0	0	1	55.974	12205	81920	14.9	96	73	True	109.26
gr24_Q93W95.yaml	600	600	0	0	1	56.502	12205	81920	14.9	97	73	True	109.26
gr24_Q93W95.yaml	600	600	0	0	1	57.034	12205	81920	14.9	97	73	True	109.26
gr24_Q93W95.yaml	600	600	0	0	1	57.565	12205	81920	14.9	98	73	True	109.26
gr24_Q93W95.yaml	600	600	0	0	1	58.094	12205	81920	14.9	97	73	True	109.26
gr24_Q93W95.yaml	600	600	0	0	1	58.621	12205	81920	14.9	98	73	True	109.26
gr24_Q93W95.yaml	600	600	0	0	1	59.147	12205	81920	14.9	97	73	True	109.26
gr24_Q93W95.yaml	600	600	0	0	1	59.679	12205	81920	14.9	98	73	True	109.26
gr24_Q93W95.yaml	600	600	0	0	1	60.211	12205	81920	14.9	98	73	True	109.26
gr24_Q93W95.yaml	600	600	0	0	1	60.737	12205	81920	14.9	98	73	True	109.26
gr24_Q93W95.yaml	600	600	0	0	1	61.267	12205	81920	14.9	98	74	True	109.26
gr24_Q93W95.yaml	600	600	0	0	1	61.794	12205	81920	14.9	98	73	True	109.26
gr24_Q93W95.yaml	600	600	0	0	1	62.329	12205	81920	14.9	97	74	True	109.26
gr24_Q93W95.yaml	600	600	0	0	1	62.859	12213	81920	14.91	99	73	True	109.26
gr24_Q93W95.yaml	600	600	0	0	1	63.387	12213	81920	14.91	3	66	True	109.26
gr24_Q93W95.yaml	600	600	0	0	1	63.924	12213	81920	14.91	8	63	True	109.26
gr24_Q93W95.yaml	600	600	0	0	1	64.456	12213	81920	14.91	7	60	True	109.26
gr24_Q93W95.yaml	600	600	0	0	1	64.984	557	81920	0.68	100	58	True	109.26
gr24_Q93W95.yaml	600	600	0	0	1	65.512	557	81920	0.68	0	57	True	109.26
gr24_Q93W95.yaml	600	600	0	0	1	66.033	557	81920	0.68	0	56	True	109.26
gr24_Q93W95.yaml	600	600	0	0	1	66.556	557	81920	0.68	0	55	True	109.26
gr24_Q93W95.yaml	600	600	0	0	1	67.084	557	81920	0.68	0	54	True	109.26
gr24_Q93W95.yaml	600	600	0	0	1	67.604	557	81920	0.68	0	53	True	109.26
gr24_Q93W95.yaml	600	600	0	0	1	68.131	557	81920	0.68	0	52	True	109.26
gr24_Q93W95.yaml	600	600	0	0	1	68.655	557	81920	0.68	0	51	True	109.26
gr24_Q93W95.yaml	600	600	0	0	1	69.172	557	81920	0.68	0	51	True	109.26
gr24_Q93W95.yaml	600	600	0	0	1	69.69	557	81920	0.68	0	50	True	109.26
gr24_Q93W95.yaml	600	600	0	0	1	70.213	557	81920	0.68	0	49	True	109.26
gr24_Q93W95.yaml	600	600	0	0	1	70.73	557	81920	0.68	0	49	True	109.26
gr24_Q93W95.yaml	600	600	0	0	1	71.246	557	81920	0.68	0	48	True	109.26
gr24_Q93W95.yaml	600	600	0	0	1	71.767	557	81920	0.68	0	48	True	109.26
gr24_Q93W95.yaml	600	600	0	0	1	72.288	557	81920	0.68	0	48	True	109.26
gr24_Q93W95.yaml	600	600	0	0	1	72.808	557	81920	0.68	0	47	True	109.26
gr24_Q93W95.yaml	600	600	0	0	1	73.326	557	81920	0.68	0	47	True	109.26
gr24_Q93W95.yaml	600	600	0	0	1	73.848	557	81920	0.68	0	47	True	109.26
gr24_Q93W95.yaml	600	600	0	0	1	74.365	557	81920	0.68	0	47	True	109.26
gr24_Q93W95.yaml	600	600	0	0	1	74.88	557	81920	0.68	0	46	True	109.26
gr24_Q93W95.yaml	600	600	0	0	1	75.396	557	81920	0.68	0	46	True	109.26
gr24_Q93W95.yaml	600	600	0	0	1	75.917	557	81920	0.68	0	46	True	109.26
gr24_Q93W95.yaml	600	600	0	0	1	76.435	557	81920	0.68	0	46	True	109.26
gr24_Q93W95.yaml	600	600	0	0	1	76.956	557	81920	0.68	0	46	True	109.26
gr24_Q93W95.yaml	600	600	0	0	1	77.48	557	81920	0.68	0	45	True	109.26
gr24_Q93W95.yaml	600	600	0	0	1	78.003	557	81920	0.68	0	45	True	109.26
gr24_Q93W95.yaml	600	600	0	0	1	78.52	557	81920	0.68	0	45	True	109.26
gr24_Q93W95.yaml	600	600	0	0	1	79.036	557	81920	0.68	0	45	True	109.26
gr24_Q93W95.yaml	600	600	0	0	1	79.554	557	81920	0.68	0	45	True	109.26
gr24_Q93W95.yaml	600	600	0	0	1	80.071	557	81920	0.68	0	45	True	109.26
gr24_Q93W95.yaml	600	600	0	0	1	80.589	557	81920	0.68	0	45	True	109.26
gr24_Q93W95.yaml	600	600	0	0	1	81.107	557	81920	0.68	0	45	True	109.26
gr24_Q93W95.yaml	600	600	0	0	1	81.634	557	81920	0.68	0	45	True	109.26
gr24_Q93W95.yaml	600	600	0	0	1	82.151	557	81920	0.68	0	45	True	109.26
gr24_Q93W95.yaml	600	600	0	0	1	82.673	557	81920	0.68	0	45	True	109.26
gr24_Q93W95.yaml	600	600	0	0	1	83.196	557	81920	0.68	0	45	True	109.26
gr24_Q93W95.yaml	600	600	0	0	1	83.72	557	81920	0.68	0	45	True	109.26
gr24_Q93W95.yaml	600	600	0	0	1	84.243	557	81920	0.68	0	45	True	109.26
gr24_Q93W95.yaml	600	600	0	0	1	84.761	557	81920	0.68	0	45	True	109.26
gr24_Q93W95.yaml	600	600	0	0	1	85.294	557	81920	0.68	0	45	True	109.26
gr24_Q93W95.yaml	600	600	0	0	1	85.812	643	81920	0.78	0	45	True	109.26
gr24_Q93W95.yaml	600	600	0	0	1	86.328	2697	81920	3.29	18	45	True	109.26
gr24_Q93W95.yaml	600	600	0	0	1	86.851	2697	81920	3.29	0	45	True	109.26
gr24_Q93W95.yaml	600	600	0	0	1	87.382	2697	81920	3.29	0	45	True	109.26
gr24_Q93W95.yaml	600	600	0	0	1	87.906	8533	81920	10.42	100	49	True	109.26
gr24_Q93W95.yaml	600	600	0	0	1	88.434	8533	81920	10.42	100	54	True	109.26
gr24_Q93W95.yaml	600	600	0	0	1	88.964	8533	81920	10.42	100	57	True	109.26
gr24_Q93W95.yaml	600	600	0	0	1	89.492	8533	81920	10.42	100	59	True	109.26
gr24_Q93W95.yaml	600	600	0	0	1	90.023	8533	81920	10.42	100	61	True	109.26
gr24_Q93W95.yaml	600	600	0	0	1	90.554	8533	81920	10.42	100	62	True	109.26
gr24_Q93W95.yaml	600	600	0	0	1	91.083	8533	81920	10.42	100	63	True	109.26
gr24_Q93W95.yaml	600	600	0	0	1	91.614	8533	81920	10.42	93	65	True	109.26
gr24_Q93W95.yaml	600	600	0	0	1	92.145	8533	81920	10.42	98	67	True	109.26
gr24_Q93W95.yaml	600	600	0	0	1	92.679	8533	81920	10.42	98	68	True	109.26
gr24_Q93W95.yaml	600	600	0	0	1	93.207	8533	81920	10.42	98	70	True	109.26
gr24_Q93W95.yaml	600	600	0	0	1	93.737	8533	81920	10.42	98	70	True	109.26
gr24_Q93W95.yaml	600	600	0	0	1	94.291	8533	81920	10.42	98	71	True	109.26
gr24_Q93W95.yaml	600	600	0	0	1	94.817	8533	81920	10.42	98	71	True	109.26
gr24_Q93W95.yaml	600	600	0	0	1	95.346	8533	81920	10.42	98	72	True	109.26
gr24_Q93W95.yaml	600	600	0	0	1	95.88	8533	81920	10.42	98	73	True	109.26
gr24_Q93W95.yaml	600	600	0	0	1	96.413	8533	81920	10.42	98	73	True	109.26
gr24_Q93W95.yaml	600	600	0	0	1	96.942	8533	81920	10.42	98	73	True	109.26
gr24_Q93W95.yaml	600	600	0	0	1	97.469	8533	81920	10.42	98	74	True	109.26
gr24_Q93W95.yaml	600	600	0	0	1	97.996	8533	81920	10.42	98	74	True	109.26
gr24_Q93W95.yaml	600	600	0	0	1	98.525	8533	81920	10.42	98	74	True	109.26
gr24_Q93W95.yaml	600	600	0	0	1	99.053	8533	81920	10.42	97	74	True	109.26
gr24_Q93W95.yaml	600	600	0	0	1	99.582	8533	81920	10.42	98	74	True	109.26
gr24_Q93W95.yaml	600	600	0	0	1	100.109	8533	81920	10.42	98	75	True	109.26
gr24_Q93W95.yaml	600	600	0	0	1	100.639	8533	81920	10.42	98	75	True	109.26
gr24_Q93W95.yaml	600	600	0	0	1	101.166	8533	81920	10.42	98	75	True	109.26
gr24_Q93W95.yaml	600	600	0	0	1	101.693	8533	81920	10.42	98	75	True	109.26
gr24_Q93W95.yaml	600	600	0	0	1	102.225	8533	81920	10.42	98	75	True	109.26
gr24_Q93W95.yaml	600	600	0	0	1	102.757	8533	81920	10.42	98	75	True	109.26
gr24_Q93W95.yaml	600	600	0	0	1	103.286	8533	81920	10.42	98	75	True	109.26
gr24_Q93W95.yaml	600	600	0	0	1	103.812	8533	81920	10.42	98	75	True	109.26
gr24_Q93W95.yaml	600	600	0	0	1	104.341	8533	81920	10.42	98	75	True	109.26
gr24_Q93W95.yaml	600	600	0	0	1	104.871	8541	81920	10.43	98	74	True	109.26
gr24_Q93W95.yaml	600	600	0	0	1	105.398	8547	81920	10.43	36	69	True	109.26
gr24_Q93W95.yaml	600	600	0	0	1	105.927	8547	81920	10.43	9	65	True	109.26
gr24_Q93W95.yaml	600	600	0	0	1	106.455	555	81920	0.68	8	63	True	109.26
gr24_Q93W95.yaml	600	600	0	0	1	106.974	555	81920	0.68	0	60	True	109.26
gr24_Q93W95.yaml	600	600	0	0	1	107.502	519	81920	0.63	0	59	True	109.26
gr24_Q93W95.yaml	600	600	0	0	1	108.028	519	81920	0.63	0	57	True	109.26
gr24_Q93W95.yaml	600	600	0	0	1	108.554	519	81920	0.63	0	56	True	109.26
gr24_Q93W95.yaml	600	600	0	0	1	109.076	0	81920	0.0	7	55	True	109.26
gr24_P27323.yaml	700	700	0	0	1	0.0	0	81920	0.0	0	55	True	116.47
gr24_P27323.yaml	700	700	0	0	1	0.528	0	81920	0.0	0	54	True	116.47
gr24_P27323.yaml	700	700	0	0	1	1.058	0	81920	0.0	0	53	True	116.47
gr24_P27323.yaml	700	700	0	0	1	1.586	0	81920	0.0	0	52	True	116.47
gr24_P27323.yaml	700	700	0	0	1	2.113	0	81920	0.0	0	50	True	116.47
gr24_P27323.yaml	700	700	0	0	1	2.643	0	81920	0.0	0	49	True	116.47
gr24_P27323.yaml	700	700	0	0	1	3.173	0	81920	0.0	0	48	True	116.47
gr24_P27323.yaml	700	700	0	0	1	3.697	0	81920	0.0	0	47	True	116.47
gr24_P27323.yaml	700	700	0	0	1	4.22	0	81920	0.0	0	46	True	116.47
gr24_P27323.yaml	700	700	0	0	1	4.746	0	81920	0.0	0	45	True	116.47
gr24_P27323.yaml	700	700	0	0	1	5.274	0	81920	0.0	0	45	True	116.47
gr24_P27323.yaml	700	700	0	0	1	5.804	0	81920	0.0	0	44	True	116.47
gr24_P27323.yaml	700	700	0	0	1	6.327	0	81920	0.0	0	44	True	116.47
gr24_P27323.yaml	700	700	0	0	1	6.85	0	81920	0.0	0	44	True	116.47
gr24_P27323.yaml	700	700	0	0	1	7.382	0	81920	0.0	0	43	True	116.47
gr24_P27323.yaml	700	700	0	0	1	7.912	0	81920	0.0	0	43	True	116.47
gr24_P27323.yaml	700	700	0	0	1	8.44	0	81920	0.0	0	42	True	116.47
gr24_P27323.yaml	700	700	0	0	1	8.969	0	81920	0.0	0	42	True	116.47
gr24_P27323.yaml	700	700	0	0	1	9.5	0	81920	0.0	0	42	True	116.47
gr24_P27323.yaml	700	700	0	0	1	10.038	0	81920	0.0	0	42	True	116.47
gr24_P27323.yaml	700	700	0	0	1	10.567	0	81920	0.0	0	41	True	116.47
gr24_P27323.yaml	700	700	0	0	1	11.097	0	81920	0.0	0	41	True	116.47
gr24_P27323.yaml	700	700	0	0	1	11.628	0	81920	0.0	0	41	True	116.47
gr24_P27323.yaml	700	700	0	0	1	12.156	0	81920	0.0	0	41	True	116.47
gr24_P27323.yaml	700	700	0	0	1	12.677	0	81920	0.0	0	41	True	116.47
gr24_P27323.yaml	700	700	0	0	1	13.213	0	81920	0.0	0	41	True	116.47
gr24_P27323.yaml	700	700	0	0	1	13.732	0	81920	0.0	0	40	True	116.47
gr24_P27323.yaml	700	700	0	0	1	14.256	0	81920	0.0	0	40	True	116.47
gr24_P27323.yaml	700	700	0	0	1	14.773	0	81920	0.0	0	40	True	116.47
gr24_P27323.yaml	700	700	0	0	1	15.291	0	81920	0.0	0	40	True	116.47
gr24_P27323.yaml	700	700	0	0	1	15.817	0	81920	0.0	0	40	True	116.47
gr24_P27323.yaml	700	700	0	0	1	16.337	0	81920	0.0	0	40	True	116.47
gr24_P27323.yaml	700	700	0	0	1	16.859	0	81920	0.0	0	40	True	116.47
gr24_P27323.yaml	700	700	0	0	1	17.389	0	81920	0.0	0	40	True	116.47
gr24_P27323.yaml	700	700	0	0	1	17.912	0	81920	0.0	0	40	True	116.47
gr24_P27323.yaml	700	700	0	0	1	18.43	0	81920	0.0	0	40	True	116.47
gr24_P27323.yaml	700	700	0	0	1	18.949	0	81920	0.0	0	40	True	116.47
gr24_P27323.yaml	700	700	0	0	1	19.469	0	81920	0.0	0	40	True	116.47
gr24_P27323.yaml	700	700	0	0	1	19.991	0	81920	0.0	0	40	True	116.47
gr24_P27323.yaml	700	700	0	0	1	20.513	0	81920	0.0	0	39	True	116.47
gr24_P27323.yaml	700	700	0	0	1	21.038	0	81920	0.0	0	39	True	116.47
gr24_P27323.yaml	700	700	0	0	1	21.563	0	81920	0.0	0	39	True	116.47
gr24_P27323.yaml	700	700	0	0	1	22.082	0	81920	0.0	0	39	True	116.47
gr24_P27323.yaml	700	700	0	0	1	22.603	0	81920	0.0	0	39	True	116.47
gr24_P27323.yaml	700	700	0	0	1	23.125	0	81920	0.0	0	39	True	116.47
gr24_P27323.yaml	700	700	0	0	1	23.642	0	81920	0.0	0	39	True	116.47
gr24_P27323.yaml	700	700	0	0	1	24.158	0	81920	0.0	0	39	True	116.47
gr24_P27323.yaml	700	700	0	0	1	24.679	0	81920	0.0	0	39	True	116.47
gr24_P27323.yaml	700	700	0	0	1	25.197	0	81920	0.0	0	39	True	116.47
gr24_P27323.yaml	700	700	0	0	1	25.715	0	81920	0.0	0	39	True	116.47
gr24_P27323.yaml	700	700	0	0	1	26.249	0	81920	0.0	0	39	True	116.47
gr24_P27323.yaml	700	700	0	0	1	26.768	0	81920	0.0	0	39	True	116.47
gr24_P27323.yaml	700	700	0	0	1	27.289	0	81920	0.0	0	39	True	116.47
gr24_P27323.yaml	700	700	0	0	1	27.809	0	81920	0.0	0	39	True	116.47
gr24_P27323.yaml	700	700	0	0	1	28.33	0	81920	0.0	0	39	True	116.47
gr24_P27323.yaml	700	700	0	0	1	28.85	0	81920	0.0	0	39	True	116.47
gr24_P27323.yaml	700	700	0	0	1	29.371	0	81920	0.0	0	39	True	116.47
gr24_P27323.yaml	700	700	0	0	1	29.892	0	81920	0.0	0	39	True	116.47
gr24_P27323.yaml	700	700	0	0	1	30.414	0	81920	0.0	0	39	True	116.47
gr24_P27323.yaml	700	700	0	0	1	30.957	20	81920	0.02	0	39	True	116.47
gr24_P27323.yaml	700	700	0	0	1	31.486	2533	81920	3.09	29	40	True	116.47
gr24_P27323.yaml	700	700	0	0	1	32.003	2609	81920	3.18	0	40	True	116.47
gr24_P27323.yaml	700	700	0	0	1	32.524	2609	81920	3.18	0	41	True	116.47
gr24_P27323.yaml	700	700	0	0	1	33.049	2609	81920	3.18	0	41	True	116.47
gr24_P27323.yaml	700	700	0	0	1	33.572	2609	81920	3.18	0	41	True	116.47
gr24_P27323.yaml	700	700	0	0	1	34.097	2609	81920	3.18	0	41	True	116.47
gr24_P27323.yaml	700	700	0	0	1	34.625	2609	81920	3.18	0	41	True	116.47
gr24_P27323.yaml	700	700	0	0	1	35.154	3059	81920	3.73	1	42	True	116.47
gr24_P27323.yaml	700	700	0	0	1	35.689	3257	81920	3.98	2	42	True	116.47
gr24_P27323.yaml	700	700	0	0	1	36.22	4853	81920	5.92	7	42	True	116.47
gr24_P27323.yaml	700	700	0	0	1	36.75	4853	81920	5.92	0	42	True	116.47
gr24_P27323.yaml	700	700	0	0	1	37.278	4853	81920	5.92	0	42	True	116.47
gr24_P27323.yaml	700	700	0	0	1	37.807	4853	81920	5.92	0	42	True	116.47
gr24_P27323.yaml	700	700	0	0	1	38.335	4853	81920	5.92	0	42	True	116.47
gr24_P27323.yaml	700	700	0	0	1	38.867	4853	81920	5.92	0	42	True	116.47
gr24_P27323.yaml	700	700	0	0	1	39.394	12647	81920	15.44	0	45	True	116.47
gr24_P27323.yaml	700	700	0	0	1	39.924	16257	81920	19.84	100	50	True	116.47
gr24_P27323.yaml	700	700	0	0	1	40.455	16257	81920	19.84	100	53	True	116.47
gr24_P27323.yaml	700	700	0	0	1	40.994	16257	81920	19.84	100	56	True	116.47
gr24_P27323.yaml	700	700	0	0	1	41.525	16257	81920	19.84	100	58	True	116.47
gr24_P27323.yaml	700	700	0	0	1	42.057	16257	81920	19.84	100	59	True	116.47
gr24_P27323.yaml	700	700	0	0	1	42.589	16257	81920	19.84	100	61	True	116.47
gr24_P27323.yaml	700	700	0	0	1	43.12	16257	81920	19.84	100	62	True	116.47
gr24_P27323.yaml	700	700	0	0	1	43.65	16257	81920	19.84	100	62	True	116.47
gr24_P27323.yaml	700	700	0	0	1	44.183	16257	81920	19.84	100	62	True	116.47
gr24_P27323.yaml	700	700	0	0	1	44.713	16257	81920	19.84	100	64	True	116.47
gr24_P27323.yaml	700	700	0	0	1	45.29	16257	81920	19.84	100	65	True	116.47
gr24_P27323.yaml	700	700	0	0	1	45.822	16257	81920	19.84	100	65	True	116.47
gr24_P27323.yaml	700	700	0	0	1	46.35	16257	81920	19.84	100	66	True	116.47
gr24_P27323.yaml	700	700	0	0	1	46.877	16257	81920	19.84	100	67	True	116.47
gr24_P27323.yaml	700	700	0	0	1	47.41	16257	81920	19.84	100	67	True	116.47
gr24_P27323.yaml	700	700	0	0	1	47.943	16257	81920	19.84	100	67	True	116.47
gr24_P27323.yaml	700	700	0	0	1	48.47	16257	81920	19.84	100	68	True	116.47
gr24_P27323.yaml	700	700	0	0	1	48.999	16257	81920	19.84	100	68	True	116.47
gr24_P27323.yaml	700	700	0	0	1	49.53	16257	81920	19.84	100	69	True	116.47
gr24_P27323.yaml	700	700	0	0	1	50.059	16257	81920	19.84	100	69	True	116.47
gr24_P27323.yaml	700	700	0	0	1	50.588	16257	81920	19.84	100	69	True	116.47
gr24_P27323.yaml	700	700	0	0	1	51.117	16257	81920	19.84	100	69	True	116.47
gr24_P27323.yaml	700	700	0	0	1	51.645	16257	81920	19.84	100	69	True	116.47
gr24_P27323.yaml	700	700	0	0	1	52.182	16257	81920	19.84	100	70	True	116.47
gr24_P27323.yaml	700	700	0	0	1	52.709	16257	81920	19.84	100	70	True	116.47
gr24_P27323.yaml	700	700	0	0	1	53.238	16257	81920	19.84	100	70	True	116.47
gr24_P27323.yaml	700	700	0	0	1	53.768	16257	81920	19.84	100	71	True	116.47
gr24_P27323.yaml	700	700	0	0	1	54.297	16257	81920	19.84	100	71	True	116.47
gr24_P27323.yaml	700	700	0	0	1	54.827	16257	81920	19.84	100	71	True	116.47
gr24_P27323.yaml	700	700	0	0	1	55.356	16295	81920	19.89	55	69	True	116.47
gr24_P27323.yaml	700	700	0	0	1	55.891	16295	81920	19.89	96	69	True	116.47
gr24_P27323.yaml	700	700	0	0	1	56.417	16295	81920	19.89	98	71	True	116.47
gr24_P27323.yaml	700	700	0	0	1	56.945	16295	81920	19.89	98	72	True	116.47
gr24_P27323.yaml	700	700	0	0	1	57.475	16295	81920	19.89	98	72	True	116.47
gr24_P27323.yaml	700	700	0	0	1	58.022	16295	81920	19.89	98	73	True	116.47
gr24_P27323.yaml	700	700	0	0	1	58.615	16295	81920	19.89	98	73	True	116.47
gr24_P27323.yaml	700	700	0	0	1	59.145	16295	81920	19.89	98	73	True	116.47
gr24_P27323.yaml	700	700	0	0	1	59.674	16295	81920	19.89	98	73	True	116.47
gr24_P27323.yaml	700	700	0	0	1	60.203	16295	81920	19.89	98	73	True	116.47
gr24_P27323.yaml	700	700	0	0	1	60.732	16295	81920	19.89	98	74	True	116.47
gr24_P27323.yaml	700	700	0	0	1	61.265	16295	81920	19.89	98	73	True	116.47
gr24_P27323.yaml	700	700	0	0	1	61.796	16295	81920	19.89	98	74	True	116.47
gr24_P27323.yaml	700	700	0	0	1	62.326	16295	81920	19.89	98	74	True	116.47
gr24_P27323.yaml	700	700	0	0	1	62.855	16295	81920	19.89	98	74	True	116.47
gr24_P27323.yaml	700	700	0	0	1	63.382	16295	81920	19.89	98	74	True	116.47
gr24_P27323.yaml	700	700	0	0	1	63.91	16295	81920	19.89	98	74	True	116.47
gr24_P27323.yaml	700	700	0	0	1	64.437	16295	81920	19.89	97	74	True	116.47
gr24_P27323.yaml	700	700	0	0	1	64.966	16295	81920	19.89	98	74	True	116.47
gr24_P27323.yaml	700	700	0	0	1	65.5	16295	81920	19.89	97	74	True	116.47
gr24_P27323.yaml	700	700	0	0	1	66.038	16295	81920	19.89	97	74	True	116.47
gr24_P27323.yaml	700	700	0	0	1	66.571	16295	81920	19.89	98	74	True	116.47
gr24_P27323.yaml	700	700	0	0	1	67.096	16295	81920	19.89	98	74	True	116.47
gr24_P27323.yaml	700	700	0	0	1	67.625	16295	81920	19.89	98	74	True	116.47
gr24_P27323.yaml	700	700	0	0	1	68.154	16295	81920	19.89	98	74	True	116.47
gr24_P27323.yaml	700	700	0	0	1	68.69	16295	81920	19.89	97	74	True	116.47
gr24_P27323.yaml	700	700	0	0	1	69.22	16297	81920	19.89	98	74	True	116.47
gr24_P27323.yaml	700	700	0	0	1	69.748	16301	81920	19.9	13	69	True	116.47
gr24_P27323.yaml	700	700	0	0	1	70.276	16301	81920	19.9	3	65	True	116.47
gr24_P27323.yaml	700	700	0	0	1	70.807	16301	81920	19.9	8	63	True	116.47
gr24_P27323.yaml	700	700	0	0	1	71.335	16301	81920	19.9	8	61	True	116.47
gr24_P27323.yaml	700	700	0	0	1	71.864	557	81920	0.68	100	59	True	116.47
gr24_P27323.yaml	700	700	0	0	1	72.393	557	81920	0.68	0	57	True	116.47
gr24_P27323.yaml	700	700	0	0	1	72.921	557	81920	0.68	0	56	True	116.47
gr24_P27323.yaml	700	700	0	0	1	73.452	557	81920	0.68	0	55	True	116.47
gr24_P27323.yaml	700	700	0	0	1	73.999	557	81920	0.68	0	54	True	116.47
gr24_P27323.yaml	700	700	0	0	1	74.521	557	81920	0.68	0	53	True	116.47
gr24_P27323.yaml	700	700	0	0	1	75.05	557	81920	0.68	0	53	True	116.47
gr24_P27323.yaml	700	700	0	0	1	75.577	557	81920	0.68	0	52	True	116.47
gr24_P27323.yaml	700	700	0	0	1	76.103	557	81920	0.68	0	51	True	116.47
gr24_P27323.yaml	700	700	0	0	1	76.621	557	81920	0.68	0	51	True	116.47
gr24_P27323.yaml	700	700	0	0	1	77.138	557	81920	0.68	0	50	True	116.47
gr24_P27323.yaml	700	700	0	0	1	77.656	557	81920	0.68	0	50	True	116.47
gr24_P27323.yaml	700	700	0	0	1	78.184	557	81920	0.68	0	49	True	116.47
gr24_P27323.yaml	700	700	0	0	1	78.701	557	81920	0.68	0	49	True	116.47
gr24_P27323.yaml	700	700	0	0	1	79.224	557	81920	0.68	0	48	True	116.47
gr24_P27323.yaml	700	700	0	0	1	79.769	557	81920	0.68	0	48	True	116.47
gr24_P27323.yaml	700	700	0	0	1	80.309	557	81920	0.68	0	48	True	116.47
gr24_P27323.yaml	700	700	0	0	1	80.828	557	81920	0.68	0	48	True	116.47
gr24_P27323.yaml	700	700	0	0	1	81.344	557	81920	0.68	0	47	True	116.47
gr24_P27323.yaml	700	700	0	0	1	81.872	557	81920	0.68	0	47	True	116.47
gr24_P27323.yaml	700	700	0	0	1	82.392	557	81920	0.68	0	47	True	116.47
gr24_P27323.yaml	700	700	0	0	1	82.921	557	81920	0.68	0	47	True	116.47
gr24_P27323.yaml	700	700	0	0	1	83.44	557	81920	0.68	0	47	True	116.47
gr24_P27323.yaml	700	700	0	0	1	83.96	557	81920	0.68	0	46	True	116.47
gr24_P27323.yaml	700	700	0	0	1	84.477	557	81920	0.68	0	46	True	116.47
gr24_P27323.yaml	700	700	0	0	1	85.001	557	81920	0.68	0	46	True	116.47
gr24_P27323.yaml	700	700	0	0	1	85.524	557	81920	0.68	0	46	True	116.47
gr24_P27323.yaml	700	700	0	0	1	86.042	557	81920	0.68	0	46	True	116.47
gr24_P27323.yaml	700	700	0	0	1	86.559	557	81920	0.68	0	46	True	116.47
gr24_P27323.yaml	700	700	0	0	1	87.078	557	81920	0.68	0	46	True	116.47
gr24_P27323.yaml	700	700	0	0	1	87.599	557	81920	0.68	0	46	True	116.47
gr24_P27323.yaml	700	700	0	0	1	88.118	557	81920	0.68	0	46	True	116.47
gr24_P27323.yaml	700	700	0	0	1	88.635	557	81920	0.68	0	46	True	116.47
gr24_P27323.yaml	700	700	0	0	1	89.154	557	81920	0.68	0	46	True	116.47
gr24_P27323.yaml	700	700	0	0	1	89.675	557	81920	0.68	0	46	True	116.47
gr24_P27323.yaml	700	700	0	0	1	90.198	557	81920	0.68	0	46	True	116.47
gr24_P27323.yaml	700	700	0	0	1	90.715	557	81920	0.68	0	45	True	116.47
gr24_P27323.yaml	700	700	0	0	1	91.232	557	81920	0.68	0	45	True	116.47
gr24_P27323.yaml	700	700	0	0	1	91.751	557	81920	0.68	0	45	True	116.47
gr24_P27323.yaml	700	700	0	0	1	92.274	559	81920	0.68	0	45	True	116.47
gr24_P27323.yaml	700	700	0	0	1	92.791	2697	81920	3.29	30	45	True	116.47
gr24_P27323.yaml	700	700	0	0	1	93.318	2697	81920	3.29	0	45	True	116.47
gr24_P27323.yaml	700	700	0	0	1	93.846	2697	81920	3.29	0	45	True	116.47
gr24_P27323.yaml	700	700	0	0	1	94.381	2835	81920	3.46	0	45	True	116.47
gr24_P27323.yaml	700	700	0	0	1	94.917	9967	81920	12.17	100	52	True	116.47
gr24_P27323.yaml	700	700	0	0	1	95.45	9967	81920	12.17	100	56	True	116.47
gr24_P27323.yaml	700	700	0	0	1	95.984	9967	81920	12.17	100	59	True	116.47
gr24_P27323.yaml	700	700	0	0	1	96.53	9967	81920	12.17	100	61	True	116.47
gr24_P27323.yaml	700	700	0	0	1	97.062	9967	81920	12.17	100	62	True	116.47
gr24_P27323.yaml	700	700	0	0	1	97.592	9967	81920	12.17	100	63	True	116.47
gr24_P27323.yaml	700	700	0	0	1	98.128	9967	81920	12.17	100	64	True	116.47
gr24_P27323.yaml	700	700	0	0	1	98.655	9967	81920	12.17	99	66	True	116.47
gr24_P27323.yaml	700	700	0	0	1	99.185	9967	81920	12.17	98	68	True	116.47
gr24_P27323.yaml	700	700	0	0	1	99.715	9967	81920	12.17	97	69	True	116.47
gr24_P27323.yaml	700	700	0	0	1	100.246	9967	81920	12.17	98	70	True	116.47
gr24_P27323.yaml	700	700	0	0	1	100.774	9967	81920	12.17	97	71	True	116.47
gr24_P27323.yaml	700	700	0	0	1	101.295	9967	81920	12.17	98	72	True	116.47
gr24_P27323.yaml	700	700	0	0	1	101.816	9967	81920	12.17	98	73	True	116.47
gr24_P27323.yaml	700	700	0	0	1	102.339	9967	81920	12.17	98	73	True	116.47
gr24_P27323.yaml	700	700	0	0	1	102.865	9967	81920	12.17	98	73	True	116.47
gr24_P27323.yaml	700	700	0	0	1	103.39	9967	81920	12.17	98	73	True	116.47
gr24_P27323.yaml	700	700	0	0	1	103.918	9967	81920	12.17	97	74	True	116.47
gr24_P27323.yaml	700	700	0	0	1	104.44	9967	81920	12.17	98	74	True	116.47
gr24_P27323.yaml	700	700	0	0	1	104.959	9967	81920	12.17	98	75	True	116.47
gr24_P27323.yaml	700	700	0	0	1	105.482	9967	81920	12.17	98	75	True	116.47
gr24_P27323.yaml	700	700	0	0	1	106.003	9967	81920	12.17	97	75	True	116.47
gr24_P27323.yaml	700	700	0	0	1	106.532	9967	81920	12.17	98	76	True	116.47
gr24_P27323.yaml	700	700	0	0	1	107.057	9967	81920	12.17	97	75	True	116.47
gr24_P27323.yaml	700	700	0	0	1	107.578	9967	81920	12.17	98	75	True	116.47
gr24_P27323.yaml	700	700	0	0	1	108.108	9967	81920	12.17	98	76	True	116.47
gr24_P27323.yaml	700	700	0	0	1	108.635	9967	81920	12.17	98	76	True	116.47
gr24_P27323.yaml	700	700	0	0	1	109.165	9967	81920	12.17	98	75	True	116.47
gr24_P27323.yaml	700	700	0	0	1	109.694	9967	81920	12.17	98	76	True	116.47
gr24_P27323.yaml	700	700	0	0	1	110.222	9967	81920	12.17	98	76	True	116.47
gr24_P27323.yaml	700	700	0	0	1	110.751	9967	81920	12.17	98	76	True	116.47
gr24_P27323.yaml	700	700	0	0	1	111.278	9967	81920	12.17	98	76	True	116.47
gr24_P27323.yaml	700	700	0	0	1	111.806	9967	81920	12.17	98	76	True	116.47
gr24_P27323.yaml	700	700	0	0	1	112.333	9981	81920	12.18	96	75	True	116.47
gr24_P27323.yaml	700	700	0	0	1	112.861	9981	81920	12.18	8	68	True	116.47
gr24_P27323.yaml	700	700	0	0	1	113.415	9981	81920	12.18	9	64	True	116.47
gr24_P27323.yaml	700	700	0	0	1	113.942	555	81920	0.68	15	62	True	116.47
gr24_P27323.yaml	700	700	0	0	1	114.469	555	81920	0.68	0	60	True	116.47
gr24_P27323.yaml	700	700	0	0	1	114.999	519	81920	0.63	0	58	True	116.47
gr24_P27323.yaml	700	700	0	0	1	115.527	519	81920	0.63	0	57	True	116.47
gr24_P27323.yaml	700	700	0	0	1	116.053	0	81920	0.0	0	56	True	116.47
gr24_F4I6P0.yaml	750	750	0	0	1	0.0	0	81920	0.0	0	55	True	117.36
gr24_F4I6P0.yaml	750	750	0	0	1	0.534	0	81920	0.0	0	54	True	117.36
gr24_F4I6P0.yaml	750	750	0	0	1	1.062	0	81920	0.0	0	53	True	117.36
gr24_F4I6P0.yaml	750	750	0	0	1	1.589	0	81920	0.0	0	51	True	117.36
gr24_F4I6P0.yaml	750	750	0	0	1	2.118	0	81920	0.0	0	50	True	117.36
gr24_F4I6P0.yaml	750	750	0	0	1	2.645	0	81920	0.0	0	49	True	117.36
gr24_F4I6P0.yaml	750	750	0	0	1	3.175	0	81920	0.0	0	48	True	117.36
gr24_F4I6P0.yaml	750	750	0	0	1	3.705	0	81920	0.0	0	47	True	117.36
gr24_F4I6P0.yaml	750	750	0	0	1	4.234	0	81920	0.0	0	46	True	117.36
gr24_F4I6P0.yaml	750	750	0	0	1	4.77	0	81920	0.0	0	45	True	117.36
gr24_F4I6P0.yaml	750	750	0	0	1	5.299	0	81920	0.0	0	45	True	117.36
gr24_F4I6P0.yaml	750	750	0	0	1	5.828	0	81920	0.0	0	44	True	117.36
gr24_F4I6P0.yaml	750	750	0	0	1	6.353	0	81920	0.0	0	44	True	117.36
gr24_F4I6P0.yaml	750	750	0	0	1	6.885	0	81920	0.0	0	43	True	117.36
gr24_F4I6P0.yaml	750	750	0	0	1	7.416	0	81920	0.0	0	43	True	117.36
gr24_F4I6P0.yaml	750	750	0	0	1	7.946	0	81920	0.0	0	43	True	117.36
gr24_F4I6P0.yaml	750	750	0	0	1	8.475	0	81920	0.0	0	42	True	117.36
gr24_F4I6P0.yaml	750	750	0	0	1	9.006	0	81920	0.0	0	42	True	117.36
gr24_F4I6P0.yaml	750	750	0	0	1	9.537	0	81920	0.0	0	42	True	117.36
gr24_F4I6P0.yaml	750	750	0	0	1	10.067	0	81920	0.0	0	41	True	117.36
gr24_F4I6P0.yaml	750	750	0	0	1	10.59	0	81920	0.0	0	41	True	117.36
gr24_F4I6P0.yaml	750	750	0	0	1	11.11	0	81920	0.0	0	41	True	117.36
gr24_F4I6P0.yaml	750	750	0	0	1	11.631	0	81920	0.0	0	41	True	117.36
gr24_F4I6P0.yaml	750	750	0	0	1	12.171	0	81920	0.0	0	41	True	117.36
gr24_F4I6P0.yaml	750	750	0	0	1	12.691	0	81920	0.0	0	41	True	117.36
gr24_F4I6P0.yaml	750	750	0	0	1	13.212	0	81920	0.0	0	40	True	117.36
gr24_F4I6P0.yaml	750	750	0	0	1	13.732	0	81920	0.0	0	40	True	117.36
gr24_F4I6P0.yaml	750	750	0	0	1	14.255	0	81920	0.0	0	40	True	117.36
gr24_F4I6P0.yaml	750	750	0	0	1	14.771	0	81920	0.0	0	40	True	117.36
gr24_F4I6P0.yaml	750	750	0	0	1	15.286	0	81920	0.0	0	40	True	117.36
gr24_F4I6P0.yaml	750	750	0	0	1	15.822	0	81920	0.0	0	40	True	117.36
gr24_F4I6P0.yaml	750	750	0	0	1	16.353	0	81920	0.0	0	40	True	117.36
gr24_F4I6P0.yaml	750	750	0	0	1	16.871	0	81920	0.0	0	40	True	117.36
gr24_F4I6P0.yaml	750	750	0	0	1	17.394	0	81920	0.0	0	40	True	117.36
gr24_F4I6P0.yaml	750	750	0	0	1	17.911	0	81920	0.0	0	40	True	117.36
gr24_F4I6P0.yaml	750	750	0	0	1	18.436	0	81920	0.0	0	39	True	117.36
gr24_F4I6P0.yaml	750	750	0	0	1	18.959	0	81920	0.0	0	39	True	117.36
gr24_F4I6P0.yaml	750	750	0	0	1	19.477	0	81920	0.0	0	39	True	117.36
gr24_F4I6P0.yaml	750	750	0	0	1	20.002	0	81920	0.0	0	39	True	117.36
gr24_F4I6P0.yaml	750	750	0	0	1	20.519	0	81920	0.0	0	39	True	117.36
gr24_F4I6P0.yaml	750	750	0	0	1	21.035	0	81920	0.0	0	39	True	117.36
gr24_F4I6P0.yaml	750	750	0	0	1	21.559	0	81920	0.0	0	39	True	117.36
gr24_F4I6P0.yaml	750	750	0	0	1	22.075	0	81920	0.0	0	39	True	117.36
gr24_F4I6P0.yaml	750	750	0	0	1	22.608	0	81920	0.0	0	39	True	117.36
gr24_F4I6P0.yaml	750	750	0	0	1	23.126	0	81920	0.0	0	39	True	117.36
gr24_F4I6P0.yaml	750	750	0	0	1	23.643	0	81920	0.0	0	39	True	117.36
gr24_F4I6P0.yaml	750	750	0	0	1	24.166	0	81920	0.0	0	39	True	117.36
gr24_F4I6P0.yaml	750	750	0	0	1	24.683	0	81920	0.0	0	39	True	117.36
gr24_F4I6P0.yaml	750	750	0	0	1	25.213	0	81920	0.0	0	39	True	117.36
gr24_F4I6P0.yaml	750	750	0	0	1	25.731	0	81920	0.0	0	39	True	117.36
gr24_F4I6P0.yaml	750	750	0	0	1	26.26	0	81920	0.0	0	39	True	117.36
gr24_F4I6P0.yaml	750	750	0	0	1	26.781	0	81920	0.0	0	39	True	117.36
gr24_F4I6P0.yaml	750	750	0	0	1	27.302	0	81920	0.0	0	39	True	117.36
gr24_F4I6P0.yaml	750	750	0	0	1	27.838	0	81920	0.0	0	39	True	117.36
gr24_F4I6P0.yaml	750	750	0	0	1	28.359	0	81920	0.0	0	39	True	117.36
gr24_F4I6P0.yaml	750	750	0	0	1	28.878	0	81920	0.0	0	39	True	117.36
gr24_F4I6P0.yaml	750	750	0	0	1	29.4	0	81920	0.0	0	39	True	117.36
gr24_F4I6P0.yaml	750	750	0	0	1	29.925	0	81920	0.0	0	39	True	117.36
gr24_F4I6P0.yaml	750	750	0	0	1	30.455	0	81920	0.0	0	38	True	117.36
gr24_F4I6P0.yaml	750	750	0	0	1	30.974	0	81920	0.0	0	38	True	117.36
gr24_F4I6P0.yaml	750	750	0	0	1	31.492	0	81920	0.0	0	38	True	117.36
gr24_F4I6P0.yaml	750	750	0	0	1	32.013	0	81920	0.0	0	38	True	117.36
gr24_F4I6P0.yaml	750	750	0	0	1	32.543	0	81920	0.0	0	38	True	117.36
gr24_F4I6P0.yaml	750	750	0	0	1	33.079	0	81920	0.0	0	38	True	117.36
gr24_F4I6P0.yaml	750	750	0	0	1	33.659	841	81920	1.03	5	39	True	117.36
gr24_F4I6P0.yaml	750	750	0	0	1	34.177	2609	81920	3.18	23	40	True	117.36
gr24_F4I6P0.yaml	750	750	0	0	1	34.695	2609	81920	3.18	0	40	True	117.36
gr24_F4I6P0.yaml	750	750	0	0	1	35.215	2609	81920	3.18	0	40	True	117.36
gr24_F4I6P0.yaml	750	750	0	0	1	35.737	2609	81920	3.18	0	41	True	117.36
gr24_F4I6P0.yaml	750	750	0	0	1	36.272	2609	81920	3.18	0	41	True	117.36
gr24_F4I6P0.yaml	750	750	0	0	1	36.8	3053	81920	3.73	1	41	True	117.36
gr24_F4I6P0.yaml	750	750	0	0	1	37.329	3227	81920	3.94	3	41	True	117.36
gr24_F4I6P0.yaml	750	750	0	0	1	37.857	5087	81920	6.21	0	41	True	117.36
gr24_F4I6P0.yaml	750	750	0	0	1	38.385	5087	81920	6.21	0	42	True	117.36
gr24_F4I6P0.yaml	750	750	0	0	1	38.913	5087	81920	6.21	0	42	True	117.36
gr24_F4I6P0.yaml	750	750	0	0	1	39.446	5087	81920	6.21	0	42	True	117.36
gr24_F4I6P0.yaml	750	750	0	0	1	39.988	5087	81920	6.21	0	42	True	117.36
gr24_F4I6P0.yaml	750	750	0	0	1	40.515	5087	81920	6.21	0	42	True	117.36
gr24_F4I6P0.yaml	750	750	0	0	1	41.043	8619	81920	10.52	0	46	True	117.36
gr24_F4I6P0.yaml	750	750	0	0	1	41.569	10371	81920	12.66	100	51	True	117.36
gr24_F4I6P0.yaml	750	750	0	0	1	42.101	10371	81920	12.66	100	54	True	117.36
gr24_F4I6P0.yaml	750	750	0	0	1	42.636	10371	81920	12.66	100	56	True	117.36
gr24_F4I6P0.yaml	750	750	0	0	1	43.168	10371	81920	12.66	100	58	True	117.36
gr24_F4I6P0.yaml	750	750	0	0	1	43.696	10371	81920	12.66	100	59	True	117.36
gr24_F4I6P0.yaml	750	750	0	0	1	44.237	10371	81920	12.66	100	61	True	117.36
gr24_F4I6P0.yaml	750	750	0	0	1	44.766	10371	81920	12.66	100	61	True	117.36
gr24_F4I6P0.yaml	750	750	0	0	1	45.3	10371	81920	12.66	100	62	True	117.36
gr24_F4I6P0.yaml	750	750	0	0	1	45.831	10371	81920	12.66	100	64	True	117.36
gr24_F4I6P0.yaml	750	750	0	0	1	46.364	10371	81920	12.66	100	64	True	117.36
gr24_F4I6P0.yaml	750	750	0	0	1	46.893	10371	81920	12.66	100	65	True	117.36
gr24_F4I6P0.yaml	750	750	0	0	1	47.423	10371	81920	12.66	100	66	True	117.36
gr24_F4I6P0.yaml	750	750	0	0	1	47.951	10371	81920	12.66	100	66	True	117.36
gr24_F4I6P0.yaml	750	750	0	0	1	48.495	10371	81920	12.66	100	66	True	117.36
gr24_F4I6P0.yaml	750	750	0	0	1	49.024	10371	81920	12.66	100	67	True	117.36
gr24_F4I6P0.yaml	750	750	0	0	1	49.554	10371	81920	12.66	100	68	True	117.36
gr24_F4I6P0.yaml	750	750	0	0	1	50.086	10371	81920	12.66	100	68	True	117.36
gr24_F4I6P0.yaml	750	750	0	0	1	50.613	10371	81920	12.66	100	69	True	117.36
gr24_F4I6P0.yaml	750	750	0	0	1	51.143	10371	81920	12.66	100	69	True	117.36
gr24_F4I6P0.yaml	750	750	0	0	1	51.675	10371	81920	12.66	100	69	True	117.36
gr24_F4I6P0.yaml	750	750	0	0	1	52.206	10371	81920	12.66	100	69	True	117.36
gr24_F4I6P0.yaml	750	750	0	0	1	52.735	10371	81920	12.66	100	69	True	117.36
gr24_F4I6P0.yaml	750	750	0	0	1	53.269	10371	81920	12.66	100	70	True	117.36
gr24_F4I6P0.yaml	750	750	0	0	1	53.795	10371	81920	12.66	100	70	True	117.36
gr24_F4I6P0.yaml	750	750	0	0	1	54.326	10371	81920	12.66	100	71	True	117.36
gr24_F4I6P0.yaml	750	750	0	0	1	54.862	10371	81920	12.66	100	71	True	117.36
gr24_F4I6P0.yaml	750	750	0	0	1	55.392	10373	81920	12.66	100	71	True	117.36
gr24_F4I6P0.yaml	750	750	0	0	1	55.921	11285	81920	13.78	46	68	True	117.36
gr24_F4I6P0.yaml	750	750	0	0	1	56.448	11285	81920	13.78	98	69	True	117.36
gr24_F4I6P0.yaml	750	750	0	0	1	56.977	11285	81920	13.78	96	71	True	117.36
gr24_F4I6P0.yaml	750	750	0	0	1	57.506	11285	81920	13.78	98	71	True	117.36
gr24_F4I6P0.yaml	750	750	0	0	1	58.038	11285	81920	13.78	98	72	True	117.36
gr24_F4I6P0.yaml	750	750	0	0	1	58.565	11285	81920	13.78	98	72	True	117.36
gr24_F4I6P0.yaml	750	750	0	0	1	59.091	11285	81920	13.78	98	73	True	117.36
gr24_F4I6P0.yaml	750	750	0	0	1	59.62	11285	81920	13.78	98	73	True	117.36
gr24_F4I6P0.yaml	750	750	0	0	1	60.15	11285	81920	13.78	98	73	True	117.36
gr24_F4I6P0.yaml	750	750	0	0	1	60.68	11285	81920	13.78	98	73	True	117.36
gr24_F4I6P0.yaml	750	750	0	0	1	61.208	11285	81920	13.78	98	73	True	117.36
gr24_F4I6P0.yaml	750	750	0	0	1	61.736	11285	81920	13.78	98	74	True	117.36
gr24_F4I6P0.yaml	750	750	0	0	1	62.266	11285	81920	13.78	98	74	True	117.36
gr24_F4I6P0.yaml	750	750	0	0	1	62.796	11285	81920	13.78	98	74	True	117.36
gr24_F4I6P0.yaml	750	750	0	0	1	63.325	11285	81920	13.78	98	74	True	117.36
gr24_F4I6P0.yaml	750	750	0	0	1	63.852	11285	81920	13.78	98	74	True	117.36
gr24_F4I6P0.yaml	750	750	0	0	1	64.383	11285	81920	13.78	98	74	True	117.36
gr24_F4I6P0.yaml	750	750	0	0	1	64.917	11285	81920	13.78	98	74	True	117.36
gr24_F4I6P0.yaml	750	750	0	0	1	65.447	11285	81920	13.78	98	74	True	117.36
gr24_F4I6P0.yaml	750	750	0	0	1	65.976	11285	81920	13.78	98	74	True	117.36
gr24_F4I6P0.yaml	750	750	0	0	1	66.504	11285	81920	13.78	98	74	True	117.36
gr24_F4I6P0.yaml	750	750	0	0	1	67.034	11285	81920	13.78	98	74	True	117.36
gr24_F4I6P0.yaml	750	750	0	0	1	67.561	11285	81920	13.78	98	74	True	117.36
gr24_F4I6P0.yaml	750	750	0	0	1	68.096	11285	81920	13.78	98	74	True	117.36
gr24_F4I6P0.yaml	750	750	0	0	1	68.624	11285	81920	13.78	98	74	True	117.36
gr24_F4I6P0.yaml	750	750	0	0	1	69.152	11285	81920	13.78	98	74	True	117.36
gr24_F4I6P0.yaml	750	750	0	0	1	69.682	11285	81920	13.78	98	74	True	117.36
gr24_F4I6P0.yaml	750	750	0	0	1	70.211	11285	81920	13.78	98	74	True	117.36
gr24_F4I6P0.yaml	750	750	0	0	1	70.741	11285	81920	13.78	98	74	True	117.36
gr24_F4I6P0.yaml	750	750	0	0	1	71.272	11285	81920	13.78	98	74	True	117.36
gr24_F4I6P0.yaml	750	750	0	0	1	71.803	11287	81920	13.78	98	74	True	117.36
gr24_F4I6P0.yaml	750	750	0	0	1	72.339	11289	81920	13.78	31	71	True	117.36
gr24_F4I6P0.yaml	750	750	0	0	1	72.867	11289	81920	13.78	3	65	True	117.36
gr24_F4I6P0.yaml	750	750	0	0	1	73.392	11289	81920	13.78	8	63	True	117.36
gr24_F4I6P0.yaml	750	750	0	0	1	73.933	9473	81920	11.56	3	59	True	117.36
gr24_F4I6P0.yaml	750	750	0	0	1	75.034	557	81920	0.68	40	57	True	117.36
gr24_F4I6P0.yaml	750	750	0	0	1	75.566	557	81920	0.68	0	56	True	117.36
gr24_F4I6P0.yaml	750	750	0	0	1	76.099	557	81920	0.68	0	55	True	117.36
gr24_F4I6P0.yaml	750	750	0	0	1	76.63	557	81920	0.68	0	54	True	117.36
gr24_F4I6P0.yaml	750	750	0	0	1	77.175	557	81920	0.68	0	53	True	117.36
gr24_F4I6P0.yaml	750	750	0	0	1	77.694	557	81920	0.68	0	52	True	117.36
gr24_F4I6P0.yaml	750	750	0	0	1	78.216	557	81920	0.68	0	52	True	117.36
gr24_F4I6P0.yaml	750	750	0	0	1	78.74	557	81920	0.68	0	51	True	117.36
gr24_F4I6P0.yaml	750	750	0	0	1	79.264	557	81920	0.68	0	50	True	117.36
gr24_F4I6P0.yaml	750	750	0	0	1	79.783	557	81920	0.68	0	50	True	117.36
gr24_F4I6P0.yaml	750	750	0	0	1	80.303	557	81920	0.68	0	49	True	117.36
gr24_F4I6P0.yaml	750	750	0	0	1	80.829	557	81920	0.68	0	49	True	117.36
gr24_F4I6P0.yaml	750	750	0	0	1	81.346	557	81920	0.68	0	48	True	117.36
gr24_F4I6P0.yaml	750	750	0	0	1	81.862	557	81920	0.68	0	48	True	117.36
gr24_F4I6P0.yaml	750	750	0	0	1	82.379	557	81920	0.68	0	48	True	117.36
gr24_F4I6P0.yaml	750	750	0	0	1	82.898	557	81920	0.68	0	47	True	117.36
gr24_F4I6P0.yaml	750	750	0	0	1	83.415	557	81920	0.68	0	47	True	117.36
gr24_F4I6P0.yaml	750	750	0	0	1	83.936	557	81920	0.68	0	47	True	117.36
gr24_F4I6P0.yaml	750	750	0	0	1	84.454	557	81920	0.68	0	47	True	117.36
gr24_F4I6P0.yaml	750	750	0	0	1	84.973	557	81920	0.68	0	46	True	117.36
gr24_F4I6P0.yaml	750	750	0	0	1	85.492	557	81920	0.68	0	46	True	117.36
gr24_F4I6P0.yaml	750	750	0	0	1	86.01	557	81920	0.68	0	46	True	117.36
gr24_F4I6P0.yaml	750	750	0	0	1	86.533	557	81920	0.68	0	46	True	117.36
gr24_F4I6P0.yaml	750	750	0	0	1	87.052	557	81920	0.68	0	46	True	117.36
gr24_F4I6P0.yaml	750	750	0	0	1	87.581	557	81920	0.68	0	46	True	117.36
gr24_F4I6P0.yaml	750	750	0	0	1	88.1	557	81920	0.68	0	45	True	117.36
gr24_F4I6P0.yaml	750	750	0	0	1	88.621	557	81920	0.68	0	45	True	117.36
gr24_F4I6P0.yaml	750	750	0	0	1	89.139	557	81920	0.68	0	45	True	117.36
gr24_F4I6P0.yaml	750	750	0	0	1	89.656	557	81920	0.68	0	45	True	117.36
gr24_F4I6P0.yaml	750	750	0	0	1	90.175	557	81920	0.68	0	45	True	117.36
gr24_F4I6P0.yaml	750	750	0	0	1	90.696	557	81920	0.68	0	45	True	117.36
gr24_F4I6P0.yaml	750	750	0	0	1	91.217	557	81920	0.68	0	45	True	117.36
gr24_F4I6P0.yaml	750	750	0	0	1	91.742	557	81920	0.68	0	45	True	117.36
gr24_F4I6P0.yaml	750	750	0	0	1	92.274	557	81920	0.68	0	45	True	117.36
gr24_F4I6P0.yaml	750	750	0	0	1	92.803	557	81920	0.68	0	45	True	117.36
gr24_F4I6P0.yaml	750	750	0	0	1	93.32	557	81920	0.68	0	45	True	117.36
gr24_F4I6P0.yaml	750	750	0	0	1	93.84	557	81920	0.68	0	45	True	117.36
gr24_F4I6P0.yaml	750	750	0	0	1	94.359	557	81920	0.68	0	45	True	117.36
gr24_F4I6P0.yaml	750	750	0	0	1	94.876	557	81920	0.68	0	45	True	117.36
gr24_F4I6P0.yaml	750	750	0	0	1	95.439	1899	81920	2.32	8	45	True	117.36
gr24_F4I6P0.yaml	750	750	0	0	1	95.96	2697	81920	3.29	0	45	True	117.36
gr24_F4I6P0.yaml	750	750	0	0	1	96.489	2697	81920	3.29	0	45	True	117.36
gr24_F4I6P0.yaml	750	750	0	0	1	97.016	5145	81920	6.28	65	51	True	117.36
gr24_F4I6P0.yaml	750	750	0	0	1	97.548	5145	81920	6.28	100	54	True	117.36
gr24_F4I6P0.yaml	750	750	0	0	1	98.078	5145	81920	6.28	100	57	True	117.36
gr24_F4I6P0.yaml	750	750	0	0	1	98.605	5145	81920	6.28	100	60	True	117.36
gr24_F4I6P0.yaml	750	750	0	0	1	99.136	5145	81920	6.28	100	61	True	117.36
gr24_F4I6P0.yaml	750	750	0	0	1	99.67	5145	81920	6.28	100	62	True	117.36
gr24_F4I6P0.yaml	750	750	0	0	1	100.2	5145	81920	6.28	97	65	True	117.36
gr24_F4I6P0.yaml	750	750	0	0	1	100.729	5145	81920	6.28	98	67	True	117.36
gr24_F4I6P0.yaml	750	750	0	0	1	101.255	5145	81920	6.28	98	68	True	117.36
gr24_F4I6P0.yaml	750	750	0	0	1	101.786	5145	81920	6.28	98	69	True	117.36
gr24_F4I6P0.yaml	750	750	0	0	1	102.314	5145	81920	6.28	98	70	True	117.36
gr24_F4I6P0.yaml	750	750	0	0	1	102.844	5145	81920	6.28	98	71	True	117.36
gr24_F4I6P0.yaml	750	750	0	0	1	103.372	5145	81920	6.28	98	71	True	117.36
gr24_F4I6P0.yaml	750	750	0	0	1	103.902	5145	81920	6.28	98	72	True	117.36
gr24_F4I6P0.yaml	750	750	0	0	1	104.431	5145	81920	6.28	97	73	True	117.36
gr24_F4I6P0.yaml	750	750	0	0	1	104.956	5145	81920	6.28	98	73	True	117.36
gr24_F4I6P0.yaml	750	750	0	0	1	105.486	5145	81920	6.28	98	73	True	117.36
gr24_F4I6P0.yaml	750	750	0	0	1	106.023	5145	81920	6.28	98	74	True	117.36
gr24_F4I6P0.yaml	750	750	0	0	1	106.55	5145	81920	6.28	98	74	True	117.36
gr24_F4I6P0.yaml	750	750	0	0	1	107.076	5145	81920	6.28	97	74	True	117.36
gr24_F4I6P0.yaml	750	750	0	0	1	107.604	5145	81920	6.28	98	75	True	117.36
gr24_F4I6P0.yaml	750	750	0	0	1	108.135	5145	81920	6.28	98	75	True	117.36
gr24_F4I6P0.yaml	750	750	0	0	1	108.667	5145	81920	6.28	98	75	True	117.36
gr24_F4I6P0.yaml	750	750	0	0	1	109.197	5145	81920	6.28	98	75	True	117.36
gr24_F4I6P0.yaml	750	750	0	0	1	109.725	5145	81920	6.28	98	75	True	117.36
gr24_F4I6P0.yaml	750	750	0	0	1	110.257	5145	81920	6.28	98	75	True	117.36
gr24_F4I6P0.yaml	750	750	0	0	1	110.786	5145	81920	6.28	98	76	True	117.36
gr24_F4I6P0.yaml	750	750	0	0	1	111.316	5145	81920	6.28	98	76	True	117.36
gr24_F4I6P0.yaml	750	750	0	0	1	111.85	5145	81920	6.28	98	76	True	117.36
gr24_F4I6P0.yaml	750	750	0	0	1	112.377	5145	81920	6.28	98	76	True	117.36
gr24_F4I6P0.yaml	750	750	0	0	1	112.909	5153	81920	6.29	98	75	True	117.36
gr24_F4I6P0.yaml	750	750	0	0	1	113.437	5159	81920	6.3	96	70	True	117.36
gr24_F4I6P0.yaml	750	750	0	0	1	113.969	5159	81920	6.3	8	66	True	117.36
gr24_F4I6P0.yaml	750	750	0	0	1	114.496	555	81920	0.68	15	63	True	117.36
gr24_F4I6P0.yaml	750	750	0	0	1	115.027	555	81920	0.68	0	61	True	117.36
gr24_F4I6P0.yaml	750	750	0	0	1	115.559	519	81920	0.63	0	59	True	117.36
gr24_F4I6P0.yaml	750	750	0	0	1	116.087	519	81920	0.63	0	58	True	117.36
gr24_F4I6P0.yaml	750	750	0	0	1	116.615	519	81920	0.63	0	56	True	117.36
gr24_F4I6P0.yaml	750	750	0	0	1	117.148	0	81920	0.0	8	55	True	117.36
gr24_Q9SVN2.yaml	800	800	0	0	1	0.0	0	81920	0.0	0	55	True	139.82
gr24_Q9SVN2.yaml	800	800	0	0	1	0.527	0	81920	0.0	0	54	True	139.82
gr24_Q9SVN2.yaml	800	800	0	0	1	1.054	0	81920	0.0	0	52	True	139.82
gr24_Q9SVN2.yaml	800	800	0	0	1	1.583	0	81920	0.0	0	51	True	139.82
gr24_Q9SVN2.yaml	800	800	0	0	1	2.115	0	81920	0.0	0	49	True	139.82
gr24_Q9SVN2.yaml	800	800	0	0	1	2.642	0	81920	0.0	0	48	True	139.82
gr24_Q9SVN2.yaml	800	800	0	0	1	3.175	0	81920	0.0	0	47	True	139.82
gr24_Q9SVN2.yaml	800	800	0	0	1	3.701	0	81920	0.0	0	47	True	139.82
gr24_Q9SVN2.yaml	800	800	0	0	1	4.223	0	81920	0.0	0	46	True	139.82
gr24_Q9SVN2.yaml	800	800	0	0	1	4.744	0	81920	0.0	0	45	True	139.82
gr24_Q9SVN2.yaml	800	800	0	0	1	5.272	0	81920	0.0	0	45	True	139.82
gr24_Q9SVN2.yaml	800	800	0	0	1	5.8	0	81920	0.0	0	44	True	139.82
gr24_Q9SVN2.yaml	800	800	0	0	1	6.321	0	81920	0.0	0	44	True	139.82
gr24_Q9SVN2.yaml	800	800	0	0	1	6.842	0	81920	0.0	0	43	True	139.82
gr24_Q9SVN2.yaml	800	800	0	0	1	7.366	0	81920	0.0	0	43	True	139.82
gr24_Q9SVN2.yaml	800	800	0	0	1	7.896	0	81920	0.0	0	43	True	139.82
gr24_Q9SVN2.yaml	800	800	0	0	1	8.423	0	81920	0.0	0	42	True	139.82
gr24_Q9SVN2.yaml	800	800	0	0	1	8.962	0	81920	0.0	0	42	True	139.82
gr24_Q9SVN2.yaml	800	800	0	0	1	9.491	0	81920	0.0	0	42	True	139.82
gr24_Q9SVN2.yaml	800	800	0	0	1	10.02	0	81920	0.0	0	41	True	139.82
gr24_Q9SVN2.yaml	800	800	0	0	1	10.551	0	81920	0.0	0	41	True	139.82
gr24_Q9SVN2.yaml	800	800	0	0	1	11.082	0	81920	0.0	0	41	True	139.82
gr24_Q9SVN2.yaml	800	800	0	0	1	11.607	0	81920	0.0	0	41	True	139.82
gr24_Q9SVN2.yaml	800	800	0	0	1	12.138	0	81920	0.0	0	41	True	139.82
gr24_Q9SVN2.yaml	800	800	0	0	1	12.666	0	81920	0.0	0	40	True	139.82
gr24_Q9SVN2.yaml	800	800	0	0	1	13.191	0	81920	0.0	0	40	True	139.82
gr24_Q9SVN2.yaml	800	800	0	0	1	13.71	0	81920	0.0	0	40	True	139.82
gr24_Q9SVN2.yaml	800	800	0	0	1	14.229	0	81920	0.0	0	40	True	139.82
gr24_Q9SVN2.yaml	800	800	0	0	1	14.748	0	81920	0.0	0	40	True	139.82
gr24_Q9SVN2.yaml	800	800	0	0	1	15.272	0	81920	0.0	0	40	True	139.82
gr24_Q9SVN2.yaml	800	800	0	0	1	15.792	0	81920	0.0	0	40	True	139.82
gr24_Q9SVN2.yaml	800	800	0	0	1	16.311	0	81920	0.0	0	40	True	139.82
gr24_Q9SVN2.yaml	800	800	0	0	1	16.84	0	81920	0.0	0	40	True	139.82
gr24_Q9SVN2.yaml	800	800	0	0	1	17.361	0	81920	0.0	0	40	True	139.82
gr24_Q9SVN2.yaml	800	800	0	0	1	17.886	0	81920	0.0	0	39	True	139.82
gr24_Q9SVN2.yaml	800	800	0	0	1	18.408	0	81920	0.0	0	39	True	139.82
gr24_Q9SVN2.yaml	800	800	0	0	1	18.929	0	81920	0.0	0	39	True	139.82
gr24_Q9SVN2.yaml	800	800	0	0	1	19.447	0	81920	0.0	0	39	True	139.82
gr24_Q9SVN2.yaml	800	800	0	0	1	19.965	0	81920	0.0	0	39	True	139.82
gr24_Q9SVN2.yaml	800	800	0	0	1	20.49	0	81920	0.0	0	39	True	139.82
gr24_Q9SVN2.yaml	800	800	0	0	1	21.015	0	81920	0.0	0	39	True	139.82
gr24_Q9SVN2.yaml	800	800	0	0	1	21.538	0	81920	0.0	0	39	True	139.82
gr24_Q9SVN2.yaml	800	800	0	0	1	22.056	0	81920	0.0	0	39	True	139.82
gr24_Q9SVN2.yaml	800	800	0	0	1	22.577	0	81920	0.0	0	39	True	139.82
gr24_Q9SVN2.yaml	800	800	0	0	1	23.094	0	81920	0.0	0	39	True	139.82
gr24_Q9SVN2.yaml	800	800	0	0	1	23.611	0	81920	0.0	0	39	True	139.82
gr24_Q9SVN2.yaml	800	800	0	0	1	24.128	0	81920	0.0	0	39	True	139.82
gr24_Q9SVN2.yaml	800	800	0	0	1	24.661	0	81920	0.0	0	39	True	139.82
gr24_Q9SVN2.yaml	800	800	0	0	1	25.179	0	81920	0.0	0	39	True	139.82
gr24_Q9SVN2.yaml	800	800	0	0	1	25.696	0	81920	0.0	0	39	True	139.82
gr24_Q9SVN2.yaml	800	800	0	0	1	26.215	0	81920	0.0	0	39	True	139.82
gr24_Q9SVN2.yaml	800	800	0	0	1	26.736	0	81920	0.0	0	39	True	139.82
gr24_Q9SVN2.yaml	800	800	0	0	1	27.254	0	81920	0.0	0	39	True	139.82
gr24_Q9SVN2.yaml	800	800	0	0	1	27.774	0	81920	0.0	0	39	True	139.82
gr24_Q9SVN2.yaml	800	800	0	0	1	28.293	0	81920	0.0	0	39	True	139.82
gr24_Q9SVN2.yaml	800	800	0	0	1	28.828	0	81920	0.0	0	39	True	139.82
gr24_Q9SVN2.yaml	800	800	0	0	1	29.348	0	81920	0.0	0	39	True	139.82
gr24_Q9SVN2.yaml	800	800	0	0	1	29.869	0	81920	0.0	0	38	True	139.82
gr24_Q9SVN2.yaml	800	800	0	0	1	30.388	0	81920	0.0	0	38	True	139.82
gr24_Q9SVN2.yaml	800	800	0	0	1	30.907	0	81920	0.0	0	38	True	139.82
gr24_Q9SVN2.yaml	800	800	0	0	1	31.425	1547	81920	1.89	7	39	True	139.82
gr24_Q9SVN2.yaml	800	800	0	0	1	31.943	2609	81920	3.18	2	40	True	139.82
gr24_Q9SVN2.yaml	800	800	0	0	1	32.47	2609	81920	3.18	0	40	True	139.82
gr24_Q9SVN2.yaml	800	800	0	0	1	32.998	2609	81920	3.18	0	41	True	139.82
gr24_Q9SVN2.yaml	800	800	0	0	1	33.523	2609	81920	3.18	0	41	True	139.82
gr24_Q9SVN2.yaml	800	800	0	0	1	34.05	2609	81920	3.18	0	41	True	139.82
gr24_Q9SVN2.yaml	800	800	0	0	1	34.577	2609	81920	3.18	0	41	True	139.82
gr24_Q9SVN2.yaml	800	800	0	0	1	35.107	2609	81920	3.18	0	41	True	139.82
gr24_Q9SVN2.yaml	800	800	0	0	1	35.634	2609	81920	3.18	0	41	True	139.82
gr24_Q9SVN2.yaml	800	800	0	0	1	36.164	3191	81920	3.9	12	42	True	139.82
gr24_Q9SVN2.yaml	800	800	0	0	1	36.692	3373	81920	4.12	3	42	True	139.82
gr24_Q9SVN2.yaml	800	800	0	0	1	37.223	5437	81920	6.64	10	42	True	139.82
gr24_Q9SVN2.yaml	800	800	0	0	1	37.753	5437	81920	6.64	0	42	True	139.82
gr24_Q9SVN2.yaml	800	800	0	0	1	38.282	5437	81920	6.64	0	42	True	139.82
gr24_Q9SVN2.yaml	800	800	0	0	1	38.809	5437	81920	6.64	0	42	True	139.82
gr24_Q9SVN2.yaml	800	800	0	0	1	39.337	5437	81920	6.64	0	42	True	139.82
gr24_Q9SVN2.yaml	800	800	0	0	1	39.866	5437	81920	6.64	0	42	True	139.82
gr24_Q9SVN2.yaml	800	800	0	0	1	40.397	17007	81920	20.76	4	44	True	139.82
gr24_Q9SVN2.yaml	800	800	0	0	1	40.928	18651	81920	22.77	100	50	True	139.82
gr24_Q9SVN2.yaml	800	800	0	0	1	41.459	18651	81920	22.77	100	55	True	139.82
gr24_Q9SVN2.yaml	800	800	0	0	1	42.079	18651	81920	22.77	100	56	True	139.82
gr24_Q9SVN2.yaml	800	800	0	0	1	42.61	18651	81920	22.77	100	58	True	139.82
gr24_Q9SVN2.yaml	800	800	0	0	1	43.139	18651	81920	22.77	100	59	True	139.82
gr24_Q9SVN2.yaml	800	800	0	0	1	43.667	18651	81920	22.77	100	61	True	139.82
gr24_Q9SVN2.yaml	800	800	0	0	1	44.197	18651	81920	22.77	100	62	True	139.82
gr24_Q9SVN2.yaml	800	800	0	0	1	44.724	18651	81920	22.77	100	63	True	139.82
gr24_Q9SVN2.yaml	800	800	0	0	1	45.257	18651	81920	22.77	100	64	True	139.82
gr24_Q9SVN2.yaml	800	800	0	0	1	45.785	18651	81920	22.77	100	64	True	139.82
gr24_Q9SVN2.yaml	800	800	0	0	1	46.315	18651	81920	22.77	100	64	True	139.82
gr24_Q9SVN2.yaml	800	800	0	0	1	46.85	18651	81920	22.77	100	65	True	139.82
gr24_Q9SVN2.yaml	800	800	0	0	1	47.378	18651	81920	22.77	100	66	True	139.82
gr24_Q9SVN2.yaml	800	800	0	0	1	47.908	18651	81920	22.77	100	67	True	139.82
gr24_Q9SVN2.yaml	800	800	0	0	1	48.437	18651	81920	22.77	100	67	True	139.82
gr24_Q9SVN2.yaml	800	800	0	0	1	48.971	18651	81920	22.77	100	68	True	139.82
gr24_Q9SVN2.yaml	800	800	0	0	1	49.498	18651	81920	22.77	100	68	True	139.82
gr24_Q9SVN2.yaml	800	800	0	0	1	50.026	18651	81920	22.77	100	69	True	139.82
gr24_Q9SVN2.yaml	800	800	0	0	1	50.554	18651	81920	22.77	100	68	True	139.82
gr24_Q9SVN2.yaml	800	800	0	0	1	51.094	18651	81920	22.77	100	68	True	139.82
gr24_Q9SVN2.yaml	800	800	0	0	1	51.623	18651	81920	22.77	100	69	True	139.82
gr24_Q9SVN2.yaml	800	800	0	0	1	52.149	18651	81920	22.77	100	69	True	139.82
gr24_Q9SVN2.yaml	800	800	0	0	1	52.676	18651	81920	22.77	100	70	True	139.82
gr24_Q9SVN2.yaml	800	800	0	0	1	53.206	18651	81920	22.77	100	70	True	139.82
gr24_Q9SVN2.yaml	800	800	0	0	1	53.74	18651	81920	22.77	100	70	True	139.82
gr24_Q9SVN2.yaml	800	800	0	0	1	54.284	18651	81920	22.77	100	70	True	139.82
gr24_Q9SVN2.yaml	800	800	0	0	1	54.811	18651	81920	22.77	100	71	True	139.82
gr24_Q9SVN2.yaml	800	800	0	0	1	55.339	18651	81920	22.77	100	71	True	139.82
gr24_Q9SVN2.yaml	800	800	0	0	1	55.867	18651	81920	22.77	100	70	True	139.82
gr24_Q9SVN2.yaml	800	800	0	0	1	56.396	18651	81920	22.77	100	70	True	139.82
gr24_Q9SVN2.yaml	800	800	0	0	1	56.925	18651	81920	22.77	100	70	True	139.82
gr24_Q9SVN2.yaml	800	800	0	0	1	57.461	18651	81920	22.77	100	71	True	139.82
gr24_Q9SVN2.yaml	800	800	0	0	1	57.988	18651	81920	22.77	100	71	True	139.82
gr24_Q9SVN2.yaml	800	800	0	0	1	58.516	18651	81920	22.77	100	72	True	139.82
gr24_Q9SVN2.yaml	800	800	0	0	1	59.045	18651	81920	22.77	100	72	True	139.82
gr24_Q9SVN2.yaml	800	800	0	0	1	59.575	18651	81920	22.77	100	71	True	139.82
gr24_Q9SVN2.yaml	800	800	0	0	1	60.105	18651	81920	22.77	100	72	True	139.82
gr24_Q9SVN2.yaml	800	800	0	0	1	60.636	18653	81920	22.77	100	69	True	139.82
gr24_Q9SVN2.yaml	800	800	0	0	1	61.165	18689	81920	22.81	53	69	True	139.82
gr24_Q9SVN2.yaml	800	800	0	0	1	61.695	18689	81920	22.81	96	71	True	139.82
gr24_Q9SVN2.yaml	800	800	0	0	1	62.224	18689	81920	22.81	98	72	True	139.82
gr24_Q9SVN2.yaml	800	800	0	0	1	62.753	18689	81920	22.81	98	72	True	139.82
gr24_Q9SVN2.yaml	800	800	0	0	1	63.284	18689	81920	22.81	98	73	True	139.82
gr24_Q9SVN2.yaml	800	800	0	0	1	63.852	18689	81920	22.81	98	73	True	139.82
gr24_Q9SVN2.yaml	800	800	0	0	1	64.383	18689	81920	22.81	98	73	True	139.82
gr24_Q9SVN2.yaml	800	800	0	0	1	64.913	18689	81920	22.81	98	73	True	139.82
gr24_Q9SVN2.yaml	800	800	0	0	1	65.44	18689	81920	22.81	98	73	True	139.82
gr24_Q9SVN2.yaml	800	800	0	0	1	65.97	18689	81920	22.81	98	74	True	139.82
gr24_Q9SVN2.yaml	800	800	0	0	1	66.499	18689	81920	22.81	98	74	True	139.82
gr24_Q9SVN2.yaml	800	800	0	0	1	67.027	18689	81920	22.81	98	74	True	139.82
gr24_Q9SVN2.yaml	800	800	0	0	1	67.562	18689	81920	22.81	97	74	True	139.82
gr24_Q9SVN2.yaml	800	800	0	0	1	68.091	18689	81920	22.81	98	74	True	139.82
gr24_Q9SVN2.yaml	800	800	0	0	1	68.62	18689	81920	22.81	98	74	True	139.82
gr24_Q9SVN2.yaml	800	800	0	0	1	69.147	18689	81920	22.81	98	74	True	139.82
gr24_Q9SVN2.yaml	800	800	0	0	1	69.676	18689	81920	22.81	98	74	True	139.82
gr24_Q9SVN2.yaml	800	800	0	0	1	70.204	18689	81920	22.81	98	74	True	139.82
gr24_Q9SVN2.yaml	800	800	0	0	1	70.735	18689	81920	22.81	98	74	True	139.82
gr24_Q9SVN2.yaml	800	800	0	0	1	71.263	18689	81920	22.81	98	74	True	139.82
gr24_Q9SVN2.yaml	800	800	0	0	1	71.795	18689	81920	22.81	98	74	True	139.82
gr24_Q9SVN2.yaml	800	800	0	0	1	72.324	18689	81920	22.81	98	74	True	139.82
gr24_Q9SVN2.yaml	800	800	0	0	1	72.864	18689	81920	22.81	98	74	True	139.82
gr24_Q9SVN2.yaml	800	800	0	0	1	73.395	18689	81920	22.81	98	74	True	139.82
gr24_Q9SVN2.yaml	800	800	0	0	1	73.923	18689	81920	22.81	98	74	True	139.82
gr24_Q9SVN2.yaml	800	800	0	0	1	74.451	18689	81920	22.81	98	75	True	139.82
gr24_Q9SVN2.yaml	800	800	0	0	1	74.982	18689	81920	22.81	98	74	True	139.82
gr24_Q9SVN2.yaml	800	800	0	0	1	75.512	18689	81920	22.81	98	74	True	139.82
gr24_Q9SVN2.yaml	800	800	0	0	1	76.04	18689	81920	22.81	98	75	True	139.82
gr24_Q9SVN2.yaml	800	800	0	0	1	76.573	18689	81920	22.81	98	74	True	139.82
gr24_Q9SVN2.yaml	800	800	0	0	1	77.1	18689	81920	22.81	98	74	True	139.82
gr24_Q9SVN2.yaml	800	800	0	0	1	77.629	18693	81920	22.82	98	74	True	139.82
gr24_Q9SVN2.yaml	800	800	0	0	1	78.16	18693	81920	22.82	17	68	True	139.82
gr24_Q9SVN2.yaml	800	800	0	0	1	78.687	18693	81920	22.82	1	65	True	139.82
gr24_Q9SVN2.yaml	800	800	0	0	1	79.22	18693	81920	22.82	8	62	True	139.82
gr24_Q9SVN2.yaml	800	800	0	0	1	79.75	18693	81920	22.82	7	60	True	139.82
gr24_Q9SVN2.yaml	800	800	0	0	1	80.28	557	81920	0.68	100	59	True	139.82
gr24_Q9SVN2.yaml	800	800	0	0	1	80.811	557	81920	0.68	23	57	True	139.82
gr24_Q9SVN2.yaml	800	800	0	0	1	81.341	557	81920	0.68	0	56	True	139.82
gr24_Q9SVN2.yaml	800	800	0	0	1	81.868	557	81920	0.68	0	55	True	139.82
gr24_Q9SVN2.yaml	800	800	0	0	1	82.396	557	81920	0.68	0	54	True	139.82
gr24_Q9SVN2.yaml	800	800	0	0	1	82.915	557	81920	0.68	0	53	True	139.82
gr24_Q9SVN2.yaml	800	800	0	0	1	83.437	557	81920	0.68	0	52	True	139.82
gr24_Q9SVN2.yaml	800	800	0	0	1	83.953	557	81920	0.68	0	52	True	139.82
gr24_Q9SVN2.yaml	800	800	0	0	1	84.468	557	81920	0.68	0	51	True	139.82
gr24_Q9SVN2.yaml	800	800	0	0	1	84.999	557	81920	0.68	0	51	True	139.82
gr24_Q9SVN2.yaml	800	800	0	0	1	85.531	557	81920	0.68	0	50	True	139.82
gr24_Q9SVN2.yaml	800	800	0	0	1	86.053	557	81920	0.68	0	50	True	139.82
gr24_Q9SVN2.yaml	800	800	0	0	1	86.574	557	81920	0.68	0	49	True	139.82
gr24_Q9SVN2.yaml	800	800	0	0	1	87.088	557	81920	0.68	0	49	True	139.82
gr24_Q9SVN2.yaml	800	800	0	0	1	87.672	557	81920	0.68	0	48	True	139.82
gr24_Q9SVN2.yaml	800	800	0	0	1	88.188	557	81920	0.68	0	48	True	139.82
gr24_Q9SVN2.yaml	800	800	0	0	1	88.703	557	81920	0.68	0	48	True	139.82
gr24_Q9SVN2.yaml	800	800	0	0	1	89.23	557	81920	0.68	0	47	True	139.82
gr24_Q9SVN2.yaml	800	800	0	0	1	89.765	557	81920	0.68	0	47	True	139.82
gr24_Q9SVN2.yaml	800	800	0	0	1	90.281	557	81920	0.68	0	47	True	139.82
gr24_Q9SVN2.yaml	800	800	0	0	1	90.798	557	81920	0.68	0	47	True	139.82
gr24_Q9SVN2.yaml	800	800	0	0	1	91.318	557	81920	0.68	0	47	True	139.82
gr24_Q9SVN2.yaml	800	800	0	0	1	91.834	557	81920	0.68	0	46	True	139.82
gr24_Q9SVN2.yaml	800	800	0	0	1	92.35	557	81920	0.68	0	46	True	139.82
gr24_Q9SVN2.yaml	800	800	0	0	1	92.879	557	81920	0.68	0	46	True	139.82
gr24_Q9SVN2.yaml	800	800	0	0	1	93.409	557	81920	0.68	0	46	True	139.82
gr24_Q9SVN2.yaml	800	800	0	0	1	93.938	557	81920	0.68	0	46	True	139.82
gr24_Q9SVN2.yaml	800	800	0	0	1	94.463	557	81920	0.68	0	46	True	139.82
gr24_Q9SVN2.yaml	800	800	0	0	1	94.997	557	81920	0.68	0	46	True	139.82
gr24_Q9SVN2.yaml	800	800	0	0	1	95.514	557	81920	0.68	0	46	True	139.82
gr24_Q9SVN2.yaml	800	800	0	0	1	96.031	557	81920	0.68	0	46	True	139.82
gr24_Q9SVN2.yaml	800	800	0	0	1	96.56	557	81920	0.68	0	45	True	139.82
gr24_Q9SVN2.yaml	800	800	0	0	1	97.075	557	81920	0.68	0	45	True	139.82
gr24_Q9SVN2.yaml	800	800	0	0	1	97.591	557	81920	0.68	0	45	True	139.82
gr24_Q9SVN2.yaml	800	800	0	0	1	98.117	557	81920	0.68	0	45	True	139.82
gr24_Q9SVN2.yaml	800	800	0	0	1	98.666	557	81920	0.68	0	45	True	139.82
gr24_Q9SVN2.yaml	800	800	0	0	1	99.194	557	81920	0.68	0	45	True	139.82
gr24_Q9SVN2.yaml	800	800	0	0	1	99.721	557	81920	0.68	0	45	True	139.82
gr24_Q9SVN2.yaml	800	800	0	0	1	100.238	557	81920	0.68	0	45	True	139.82
gr24_Q9SVN2.yaml	800	800	0	0	1	100.754	557	81920	0.68	0	45	True	139.82
gr24_Q9SVN2.yaml	800	800	0	0	1	101.274	557	81920	0.68	0	45	True	139.82
gr24_Q9SVN2.yaml	800	800	0	0	1	101.806	557	81920	0.68	0	45	True	139.82
gr24_Q9SVN2.yaml	800	800	0	0	1	102.324	557	81920	0.68	0	45	True	139.82
gr24_Q9SVN2.yaml	800	800	0	0	1	102.839	557	81920	0.68	0	45	True	139.82
gr24_Q9SVN2.yaml	800	800	0	0	1	103.365	557	81920	0.68	0	45	True	139.82
gr24_Q9SVN2.yaml	800	800	0	0	1	103.882	557	81920	0.68	0	45	True	139.82
gr24_Q9SVN2.yaml	800	800	0	0	1	104.404	557	81920	0.68	0	45	True	139.82
gr24_Q9SVN2.yaml	800	800	0	0	1	104.919	557	81920	0.68	0	45	True	139.82
gr24_Q9SVN2.yaml	800	800	0	0	1	105.436	557	81920	0.68	0	45	True	139.82
gr24_Q9SVN2.yaml	800	800	0	0	1	105.964	557	81920	0.68	0	45	True	139.82
gr24_Q9SVN2.yaml	800	800	0	0	1	106.49	557	81920	0.68	0	45	True	139.82
gr24_Q9SVN2.yaml	800	800	0	0	1	107.022	557	81920	0.68	0	45	True	139.82
gr24_Q9SVN2.yaml	800	800	0	0	1	107.556	557	81920	0.68	0	45	True	139.82
gr24_Q9SVN2.yaml	800	800	0	0	1	108.101	557	81920	0.68	0	45	True	139.82
gr24_Q9SVN2.yaml	800	800	0	0	1	108.639	557	81920	0.68	0	45	True	139.82
gr24_Q9SVN2.yaml	800	800	0	0	1	109.382	557	81920	0.68	0	45	True	139.82
gr24_Q9SVN2.yaml	800	800	0	0	1	109.909	557	81920	0.68	0	45	True	139.82
gr24_Q9SVN2.yaml	800	800	0	0	1	110.435	557	81920	0.68	0	45	True	139.82
gr24_Q9SVN2.yaml	800	800	0	0	1	111.012	557	81920	0.68	0	45	True	139.82
gr24_Q9SVN2.yaml	800	800	0	0	1	111.553	557	81920	0.68	0	45	True	139.82
gr24_Q9SVN2.yaml	800	800	0	0	1	112.101	557	81920	0.68	0	45	True	139.82
gr24_Q9SVN2.yaml	800	800	0	0	1	112.647	557	81920	0.68	0	45	True	139.82
gr24_Q9SVN2.yaml	800	800	0	0	1	113.178	557	81920	0.68	0	45	True	139.82
gr24_Q9SVN2.yaml	800	800	0	0	1	113.71	557	81920	0.68	0	45	True	139.82
gr24_Q9SVN2.yaml	800	800	0	0	1	114.244	557	81920	0.68	0	45	True	139.82
gr24_Q9SVN2.yaml	800	800	0	0	1	114.768	557	81920	0.68	0	45	True	139.82
gr24_Q9SVN2.yaml	800	800	0	0	1	115.305	557	81920	0.68	0	45	True	139.82
gr24_Q9SVN2.yaml	800	800	0	0	1	115.828	1819	81920	2.22	6	45	True	139.82
gr24_Q9SVN2.yaml	800	800	0	0	1	116.348	2697	81920	3.29	0	45	True	139.82
gr24_Q9SVN2.yaml	800	800	0	0	1	116.867	2697	81920	3.29	0	45	True	139.82
gr24_Q9SVN2.yaml	800	800	0	0	1	117.383	2697	81920	3.29	0	45	True	139.82
gr24_Q9SVN2.yaml	800	800	0	0	1	117.902	9969	81920	12.17	90	49	True	139.82
gr24_Q9SVN2.yaml	800	800	0	0	1	118.423	9969	81920	12.17	100	55	True	139.82
gr24_Q9SVN2.yaml	800	800	0	0	1	118.95	9969	81920	12.17	100	56	True	139.82
gr24_Q9SVN2.yaml	800	800	0	0	1	119.48	9969	81920	12.17	100	59	True	139.82
gr24_Q9SVN2.yaml	800	800	0	0	1	120.046	9969	81920	12.17	100	61	True	139.82
gr24_Q9SVN2.yaml	800	800	0	0	1	120.571	9969	81920	12.17	100	62	True	139.82
gr24_Q9SVN2.yaml	800	800	0	0	1	121.1	9969	81920	12.17	100	63	True	139.82
gr24_Q9SVN2.yaml	800	800	0	0	1	121.666	9969	81920	12.17	99	65	True	139.82
gr24_Q9SVN2.yaml	800	800	0	0	1	122.195	9969	81920	12.17	98	67	True	139.82
gr24_Q9SVN2.yaml	800	800	0	0	1	122.724	9969	81920	12.17	98	69	True	139.82
gr24_Q9SVN2.yaml	800	800	0	0	1	123.252	9969	81920	12.17	98	70	True	139.82
gr24_Q9SVN2.yaml	800	800	0	0	1	123.779	9969	81920	12.17	98	70	True	139.82
gr24_Q9SVN2.yaml	800	800	0	0	1	124.307	9969	81920	12.17	98	71	True	139.82
gr24_Q9SVN2.yaml	800	800	0	0	1	124.896	9969	81920	12.17	98	72	True	139.82
gr24_Q9SVN2.yaml	800	800	0	0	1	125.424	9969	81920	12.17	98	73	True	139.82
gr24_Q9SVN2.yaml	800	800	0	0	1	125.951	9969	81920	12.17	98	73	True	139.82
gr24_Q9SVN2.yaml	800	800	0	0	1	126.479	9969	81920	12.17	98	73	True	139.82
gr24_Q9SVN2.yaml	800	800	0	0	1	127.007	9969	81920	12.17	98	74	True	139.82
gr24_Q9SVN2.yaml	800	800	0	0	1	127.538	9969	81920	12.17	98	74	True	139.82
gr24_Q9SVN2.yaml	800	800	0	0	1	128.068	9969	81920	12.17	98	74	True	139.82
gr24_Q9SVN2.yaml	800	800	0	0	1	128.598	9969	81920	12.17	98	74	True	139.82
gr24_Q9SVN2.yaml	800	800	0	0	1	129.128	9969	81920	12.17	98	75	True	139.82
gr24_Q9SVN2.yaml	800	800	0	0	1	129.658	9969	81920	12.17	98	75	True	139.82
gr24_Q9SVN2.yaml	800	800	0	0	1	130.187	9969	81920	12.17	98	75	True	139.82
gr24_Q9SVN2.yaml	800	800	0	0	1	130.715	9969	81920	12.17	98	75	True	139.82
gr24_Q9SVN2.yaml	800	800	0	0	1	131.242	9969	81920	12.17	98	75	True	139.82
gr24_Q9SVN2.yaml	800	800	0	0	1	131.77	9969	81920	12.17	98	76	True	139.82
gr24_Q9SVN2.yaml	800	800	0	0	1	132.301	9969	81920	12.17	98	76	True	139.82
gr24_Q9SVN2.yaml	800	800	0	0	1	132.829	9969	81920	12.17	98	75	True	139.82
gr24_Q9SVN2.yaml	800	800	0	0	1	133.378	9969	81920	12.17	98	76	True	139.82
gr24_Q9SVN2.yaml	800	800	0	0	1	133.914	9969	81920	12.17	98	76	True	139.82
gr24_Q9SVN2.yaml	800	800	0	0	1	134.442	9969	81920	12.17	98	76	True	139.82
gr24_Q9SVN2.yaml	800	800	0	0	1	134.97	9969	81920	12.17	98	76	True	139.82
gr24_Q9SVN2.yaml	800	800	0	0	1	135.498	9983	81920	12.19	96	75	True	139.82
gr24_Q9SVN2.yaml	800	800	0	0	1	136.033	9983	81920	12.19	8	67	True	139.82
gr24_Q9SVN2.yaml	800	800	0	0	1	136.591	9983	81920	12.19	9	64	True	139.82
gr24_Q9SVN2.yaml	800	800	0	0	1	137.122	555	81920	0.68	40	62	True	139.82
gr24_Q9SVN2.yaml	800	800	0	0	1	137.652	555	81920	0.68	0	60	True	139.82
gr24_Q9SVN2.yaml	800	800	0	0	1	138.183	519	81920	0.63	0	58	True	139.82
gr24_Q9SVN2.yaml	800	800	0	0	1	138.71	519	81920	0.63	0	57	True	139.82
gr24_Q9SVN2.yaml	800	800	0	0	1	139.24	519	81920	0.63	0	56	True	139.82
gr24_Q9SVN2.yaml	800	800	0	0	1	139.773	0	81920	0.0	0	55	True	139.82
gr24_F4JWL8.yaml	900	900	0	0	1	0.0	0	81920	0.0	0	55	True	133.67
gr24_F4JWL8.yaml	900	900	0	0	1	0.527	0	81920	0.0	0	54	True	133.67
gr24_F4JWL8.yaml	900	900	0	0	1	1.084	0	81920	0.0	0	53	True	133.67
gr24_F4JWL8.yaml	900	900	0	0	1	1.628	0	81920	0.0	0	51	True	133.67
gr24_F4JWL8.yaml	900	900	0	0	1	2.157	0	81920	0.0	0	50	True	133.67
gr24_F4JWL8.yaml	900	900	0	0	1	2.684	0	81920	0.0	0	49	True	133.67
gr24_F4JWL8.yaml	900	900	0	0	1	3.214	0	81920	0.0	0	48	True	133.67
gr24_F4JWL8.yaml	900	900	0	0	1	3.732	0	81920	0.0	0	47	True	133.67
gr24_F4JWL8.yaml	900	900	0	0	1	4.251	0	81920	0.0	0	46	True	133.67
gr24_F4JWL8.yaml	900	900	0	0	1	4.773	0	81920	0.0	0	45	True	133.67
gr24_F4JWL8.yaml	900	900	0	0	1	5.293	0	81920	0.0	0	45	True	133.67
gr24_F4JWL8.yaml	900	900	0	0	1	5.819	0	81920	0.0	0	44	True	133.67
gr24_F4JWL8.yaml	900	900	0	0	1	6.34	0	81920	0.0	0	44	True	133.67
gr24_F4JWL8.yaml	900	900	0	0	1	6.861	0	81920	0.0	0	44	True	133.67
gr24_F4JWL8.yaml	900	900	0	0	1	7.382	0	81920	0.0	0	43	True	133.67
gr24_F4JWL8.yaml	900	900	0	0	1	7.906	0	81920	0.0	0	43	True	133.67
gr24_F4JWL8.yaml	900	900	0	0	1	8.435	0	81920	0.0	0	42	True	133.67
gr24_F4JWL8.yaml	900	900	0	0	1	8.962	0	81920	0.0	0	42	True	133.67
gr24_F4JWL8.yaml	900	900	0	0	1	9.493	0	81920	0.0	0	42	True	133.67
gr24_F4JWL8.yaml	900	900	0	0	1	10.021	0	81920	0.0	0	42	True	133.67
gr24_F4JWL8.yaml	900	900	0	0	1	10.551	0	81920	0.0	0	41	True	133.67
gr24_F4JWL8.yaml	900	900	0	0	1	11.083	0	81920	0.0	0	41	True	133.67
gr24_F4JWL8.yaml	900	900	0	0	1	11.613	0	81920	0.0	0	41	True	133.67
gr24_F4JWL8.yaml	900	900	0	0	1	12.153	0	81920	0.0	0	41	True	133.67
gr24_F4JWL8.yaml	900	900	0	0	1	12.681	0	81920	0.0	0	41	True	133.67
gr24_F4JWL8.yaml	900	900	0	0	1	13.202	0	81920	0.0	0	41	True	133.67
gr24_F4JWL8.yaml	900	900	0	0	1	13.725	0	81920	0.0	0	40	True	133.67
gr24_F4JWL8.yaml	900	900	0	0	1	14.249	0	81920	0.0	0	40	True	133.67
gr24_F4JWL8.yaml	900	900	0	0	1	14.777	0	81920	0.0	0	40	True	133.67
gr24_F4JWL8.yaml	900	900	0	0	1	15.3	0	81920	0.0	0	40	True	133.67
gr24_F4JWL8.yaml	900	900	0	0	1	15.819	0	81920	0.0	0	40	True	133.67
gr24_F4JWL8.yaml	900	900	0	0	1	16.336	0	81920	0.0	0	40	True	133.67
gr24_F4JWL8.yaml	900	900	0	0	1	16.855	0	81920	0.0	0	40	True	133.67
gr24_F4JWL8.yaml	900	900	0	0	1	17.37	0	81920	0.0	0	40	True	133.67
gr24_F4JWL8.yaml	900	900	0	0	1	17.887	0	81920	0.0	0	40	True	133.67
gr24_F4JWL8.yaml	900	900	0	0	1	18.406	0	81920	0.0	0	40	True	133.67
gr24_F4JWL8.yaml	900	900	0	0	1	18.925	0	81920	0.0	0	40	True	133.67
gr24_F4JWL8.yaml	900	900	0	0	1	19.441	0	81920	0.0	0	40	True	133.67
gr24_F4JWL8.yaml	900	900	0	0	1	19.958	0	81920	0.0	0	39	True	133.67
gr24_F4JWL8.yaml	900	900	0	0	1	20.478	0	81920	0.0	0	39	True	133.67
gr24_F4JWL8.yaml	900	900	0	0	1	20.996	0	81920	0.0	0	39	True	133.67
gr24_F4JWL8.yaml	900	900	0	0	1	21.515	0	81920	0.0	0	39	True	133.67
gr24_F4JWL8.yaml	900	900	0	0	1	22.042	0	81920	0.0	0	39	True	133.67
gr24_F4JWL8.yaml	900	900	0	0	1	22.56	0	81920	0.0	0	39	True	133.67
gr24_F4JWL8.yaml	900	900	0	0	1	23.077	0	81920	0.0	0	39	True	133.67
gr24_F4JWL8.yaml	900	900	0	0	1	23.593	0	81920	0.0	0	39	True	133.67
gr24_F4JWL8.yaml	900	900	0	0	1	24.113	0	81920	0.0	0	39	True	133.67
gr24_F4JWL8.yaml	900	900	0	0	1	24.634	0	81920	0.0	0	39	True	133.67
gr24_F4JWL8.yaml	900	900	0	0	1	25.152	0	81920	0.0	0	39	True	133.67
gr24_F4JWL8.yaml	900	900	0	0	1	25.67	0	81920	0.0	0	39	True	133.67
gr24_F4JWL8.yaml	900	900	0	0	1	26.202	0	81920	0.0	0	39	True	133.67
gr24_F4JWL8.yaml	900	900	0	0	1	26.722	0	81920	0.0	0	39	True	133.67
gr24_F4JWL8.yaml	900	900	0	0	1	27.243	0	81920	0.0	0	39	True	133.67
gr24_F4JWL8.yaml	900	900	0	0	1	27.772	0	81920	0.0	0	39	True	133.67
gr24_F4JWL8.yaml	900	900	0	0	1	28.312	0	81920	0.0	0	39	True	133.67
gr24_F4JWL8.yaml	900	900	0	0	1	28.842	0	81920	0.0	0	39	True	133.67
gr24_F4JWL8.yaml	900	900	0	0	1	29.365	0	81920	0.0	0	38	True	133.67
gr24_F4JWL8.yaml	900	900	0	0	1	29.884	0	81920	0.0	0	38	True	133.67
gr24_F4JWL8.yaml	900	900	0	0	1	30.412	0	81920	0.0	0	38	True	133.67
gr24_F4JWL8.yaml	900	900	0	0	1	30.93	0	81920	0.0	0	38	True	133.67
gr24_F4JWL8.yaml	900	900	0	0	1	31.448	0	81920	0.0	0	38	True	133.67
gr24_F4JWL8.yaml	900	900	0	0	1	31.984	1175	81920	1.43	4	39	True	133.67
gr24_F4JWL8.yaml	900	900	0	0	1	32.501	2609	81920	3.18	5	40	True	133.67
gr24_F4JWL8.yaml	900	900	0	0	1	33.023	2609	81920	3.18	0	40	True	133.67
gr24_F4JWL8.yaml	900	900	0	0	1	33.546	2609	81920	3.18	0	40	True	133.67
gr24_F4JWL8.yaml	900	900	0	0	1	34.068	2609	81920	3.18	0	41	True	133.67
gr24_F4JWL8.yaml	900	900	0	0	1	34.599	2609	81920	3.18	0	41	True	133.67
gr24_F4JWL8.yaml	900	900	0	0	1	35.129	2609	81920	3.18	0	41	True	133.67
gr24_F4JWL8.yaml	900	900	0	0	1	35.656	2609	81920	3.18	0	41	True	133.67
gr24_F4JWL8.yaml	900	900	0	0	1	36.182	2609	81920	3.18	0	41	True	133.67
gr24_F4JWL8.yaml	900	900	0	0	1	36.71	2609	81920	3.18	0	41	True	133.67
gr24_F4JWL8.yaml	900	900	0	0	1	37.236	3323	81920	4.06	14	41	True	133.67
gr24_F4JWL8.yaml	900	900	0	0	1	37.765	3749	81920	4.58	2	42	True	133.67
gr24_F4JWL8.yaml	900	900	0	0	1	38.297	6135	81920	7.49	5	42	True	133.67
gr24_F4JWL8.yaml	900	900	0	0	1	38.826	6135	81920	7.49	0	42	True	133.67
gr24_F4JWL8.yaml	900	900	0	0	1	39.353	6135	81920	7.49	0	42	True	133.67
gr24_F4JWL8.yaml	900	900	0	0	1	39.883	6135	81920	7.49	0	42	True	133.67
gr24_F4JWL8.yaml	900	900	0	0	1	40.411	6135	81920	7.49	0	42	True	133.67
gr24_F4JWL8.yaml	900	900	0	0	1	40.939	6135	81920	7.49	0	42	True	133.67
gr24_F4JWL8.yaml	900	900	0	0	1	41.467	19365	81920	23.64	14	47	True	133.67
gr24_F4JWL8.yaml	900	900	0	0	1	42.069	21209	81920	25.89	99	51	True	133.67
gr24_F4JWL8.yaml	900	900	0	0	1	42.608	21209	81920	25.89	100	54	True	133.67
gr24_F4JWL8.yaml	900	900	0	0	1	43.137	21209	81920	25.89	100	57	True	133.67
gr24_F4JWL8.yaml	900	900	0	0	1	43.664	21209	81920	25.89	100	58	True	133.67
gr24_F4JWL8.yaml	900	900	0	0	1	44.196	21209	81920	25.89	100	60	True	133.67
gr24_F4JWL8.yaml	900	900	0	0	1	44.728	21209	81920	25.89	100	61	True	133.67
gr24_F4JWL8.yaml	900	900	0	0	1	45.256	21209	81920	25.89	100	62	True	133.67
gr24_F4JWL8.yaml	900	900	0	0	1	45.784	21209	81920	25.89	100	63	True	133.67
gr24_F4JWL8.yaml	900	900	0	0	1	46.313	21209	81920	25.89	100	64	True	133.67
gr24_F4JWL8.yaml	900	900	0	0	1	46.843	21209	81920	25.89	100	65	True	133.67
gr24_F4JWL8.yaml	900	900	0	0	1	47.374	21209	81920	25.89	100	65	True	133.67
gr24_F4JWL8.yaml	900	900	0	0	1	47.902	21209	81920	25.89	100	65	True	133.67
gr24_F4JWL8.yaml	900	900	0	0	1	48.434	21209	81920	25.89	100	66	True	133.67
gr24_F4JWL8.yaml	900	900	0	0	1	48.968	21209	81920	25.89	100	66	True	133.67
gr24_F4JWL8.yaml	900	900	0	0	1	49.507	21209	81920	25.89	100	67	True	133.67
gr24_F4JWL8.yaml	900	900	0	0	1	50.039	21209	81920	25.89	100	68	True	133.67
gr24_F4JWL8.yaml	900	900	0	0	1	50.566	21209	81920	25.89	100	68	True	133.67
gr24_F4JWL8.yaml	900	900	0	0	1	51.097	21209	81920	25.89	100	69	True	133.67
gr24_F4JWL8.yaml	900	900	0	0	1	51.626	21209	81920	25.89	100	69	True	133.67
gr24_F4JWL8.yaml	900	900	0	0	1	52.154	21209	81920	25.89	100	70	True	133.67
gr24_F4JWL8.yaml	900	900	0	0	1	52.683	21209	81920	25.89	100	70	True	133.67
gr24_F4JWL8.yaml	900	900	0	0	1	53.211	21209	81920	25.89	100	70	True	133.67
gr24_F4JWL8.yaml	900	900	0	0	1	53.748	21209	81920	25.89	100	71	True	133.67
gr24_F4JWL8.yaml	900	900	0	0	1	54.285	21209	81920	25.89	100	70	True	133.67
gr24_F4JWL8.yaml	900	900	0	0	1	54.819	21209	81920	25.89	100	70	True	133.67
gr24_F4JWL8.yaml	900	900	0	0	1	55.347	21209	81920	25.89	100	71	True	133.67
gr24_F4JWL8.yaml	900	900	0	0	1	55.881	21209	81920	25.89	100	71	True	133.67
gr24_F4JWL8.yaml	900	900	0	0	1	56.411	21209	81920	25.89	100	71	True	133.67
gr24_F4JWL8.yaml	900	900	0	0	1	56.94	21209	81920	25.89	100	71	True	133.67
gr24_F4JWL8.yaml	900	900	0	0	1	57.469	21209	81920	25.89	100	71	True	133.67
gr24_F4JWL8.yaml	900	900	0	0	1	57.998	21209	81920	25.89	100	71	True	133.67
gr24_F4JWL8.yaml	900	900	0	0	1	58.525	21209	81920	25.89	100	72	True	133.67
gr24_F4JWL8.yaml	900	900	0	0	1	59.053	21209	81920	25.89	100	72	True	133.67
gr24_F4JWL8.yaml	900	900	0	0	1	59.581	21209	81920	25.89	100	72	True	133.67
gr24_F4JWL8.yaml	900	900	0	0	1	60.111	21209	81920	25.89	100	72	True	133.67
gr24_F4JWL8.yaml	900	900	0	0	1	60.638	21209	81920	25.89	100	71	True	133.67
gr24_F4JWL8.yaml	900	900	0	0	1	61.172	21209	81920	25.89	100	71	True	133.67
gr24_F4JWL8.yaml	900	900	0	0	1	61.697	21209	81920	25.89	100	71	True	133.67
gr24_F4JWL8.yaml	900	900	0	0	1	62.226	21209	81920	25.89	100	72	True	133.67
gr24_F4JWL8.yaml	900	900	0	0	1	62.754	21209	81920	25.89	100	72	True	133.67
gr24_F4JWL8.yaml	900	900	0	0	1	63.285	21209	81920	25.89	100	72	True	133.67
gr24_F4JWL8.yaml	900	900	0	0	1	63.812	21209	81920	25.89	100	72	True	133.67
gr24_F4JWL8.yaml	900	900	0	0	1	64.345	21209	81920	25.89	100	72	True	133.67
gr24_F4JWL8.yaml	900	900	0	0	1	64.88	21209	81920	25.89	100	72	True	133.67
gr24_F4JWL8.yaml	900	900	0	0	1	65.408	21209	81920	25.89	100	72	True	133.67
gr24_F4JWL8.yaml	900	900	0	0	1	65.937	21209	81920	25.89	100	72	True	133.67
gr24_F4JWL8.yaml	900	900	0	0	1	66.466	21209	81920	25.89	100	72	True	133.67
gr24_F4JWL8.yaml	900	900	0	0	1	66.997	21211	81920	25.89	81	70	True	133.67
gr24_F4JWL8.yaml	900	900	0	0	1	67.524	21247	81920	25.94	82	69	True	133.67
gr24_F4JWL8.yaml	900	900	0	0	1	68.054	21247	81920	25.94	98	72	True	133.67
gr24_F4JWL8.yaml	900	900	0	0	1	68.585	21247	81920	25.94	98	72	True	133.67
gr24_F4JWL8.yaml	900	900	0	0	1	69.113	21247	81920	25.94	98	73	True	133.67
gr24_F4JWL8.yaml	900	900	0	0	1	69.64	21247	81920	25.94	98	73	True	133.67
gr24_F4JWL8.yaml	900	900	0	0	1	70.168	21247	81920	25.94	98	73	True	133.67
gr24_F4JWL8.yaml	900	900	0	0	1	70.695	21247	81920	25.94	98	73	True	133.67
gr24_F4JWL8.yaml	900	900	0	0	1	71.224	21247	81920	25.94	98	74	True	133.67
gr24_F4JWL8.yaml	900	900	0	0	1	71.757	21247	81920	25.94	98	74	True	133.67
gr24_F4JWL8.yaml	900	900	0	0	1	72.285	21247	81920	25.94	98	74	True	133.67
gr24_F4JWL8.yaml	900	900	0	0	1	72.814	21247	81920	25.94	98	74	True	133.67
gr24_F4JWL8.yaml	900	900	0	0	1	73.342	21247	81920	25.94	97	74	True	133.67
gr24_F4JWL8.yaml	900	900	0	0	1	73.879	21247	81920	25.94	98	74	True	133.67
gr24_F4JWL8.yaml	900	900	0	0	1	74.411	21247	81920	25.94	98	74	True	133.67
gr24_F4JWL8.yaml	900	900	0	0	1	74.941	21247	81920	25.94	98	74	True	133.67
gr24_F4JWL8.yaml	900	900	0	0	1	75.47	21247	81920	25.94	98	74	True	133.67
gr24_F4JWL8.yaml	900	900	0	0	1	75.997	21247	81920	25.94	98	74	True	133.67
gr24_F4JWL8.yaml	900	900	0	0	1	76.526	21247	81920	25.94	98	74	True	133.67
gr24_F4JWL8.yaml	900	900	0	0	1	77.055	21247	81920	25.94	98	75	True	133.67
gr24_F4JWL8.yaml	900	900	0	0	1	77.588	21247	81920	25.94	98	74	True	133.67
gr24_F4JWL8.yaml	900	900	0	0	1	78.116	21247	81920	25.94	98	74	True	133.67
gr24_F4JWL8.yaml	900	900	0	0	1	78.644	21247	81920	25.94	98	74	True	133.67
gr24_F4JWL8.yaml	900	900	0	0	1	79.172	21247	81920	25.94	98	75	True	133.67
gr24_F4JWL8.yaml	900	900	0	0	1	79.699	21247	81920	25.94	98	74	True	133.67
gr24_F4JWL8.yaml	900	900	0	0	1	80.229	21247	81920	25.94	98	75	True	133.67
gr24_F4JWL8.yaml	900	900	0	0	1	80.756	21247	81920	25.94	98	75	True	133.67
gr24_F4JWL8.yaml	900	900	0	0	1	81.283	21247	81920	25.94	98	74	True	133.67
gr24_F4JWL8.yaml	900	900	0	0	1	81.814	21247	81920	25.94	98	75	True	133.67
gr24_F4JWL8.yaml	900	900	0	0	1	82.341	21247	81920	25.94	98	75	True	133.67
gr24_F4JWL8.yaml	900	900	0	0	1	82.875	21247	81920	25.94	98	75	True	133.67
gr24_F4JWL8.yaml	900	900	0	0	1	83.405	21247	81920	25.94	98	75	True	133.67
gr24_F4JWL8.yaml	900	900	0	0	1	83.938	21247	81920	25.94	98	75	True	133.67
gr24_F4JWL8.yaml	900	900	0	0	1	84.468	21247	81920	25.94	98	74	True	133.67
gr24_F4JWL8.yaml	900	900	0	0	1	84.995	21247	81920	25.94	98	75	True	133.67
gr24_F4JWL8.yaml	900	900	0	0	1	85.523	21247	81920	25.94	98	75	True	133.67
gr24_F4JWL8.yaml	900	900	0	0	1	86.055	21247	81920	25.94	98	75	True	133.67
gr24_F4JWL8.yaml	900	900	0	0	1	86.584	21247	81920	25.94	98	75	True	133.67
gr24_F4JWL8.yaml	900	900	0	0	1	87.113	21253	81920	25.94	100	74	True	133.67
gr24_F4JWL8.yaml	900	900	0	0	1	87.64	21253	81920	25.94	1	68	True	133.67
gr24_F4JWL8.yaml	900	900	0	0	1	88.17	21253	81920	25.94	1	64	True	133.67
gr24_F4JWL8.yaml	900	900	0	0	1	88.697	21253	81920	25.94	7	62	True	133.67
gr24_F4JWL8.yaml	900	900	0	0	1	89.237	21253	81920	25.94	8	60	True	133.67
gr24_F4JWL8.yaml	900	900	0	0	1	89.764	559	81920	0.68	100	59	True	133.67
gr24_F4JWL8.yaml	900	900	0	0	1	90.292	559	81920	0.68	62	58	True	133.67
gr24_F4JWL8.yaml	900	900	0	0	1	90.821	559	81920	0.68	0	56	True	133.67
gr24_F4JWL8.yaml	900	900	0	0	1	91.353	559	81920	0.68	0	55	True	133.67
gr24_F4JWL8.yaml	900	900	0	0	1	91.881	559	81920	0.68	0	54	True	133.67
gr24_F4JWL8.yaml	900	900	0	0	1	92.401	559	81920	0.68	0	54	True	133.67
gr24_F4JWL8.yaml	900	900	0	0	1	92.918	559	81920	0.68	0	53	True	133.67
gr24_F4JWL8.yaml	900	900	0	0	1	93.437	559	81920	0.68	0	52	True	133.67
gr24_F4JWL8.yaml	900	900	0	0	1	93.954	559	81920	0.68	0	51	True	133.67
gr24_F4JWL8.yaml	900	900	0	0	1	94.48	559	81920	0.68	0	51	True	133.67
gr24_F4JWL8.yaml	900	900	0	0	1	95.004	559	81920	0.68	0	50	True	133.67
gr24_F4JWL8.yaml	900	900	0	0	1	95.532	559	81920	0.68	0	50	True	133.67
gr24_F4JWL8.yaml	900	900	0	0	1	96.051	559	81920	0.68	0	49	True	133.67
gr24_F4JWL8.yaml	900	900	0	0	1	96.575	559	81920	0.68	0	49	True	133.67
gr24_F4JWL8.yaml	900	900	0	0	1	97.095	559	81920	0.68	0	49	True	133.67
gr24_F4JWL8.yaml	900	900	0	0	1	97.614	559	81920	0.68	0	48	True	133.67
gr24_F4JWL8.yaml	900	900	0	0	1	98.134	559	81920	0.68	0	48	True	133.67
gr24_F4JWL8.yaml	900	900	0	0	1	98.655	559	81920	0.68	0	48	True	133.67
gr24_F4JWL8.yaml	900	900	0	0	1	99.173	559	81920	0.68	0	48	True	133.67
gr24_F4JWL8.yaml	900	900	0	0	1	99.696	559	81920	0.68	0	47	True	133.67
gr24_F4JWL8.yaml	900	900	0	0	1	100.221	559	81920	0.68	0	47	True	133.67
gr24_F4JWL8.yaml	900	900	0	0	1	100.74	559	81920	0.68	0	47	True	133.67
gr24_F4JWL8.yaml	900	900	0	0	1	101.266	559	81920	0.68	0	47	True	133.67
gr24_F4JWL8.yaml	900	900	0	0	1	101.784	559	81920	0.68	0	47	True	133.67
gr24_F4JWL8.yaml	900	900	0	0	1	102.311	559	81920	0.68	0	47	True	133.67
gr24_F4JWL8.yaml	900	900	0	0	1	102.829	559	81920	0.68	0	46	True	133.67
gr24_F4JWL8.yaml	900	900	0	0	1	103.347	559	81920	0.68	0	46	True	133.67
gr24_F4JWL8.yaml	900	900	0	0	1	103.865	559	81920	0.68	0	46	True	133.67
gr24_F4JWL8.yaml	900	900	0	0	1	104.383	559	81920	0.68	0	46	True	133.67
gr24_F4JWL8.yaml	900	900	0	0	1	104.904	559	81920	0.68	0	46	True	133.67
gr24_F4JWL8.yaml	900	900	0	0	1	105.423	559	81920	0.68	0	46	True	133.67
gr24_F4JWL8.yaml	900	900	0	0	1	105.939	559	81920	0.68	0	46	True	133.67
gr24_F4JWL8.yaml	900	900	0	0	1	106.455	559	81920	0.68	0	46	True	133.67
gr24_F4JWL8.yaml	900	900	0	0	1	106.977	559	81920	0.68	0	46	True	133.67
gr24_F4JWL8.yaml	900	900	0	0	1	107.498	559	81920	0.68	0	46	True	133.67
gr24_F4JWL8.yaml	900	900	0	0	1	108.028	559	81920	0.68	0	46	True	133.67
gr24_F4JWL8.yaml	900	900	0	0	1	108.548	559	81920	0.68	0	46	True	133.67
gr24_F4JWL8.yaml	900	900	0	0	1	109.065	559	81920	0.68	0	46	True	133.67
gr24_F4JWL8.yaml	900	900	0	0	1	109.588	559	81920	0.68	0	46	True	133.67
gr24_F4JWL8.yaml	900	900	0	0	1	110.107	573	81920	0.7	0	46	True	133.67
gr24_F4JWL8.yaml	900	900	0	0	1	110.624	2699	81920	3.29	26	46	True	133.67
gr24_F4JWL8.yaml	900	900	0	0	1	111.143	2699	81920	3.29	0	46	True	133.67
gr24_F4JWL8.yaml	900	900	0	0	1	111.665	2699	81920	3.29	0	46	True	133.67
gr24_F4JWL8.yaml	900	900	0	0	1	112.186	9703	81920	11.84	1	49	True	133.67
gr24_F4JWL8.yaml	900	900	0	0	1	112.713	9703	81920	11.84	100	54	True	133.67
gr24_F4JWL8.yaml	900	900	0	0	1	113.243	9703	81920	11.84	100	57	True	133.67
gr24_F4JWL8.yaml	900	900	0	0	1	113.841	9703	81920	11.84	100	60	True	133.67
gr24_F4JWL8.yaml	900	900	0	0	1	114.37	9703	81920	11.84	100	61	True	133.67
gr24_F4JWL8.yaml	900	900	0	0	1	114.896	9703	81920	11.84	100	63	True	133.67
gr24_F4JWL8.yaml	900	900	0	0	1	115.44	9703	81920	11.84	100	64	True	133.67
gr24_F4JWL8.yaml	900	900	0	0	1	115.971	9703	81920	11.84	100	65	True	133.67
gr24_F4JWL8.yaml	900	900	0	0	1	116.504	9703	81920	11.84	98	68	True	133.67
gr24_F4JWL8.yaml	900	900	0	0	1	117.062	9703	81920	11.84	98	69	True	133.67
gr24_F4JWL8.yaml	900	900	0	0	1	117.591	9703	81920	11.84	98	70	True	133.67
gr24_F4JWL8.yaml	900	900	0	0	1	118.126	9703	81920	11.84	98	71	True	133.67
gr24_F4JWL8.yaml	900	900	0	0	1	118.653	9703	81920	11.84	98	72	True	133.67
gr24_F4JWL8.yaml	900	900	0	0	1	119.18	9703	81920	11.84	98	72	True	133.67
gr24_F4JWL8.yaml	900	900	0	0	1	119.709	9703	81920	11.84	98	73	True	133.67
gr24_F4JWL8.yaml	900	900	0	0	1	120.235	9703	81920	11.84	98	73	True	133.67
gr24_F4JWL8.yaml	900	900	0	0	1	120.763	9703	81920	11.84	98	74	True	133.67
gr24_F4JWL8.yaml	900	900	0	0	1	121.29	9703	81920	11.84	98	74	True	133.67
gr24_F4JWL8.yaml	900	900	0	0	1	121.817	9703	81920	11.84	98	74	True	133.67
gr24_F4JWL8.yaml	900	900	0	0	1	122.358	9703	81920	11.84	98	75	True	133.67
gr24_F4JWL8.yaml	900	900	0	0	1	122.888	9703	81920	11.84	98	75	True	133.67
gr24_F4JWL8.yaml	900	900	0	0	1	123.415	9703	81920	11.84	98	75	True	133.67
gr24_F4JWL8.yaml	900	900	0	0	1	123.944	9703	81920	11.84	98	75	True	133.67
gr24_F4JWL8.yaml	900	900	0	0	1	124.472	9703	81920	11.84	98	76	True	133.67
gr24_F4JWL8.yaml	900	900	0	0	1	125.004	9703	81920	11.84	98	75	True	133.67
gr24_F4JWL8.yaml	900	900	0	0	1	125.533	9703	81920	11.84	97	76	True	133.67
gr24_F4JWL8.yaml	900	900	0	0	1	126.06	9703	81920	11.84	98	76	True	133.67
gr24_F4JWL8.yaml	900	900	0	0	1	126.591	9703	81920	11.84	98	76	True	133.67
gr24_F4JWL8.yaml	900	900	0	0	1	127.118	9703	81920	11.84	98	76	True	133.67
gr24_F4JWL8.yaml	900	900	0	0	1	127.645	9703	81920	11.84	98	76	True	133.67
gr24_F4JWL8.yaml	900	900	0	0	1	128.174	9703	81920	11.84	98	77	True	133.67
gr24_F4JWL8.yaml	900	900	0	0	1	128.701	9703	81920	11.84	98	76	True	133.67
gr24_F4JWL8.yaml	900	900	0	0	1	129.228	9713	81920	11.86	98	75	True	133.67
gr24_F4JWL8.yaml	900	900	0	0	1	129.76	9719	81920	11.86	44	70	True	133.67
gr24_F4JWL8.yaml	900	900	0	0	1	130.288	9719	81920	11.86	10	66	True	133.67
gr24_F4JWL8.yaml	900	900	0	0	1	130.817	557	81920	0.68	7	63	True	133.67
gr24_F4JWL8.yaml	900	900	0	0	1	131.345	557	81920	0.68	0	61	True	133.67
gr24_F4JWL8.yaml	900	900	0	0	1	131.874	521	81920	0.64	0	59	True	133.67
gr24_F4JWL8.yaml	900	900	0	0	1	132.401	521	81920	0.64	0	58	True	133.67
gr24_F4JWL8.yaml	900	900	0	0	1	132.929	521	81920	0.64	0	57	True	133.67
gr24_F4JWL8.yaml	900	900	0	0	1	133.456	0	81920	0.0	0	56	True	133.67
gr24_Q8VZ08.yaml	950	950	0	0	1	0.0	0	81920	0.0	0	55	True	133.59
gr24_Q8VZ08.yaml	950	950	0	0	1	0.526	0	81920	0.0	0	54	True	133.59
gr24_Q8VZ08.yaml	950	950	0	0	1	1.049	0	81920	0.0	0	53	True	133.59
gr24_Q8VZ08.yaml	950	950	0	0	1	1.579	0	81920	0.0	0	51	True	133.59
gr24_Q8VZ08.yaml	950	950	0	0	1	2.115	0	81920	0.0	0	50	True	133.59
gr24_Q8VZ08.yaml	950	950	0	0	1	2.641	0	81920	0.0	0	49	True	133.59
gr24_Q8VZ08.yaml	950	950	0	0	1	3.17	0	81920	0.0	0	48	True	133.59
gr24_Q8VZ08.yaml	950	950	0	0	1	3.694	0	81920	0.0	0	47	True	133.59
gr24_Q8VZ08.yaml	950	950	0	0	1	4.221	0	81920	0.0	0	46	True	133.59
gr24_Q8VZ08.yaml	950	950	0	0	1	4.759	0	81920	0.0	0	46	True	133.59
gr24_Q8VZ08.yaml	950	950	0	0	1	5.286	0	81920	0.0	0	45	True	133.59
gr24_Q8VZ08.yaml	950	950	0	0	1	5.815	0	81920	0.0	0	45	True	133.59
gr24_Q8VZ08.yaml	950	950	0	0	1	6.335	0	81920	0.0	0	44	True	133.59
gr24_Q8VZ08.yaml	950	950	0	0	1	6.857	0	81920	0.0	0	44	True	133.59
gr24_Q8VZ08.yaml	950	950	0	0	1	7.381	0	81920	0.0	0	43	True	133.59
gr24_Q8VZ08.yaml	950	950	0	0	1	7.911	0	81920	0.0	0	43	True	133.59
gr24_Q8VZ08.yaml	950	950	0	0	1	8.437	0	81920	0.0	0	43	True	133.59
gr24_Q8VZ08.yaml	950	950	0	0	1	8.965	0	81920	0.0	0	42	True	133.59
gr24_Q8VZ08.yaml	950	950	0	0	1	9.495	0	81920	0.0	0	42	True	133.59
gr24_Q8VZ08.yaml	950	950	0	0	1	10.024	0	81920	0.0	0	42	True	133.59
gr24_Q8VZ08.yaml	950	950	0	0	1	10.555	0	81920	0.0	0	42	True	133.59
gr24_Q8VZ08.yaml	950	950	0	0	1	11.091	0	81920	0.0	0	41	True	133.59
gr24_Q8VZ08.yaml	950	950	0	0	1	11.619	0	81920	0.0	0	41	True	133.59
gr24_Q8VZ08.yaml	950	950	0	0	1	12.147	0	81920	0.0	0	41	True	133.59
gr24_Q8VZ08.yaml	950	950	0	0	1	12.681	0	81920	0.0	0	41	True	133.59
gr24_Q8VZ08.yaml	950	950	0	0	1	13.198	0	81920	0.0	0	41	True	133.59
gr24_Q8VZ08.yaml	950	950	0	0	1	13.718	0	81920	0.0	0	41	True	133.59
gr24_Q8VZ08.yaml	950	950	0	0	1	14.239	0	81920	0.0	0	41	True	133.59
gr24_Q8VZ08.yaml	950	950	0	0	1	14.765	0	81920	0.0	0	40	True	133.59
gr24_Q8VZ08.yaml	950	950	0	0	1	15.284	0	81920	0.0	0	40	True	133.59
gr24_Q8VZ08.yaml	950	950	0	0	1	15.802	0	81920	0.0	0	40	True	133.59
gr24_Q8VZ08.yaml	950	950	0	0	1	16.326	0	81920	0.0	0	40	True	133.59
gr24_Q8VZ08.yaml	950	950	0	0	1	16.845	0	81920	0.0	0	40	True	133.59
gr24_Q8VZ08.yaml	950	950	0	0	1	17.366	0	81920	0.0	0	40	True	133.59
gr24_Q8VZ08.yaml	950	950	0	0	1	17.884	0	81920	0.0	0	40	True	133.59
gr24_Q8VZ08.yaml	950	950	0	0	1	18.406	0	81920	0.0	0	40	True	133.59
gr24_Q8VZ08.yaml	950	950	0	0	1	18.925	0	81920	0.0	0	40	True	133.59
gr24_Q8VZ08.yaml	950	950	0	0	1	19.449	0	81920	0.0	0	40	True	133.59
gr24_Q8VZ08.yaml	950	950	0	0	1	19.965	0	81920	0.0	0	40	True	133.59
gr24_Q8VZ08.yaml	950	950	0	0	1	20.482	0	81920	0.0	0	40	True	133.59
gr24_Q8VZ08.yaml	950	950	0	0	1	21.007	0	81920	0.0	0	40	True	133.59
gr24_Q8VZ08.yaml	950	950	0	0	1	21.524	0	81920	0.0	0	40	True	133.59
gr24_Q8VZ08.yaml	950	950	0	0	1	22.044	0	81920	0.0	0	39	True	133.59
gr24_Q8VZ08.yaml	950	950	0	0	1	22.573	0	81920	0.0	0	39	True	133.59
gr24_Q8VZ08.yaml	950	950	0	0	1	23.095	0	81920	0.0	0	39	True	133.59
gr24_Q8VZ08.yaml	950	950	0	0	1	23.611	0	81920	0.0	0	39	True	133.59
gr24_Q8VZ08.yaml	950	950	0	0	1	24.131	0	81920	0.0	0	39	True	133.59
gr24_Q8VZ08.yaml	950	950	0	0	1	24.648	0	81920	0.0	0	39	True	133.59
gr24_Q8VZ08.yaml	950	950	0	0	1	25.173	0	81920	0.0	0	39	True	133.59
gr24_Q8VZ08.yaml	950	950	0	0	1	25.693	0	81920	0.0	0	39	True	133.59
gr24_Q8VZ08.yaml	950	950	0	0	1	26.211	0	81920	0.0	0	39	True	133.59
gr24_Q8VZ08.yaml	950	950	0	0	1	26.729	0	81920	0.0	0	39	True	133.59
gr24_Q8VZ08.yaml	950	950	0	0	1	27.249	0	81920	0.0	0	39	True	133.59
gr24_Q8VZ08.yaml	950	950	0	0	1	27.771	0	81920	0.0	0	39	True	133.59
gr24_Q8VZ08.yaml	950	950	0	0	1	28.292	0	81920	0.0	0	39	True	133.59
gr24_Q8VZ08.yaml	950	950	0	0	1	28.81	0	81920	0.0	0	39	True	133.59
gr24_Q8VZ08.yaml	950	950	0	0	1	29.328	0	81920	0.0	0	39	True	133.59
gr24_Q8VZ08.yaml	950	950	0	0	1	29.847	0	81920	0.0	0	39	True	133.59
gr24_Q8VZ08.yaml	950	950	0	0	1	30.363	0	81920	0.0	0	39	True	133.59
gr24_Q8VZ08.yaml	950	950	0	0	1	30.891	20	81920	0.02	0	39	True	133.59
gr24_Q8VZ08.yaml	950	950	0	0	1	31.422	2533	81920	3.09	28	40	True	133.59
gr24_Q8VZ08.yaml	950	950	0	0	1	31.944	2609	81920	3.18	0	41	True	133.59
gr24_Q8VZ08.yaml	950	950	0	0	1	32.473	2609	81920	3.18	0	41	True	133.59
gr24_Q8VZ08.yaml	950	950	0	0	1	33.004	2609	81920	3.18	0	41	True	133.59
gr24_Q8VZ08.yaml	950	950	0	0	1	33.53	2609	81920	3.18	0	41	True	133.59
gr24_Q8VZ08.yaml	950	950	0	0	1	34.068	2609	81920	3.18	0	42	True	133.59
gr24_Q8VZ08.yaml	950	950	0	0	1	34.595	2609	81920	3.18	0	42	True	133.59
gr24_Q8VZ08.yaml	950	950	0	0	1	35.123	2609	81920	3.18	0	42	True	133.59
gr24_Q8VZ08.yaml	950	950	0	0	1	35.652	3313	81920	4.04	14	42	True	133.59
gr24_Q8VZ08.yaml	950	950	0	0	1	36.183	3537	81920	4.32	1	42	True	133.59
gr24_Q8VZ08.yaml	950	950	0	0	1	36.711	6471	81920	7.9	13	43	True	133.59
gr24_Q8VZ08.yaml	950	950	0	0	1	37.239	6471	81920	7.9	0	42	True	133.59
gr24_Q8VZ08.yaml	950	950	0	0	1	37.768	6471	81920	7.9	0	42	True	133.59
gr24_Q8VZ08.yaml	950	950	0	0	1	38.296	6471	81920	7.9	0	42	True	133.59
gr24_Q8VZ08.yaml	950	950	0	0	1	38.823	6471	81920	7.9	0	43	True	133.59
gr24_Q8VZ08.yaml	950	950	0	0	1	39.351	6471	81920	7.9	0	43	True	133.59
gr24_Q8VZ08.yaml	950	950	0	0	1	39.881	15371	81920	18.76	0	43	True	133.59
gr24_Q8VZ08.yaml	950	950	0	0	1	40.413	18443	81920	22.51	100	51	True	133.59
gr24_Q8VZ08.yaml	950	950	0	0	1	40.947	18443	81920	22.51	100	54	True	133.59
gr24_Q8VZ08.yaml	950	950	0	0	1	41.475	18443	81920	22.51	100	56	True	133.59
gr24_Q8VZ08.yaml	950	950	0	0	1	42.004	18443	81920	22.51	100	58	True	133.59
gr24_Q8VZ08.yaml	950	950	0	0	1	42.551	18443	81920	22.51	100	60	True	133.59
gr24_Q8VZ08.yaml	950	950	0	0	1	43.078	18443	81920	22.51	100	61	True	133.59
gr24_Q8VZ08.yaml	950	950	0	0	1	43.61	18443	81920	22.51	100	62	True	133.59
gr24_Q8VZ08.yaml	950	950	0	0	1	44.144	18443	81920	22.51	100	63	True	133.59
gr24_Q8VZ08.yaml	950	950	0	0	1	44.672	18443	81920	22.51	100	64	True	133.59
gr24_Q8VZ08.yaml	950	950	0	0	1	45.199	18443	81920	22.51	100	65	True	133.59
gr24_Q8VZ08.yaml	950	950	0	0	1	45.727	18443	81920	22.51	100	66	True	133.59
gr24_Q8VZ08.yaml	950	950	0	0	1	46.259	18443	81920	22.51	100	66	True	133.59
gr24_Q8VZ08.yaml	950	950	0	0	1	46.794	18443	81920	22.51	100	66	True	133.59
gr24_Q8VZ08.yaml	950	950	0	0	1	47.327	18443	81920	22.51	100	67	True	133.59
gr24_Q8VZ08.yaml	950	950	0	0	1	47.857	18443	81920	22.51	100	67	True	133.59
gr24_Q8VZ08.yaml	950	950	0	0	1	48.385	18443	81920	22.51	100	68	True	133.59
gr24_Q8VZ08.yaml	950	950	0	0	1	48.915	18443	81920	22.51	100	69	True	133.59
gr24_Q8VZ08.yaml	950	950	0	0	1	49.462	18443	81920	22.51	100	69	True	133.59
gr24_Q8VZ08.yaml	950	950	0	0	1	49.99	18443	81920	22.51	100	70	True	133.59
gr24_Q8VZ08.yaml	950	950	0	0	1	50.519	18443	81920	22.51	100	70	True	133.59
gr24_Q8VZ08.yaml	950	950	0	0	1	51.048	18443	81920	22.51	100	71	True	133.59
gr24_Q8VZ08.yaml	950	950	0	0	1	51.576	18443	81920	22.51	100	71	True	133.59
gr24_Q8VZ08.yaml	950	950	0	0	1	52.11	18443	81920	22.51	100	71	True	133.59
gr24_Q8VZ08.yaml	950	950	0	0	1	52.64	18443	81920	22.51	100	71	True	133.59
gr24_Q8VZ08.yaml	950	950	0	0	1	53.169	18443	81920	22.51	100	71	True	133.59
gr24_Q8VZ08.yaml	950	950	0	0	1	53.698	18443	81920	22.51	100	71	True	133.59
gr24_Q8VZ08.yaml	950	950	0	0	1	54.226	18443	81920	22.51	100	71	True	133.59
gr24_Q8VZ08.yaml	950	950	0	0	1	54.755	18443	81920	22.51	100	72	True	133.59
gr24_Q8VZ08.yaml	950	950	0	0	1	55.284	18443	81920	22.51	100	72	True	133.59
gr24_Q8VZ08.yaml	950	950	0	0	1	55.813	18443	81920	22.51	100	72	True	133.59
gr24_Q8VZ08.yaml	950	950	0	0	1	56.347	18443	81920	22.51	100	72	True	133.59
gr24_Q8VZ08.yaml	950	950	0	0	1	56.875	18443	81920	22.51	100	72	True	133.59
gr24_Q8VZ08.yaml	950	950	0	0	1	57.406	18443	81920	22.51	100	72	True	133.59
gr24_Q8VZ08.yaml	950	950	0	0	1	57.942	18443	81920	22.51	100	72	True	133.59
gr24_Q8VZ08.yaml	950	950	0	0	1	58.475	18443	81920	22.51	100	72	True	133.59
gr24_Q8VZ08.yaml	950	950	0	0	1	59.003	18443	81920	22.51	100	72	True	133.59
gr24_Q8VZ08.yaml	950	950	0	0	1	59.531	18443	81920	22.51	100	73	True	133.59
gr24_Q8VZ08.yaml	950	950	0	0	1	60.06	18443	81920	22.51	100	72	True	133.59
gr24_Q8VZ08.yaml	950	950	0	0	1	60.591	18443	81920	22.51	100	71	True	133.59
gr24_Q8VZ08.yaml	950	950	0	0	1	61.12	18443	81920	22.51	100	72	True	133.59
gr24_Q8VZ08.yaml	950	950	0	0	1	61.646	18443	81920	22.51	100	72	True	133.59
gr24_Q8VZ08.yaml	950	950	0	0	1	62.176	18443	81920	22.51	100	72	True	133.59
gr24_Q8VZ08.yaml	950	950	0	0	1	62.707	18443	81920	22.51	100	72	True	133.59
gr24_Q8VZ08.yaml	950	950	0	0	1	63.237	18443	81920	22.51	100	72	True	133.59
gr24_Q8VZ08.yaml	950	950	0	0	1	63.766	18443	81920	22.51	100	72	True	133.59
gr24_Q8VZ08.yaml	950	950	0	0	1	64.301	18443	81920	22.51	100	73	True	133.59
gr24_Q8VZ08.yaml	950	950	0	0	1	64.831	18443	81920	22.51	100	73	True	133.59
gr24_Q8VZ08.yaml	950	950	0	0	1	65.361	18443	81920	22.51	100	73	True	133.59
gr24_Q8VZ08.yaml	950	950	0	0	1	65.89	19829	81920	24.21	71	70	True	133.59
gr24_Q8VZ08.yaml	950	950	0	0	1	66.42	19865	81920	24.25	0	70	True	133.59
gr24_Q8VZ08.yaml	950	950	0	0	1	66.948	19865	81920	24.25	98	72	True	133.59
gr24_Q8VZ08.yaml	950	950	0	0	1	67.479	19865	81920	24.25	98	73	True	133.59
gr24_Q8VZ08.yaml	950	950	0	0	1	68.015	19865	81920	24.25	98	73	True	133.59
gr24_Q8VZ08.yaml	950	950	0	0	1	68.544	19865	81920	24.25	98	73	True	133.59
gr24_Q8VZ08.yaml	950	950	0	0	1	69.072	19865	81920	24.25	98	74	True	133.59
gr24_Q8VZ08.yaml	950	950	0	0	1	69.6	19865	81920	24.25	98	74	True	133.59
gr24_Q8VZ08.yaml	950	950	0	0	1	70.128	19865	81920	24.25	98	74	True	133.59
gr24_Q8VZ08.yaml	950	950	0	0	1	70.656	19865	81920	24.25	98	74	True	133.59
gr24_Q8VZ08.yaml	950	950	0	0	1	71.191	19865	81920	24.25	98	74	True	133.59
gr24_Q8VZ08.yaml	950	950	0	0	1	71.725	19865	81920	24.25	98	74	True	133.59
gr24_Q8VZ08.yaml	950	950	0	0	1	72.254	19865	81920	24.25	98	74	True	133.59
gr24_Q8VZ08.yaml	950	950	0	0	1	72.784	19865	81920	24.25	98	74	True	133.59
gr24_Q8VZ08.yaml	950	950	0	0	1	73.312	19865	81920	24.25	98	74	True	133.59
gr24_Q8VZ08.yaml	950	950	0	0	1	73.842	19865	81920	24.25	98	74	True	133.59
gr24_Q8VZ08.yaml	950	950	0	0	1	74.374	19865	81920	24.25	98	74	True	133.59
gr24_Q8VZ08.yaml	950	950	0	0	1	74.903	19865	81920	24.25	98	74	True	133.59
gr24_Q8VZ08.yaml	950	950	0	0	1	75.432	19865	81920	24.25	98	74	True	133.59
gr24_Q8VZ08.yaml	950	950	0	0	1	75.962	19865	81920	24.25	98	74	True	133.59
gr24_Q8VZ08.yaml	950	950	0	0	1	76.492	19865	81920	24.25	98	74	True	133.59
gr24_Q8VZ08.yaml	950	950	0	0	1	77.021	19865	81920	24.25	98	75	True	133.59
gr24_Q8VZ08.yaml	950	950	0	0	1	77.555	19865	81920	24.25	98	75	True	133.59
gr24_Q8VZ08.yaml	950	950	0	0	1	78.083	19865	81920	24.25	98	75	True	133.59
gr24_Q8VZ08.yaml	950	950	0	0	1	78.613	19865	81920	24.25	98	75	True	133.59
gr24_Q8VZ08.yaml	950	950	0	0	1	79.145	19865	81920	24.25	98	75	True	133.59
gr24_Q8VZ08.yaml	950	950	0	0	1	79.674	19865	81920	24.25	98	75	True	133.59
gr24_Q8VZ08.yaml	950	950	0	0	1	80.202	19865	81920	24.25	98	74	True	133.59
gr24_Q8VZ08.yaml	950	950	0	0	1	80.742	19865	81920	24.25	98	74	True	133.59
gr24_Q8VZ08.yaml	950	950	0	0	1	81.273	19865	81920	24.25	98	75	True	133.59
gr24_Q8VZ08.yaml	950	950	0	0	1	81.8	19865	81920	24.25	98	74	True	133.59
gr24_Q8VZ08.yaml	950	950	0	0	1	82.327	19865	81920	24.25	98	75	True	133.59
gr24_Q8VZ08.yaml	950	950	0	0	1	82.857	19865	81920	24.25	98	75	True	133.59
gr24_Q8VZ08.yaml	950	950	0	0	1	83.387	19865	81920	24.25	98	75	True	133.59
gr24_Q8VZ08.yaml	950	950	0	0	1	83.915	19865	81920	24.25	98	75	True	133.59
gr24_Q8VZ08.yaml	950	950	0	0	1	84.447	19865	81920	24.25	98	75	True	133.59
gr24_Q8VZ08.yaml	950	950	0	0	1	84.976	19865	81920	24.25	98	75	True	133.59
gr24_Q8VZ08.yaml	950	950	0	0	1	85.506	19865	81920	24.25	98	75	True	133.59
gr24_Q8VZ08.yaml	950	950	0	0	1	86.035	19865	81920	24.25	98	74	True	133.59
gr24_Q8VZ08.yaml	950	950	0	0	1	86.562	19871	81920	24.26	99	74	True	133.59
gr24_Q8VZ08.yaml	950	950	0	0	1	87.093	19871	81920	24.26	66	71	True	133.59
gr24_Q8VZ08.yaml	950	950	0	0	1	87.621	19871	81920	24.26	3	66	True	133.59
gr24_Q8VZ08.yaml	950	950	0	0	1	88.15	19871	81920	24.26	0	63	True	133.59
gr24_Q8VZ08.yaml	950	950	0	0	1	88.679	19871	81920	24.26	7	61	True	133.59
gr24_Q8VZ08.yaml	950	950	0	0	1	89.207	19871	81920	24.26	8	60	True	133.59
gr24_Q8VZ08.yaml	950	950	0	0	1	89.738	559	81920	0.68	100	58	True	133.59
gr24_Q8VZ08.yaml	950	950	0	0	1	90.266	559	81920	0.68	0	57	True	133.59
gr24_Q8VZ08.yaml	950	950	0	0	1	90.794	559	81920	0.68	0	56	True	133.59
gr24_Q8VZ08.yaml	950	950	0	0	1	91.322	559	81920	0.68	0	55	True	133.59
gr24_Q8VZ08.yaml	950	950	0	0	1	91.865	559	81920	0.68	0	54	True	133.59
gr24_Q8VZ08.yaml	950	950	0	0	1	92.384	559	81920	0.68	0	53	True	133.59
gr24_Q8VZ08.yaml	950	950	0	0	1	92.904	559	81920	0.68	0	53	True	133.59
gr24_Q8VZ08.yaml	950	950	0	0	1	93.424	559	81920	0.68	0	52	True	133.59
gr24_Q8VZ08.yaml	950	950	0	0	1	93.942	559	81920	0.68	0	51	True	133.59
gr24_Q8VZ08.yaml	950	950	0	0	1	94.481	559	81920	0.68	0	51	True	133.59
gr24_Q8VZ08.yaml	950	950	0	0	1	95.01	559	81920	0.68	0	50	True	133.59
gr24_Q8VZ08.yaml	950	950	0	0	1	95.539	559	81920	0.68	0	50	True	133.59
gr24_Q8VZ08.yaml	950	950	0	0	1	96.06	559	81920	0.68	0	49	True	133.59
gr24_Q8VZ08.yaml	950	950	0	0	1	96.581	559	81920	0.68	0	49	True	133.59
gr24_Q8VZ08.yaml	950	950	0	0	1	97.107	559	81920	0.68	0	49	True	133.59
gr24_Q8VZ08.yaml	950	950	0	0	1	97.623	559	81920	0.68	0	48	True	133.59
gr24_Q8VZ08.yaml	950	950	0	0	1	98.151	559	81920	0.68	0	48	True	133.59
gr24_Q8VZ08.yaml	950	950	0	0	1	98.67	559	81920	0.68	0	48	True	133.59
gr24_Q8VZ08.yaml	950	950	0	0	1	99.188	559	81920	0.68	0	48	True	133.59
gr24_Q8VZ08.yaml	950	950	0	0	1	99.706	559	81920	0.68	0	47	True	133.59
gr24_Q8VZ08.yaml	950	950	0	0	1	100.226	559	81920	0.68	0	47	True	133.59
gr24_Q8VZ08.yaml	950	950	0	0	1	100.766	559	81920	0.68	0	47	True	133.59
gr24_Q8VZ08.yaml	950	950	0	0	1	101.284	559	81920	0.68	0	47	True	133.59
gr24_Q8VZ08.yaml	950	950	0	0	1	101.802	559	81920	0.68	0	47	True	133.59
gr24_Q8VZ08.yaml	950	950	0	0	1	102.319	559	81920	0.68	0	47	True	133.59
gr24_Q8VZ08.yaml	950	950	0	0	1	102.836	559	81920	0.68	0	46	True	133.59
gr24_Q8VZ08.yaml	950	950	0	0	1	103.355	559	81920	0.68	0	46	True	133.59
gr24_Q8VZ08.yaml	950	950	0	0	1	103.885	559	81920	0.68	0	46	True	133.59
gr24_Q8VZ08.yaml	950	950	0	0	1	104.413	559	81920	0.68	0	46	True	133.59
gr24_Q8VZ08.yaml	950	950	0	0	1	104.931	559	81920	0.68	0	46	True	133.59
gr24_Q8VZ08.yaml	950	950	0	0	1	105.45	559	81920	0.68	0	46	True	133.59
gr24_Q8VZ08.yaml	950	950	0	0	1	105.969	559	81920	0.68	0	46	True	133.59
gr24_Q8VZ08.yaml	950	950	0	0	1	106.504	559	81920	0.68	0	46	True	133.59
gr24_Q8VZ08.yaml	950	950	0	0	1	107.028	559	81920	0.68	0	46	True	133.59
gr24_Q8VZ08.yaml	950	950	0	0	1	107.557	559	81920	0.68	0	46	True	133.59
gr24_Q8VZ08.yaml	950	950	0	0	1	108.078	559	81920	0.68	0	46	True	133.59
gr24_Q8VZ08.yaml	950	950	0	0	1	108.596	559	81920	0.68	0	46	True	133.59
gr24_Q8VZ08.yaml	950	950	0	0	1	109.116	559	81920	0.68	0	46	True	133.59
gr24_Q8VZ08.yaml	950	950	0	0	1	109.633	559	81920	0.68	0	46	True	133.59
gr24_Q8VZ08.yaml	950	950	0	0	1	110.154	563	81920	0.69	0	46	True	133.59
gr24_Q8VZ08.yaml	950	950	0	0	1	110.67	2699	81920	3.29	29	46	True	133.59
gr24_Q8VZ08.yaml	950	950	0	0	1	111.191	2699	81920	3.29	0	46	True	133.59
gr24_Q8VZ08.yaml	950	950	0	0	1	111.72	2699	81920	3.29	0	46	True	133.59
gr24_Q8VZ08.yaml	950	950	0	0	1	112.248	7395	81920	9.03	74	51	True	133.59
gr24_Q8VZ08.yaml	950	950	0	0	1	112.784	7395	81920	9.03	100	55	True	133.59
gr24_Q8VZ08.yaml	950	950	0	0	1	113.313	7395	81920	9.03	100	58	True	133.59
gr24_Q8VZ08.yaml	950	950	0	0	1	113.842	7395	81920	9.03	100	60	True	133.59
gr24_Q8VZ08.yaml	950	950	0	0	1	114.373	7395	81920	9.03	100	62	True	133.59
gr24_Q8VZ08.yaml	950	950	0	0	1	114.9	7395	81920	9.03	100	63	True	133.59
gr24_Q8VZ08.yaml	950	950	0	0	1	115.431	7395	81920	9.03	100	64	True	133.59
gr24_Q8VZ08.yaml	950	950	0	0	1	116.006	7395	81920	9.03	98	67	True	133.59
gr24_Q8VZ08.yaml	950	950	0	0	1	116.537	7395	81920	9.03	97	68	True	133.59
gr24_Q8VZ08.yaml	950	950	0	0	1	117.065	7395	81920	9.03	98	69	True	133.59
gr24_Q8VZ08.yaml	950	950	0	0	1	117.592	7395	81920	9.03	98	70	True	133.59
gr24_Q8VZ08.yaml	950	950	0	0	1	118.12	7395	81920	9.03	98	71	True	133.59
gr24_Q8VZ08.yaml	950	950	0	0	1	118.646	7395	81920	9.03	98	72	True	133.59
gr24_Q8VZ08.yaml	950	950	0	0	1	119.176	7395	81920	9.03	98	72	True	133.59
gr24_Q8VZ08.yaml	950	950	0	0	1	119.711	7395	81920	9.03	98	73	True	133.59
gr24_Q8VZ08.yaml	950	950	0	0	1	120.24	7395	81920	9.03	98	73	True	133.59
gr24_Q8VZ08.yaml	950	950	0	0	1	120.767	7395	81920	9.03	97	74	True	133.59
gr24_Q8VZ08.yaml	950	950	0	0	1	121.294	7395	81920	9.03	98	74	True	133.59
gr24_Q8VZ08.yaml	950	950	0	0	1	121.825	7395	81920	9.03	98	75	True	133.59
gr24_Q8VZ08.yaml	950	950	0	0	1	122.354	7395	81920	9.03	98	75	True	133.59
gr24_Q8VZ08.yaml	950	950	0	0	1	122.886	7395	81920	9.03	98	75	True	133.59
gr24_Q8VZ08.yaml	950	950	0	0	1	123.415	7395	81920	9.03	98	75	True	133.59
gr24_Q8VZ08.yaml	950	950	0	0	1	123.944	7395	81920	9.03	98	75	True	133.59
gr24_Q8VZ08.yaml	950	950	0	0	1	124.474	7395	81920	9.03	98	76	True	133.59
gr24_Q8VZ08.yaml	950	950	0	0	1	125.004	7395	81920	9.03	98	76	True	133.59
gr24_Q8VZ08.yaml	950	950	0	0	1	125.532	7395	81920	9.03	98	76	True	133.59
gr24_Q8VZ08.yaml	950	950	0	0	1	126.062	7395	81920	9.03	98	76	True	133.59
gr24_Q8VZ08.yaml	950	950	0	0	1	126.591	7395	81920	9.03	98	76	True	133.59
gr24_Q8VZ08.yaml	950	950	0	0	1	127.117	7395	81920	9.03	98	76	True	133.59
gr24_Q8VZ08.yaml	950	950	0	0	1	127.656	7395	81920	9.03	98	76	True	133.59
gr24_Q8VZ08.yaml	950	950	0	0	1	128.182	7395	81920	9.03	98	76	True	133.59
gr24_Q8VZ08.yaml	950	950	0	0	1	128.711	7395	81920	9.03	98	76	True	133.59
gr24_Q8VZ08.yaml	950	950	0	0	1	129.238	7405	81920	9.04	96	75	True	133.59
gr24_Q8VZ08.yaml	950	950	0	0	1	129.769	7409	81920	9.04	32	69	True	133.59
gr24_Q8VZ08.yaml	950	950	0	0	1	130.343	7409	81920	9.04	8	65	True	133.59
gr24_Q8VZ08.yaml	950	950	0	0	1	130.91	557	81920	0.68	85	62	True	133.59
gr24_Q8VZ08.yaml	950	950	0	0	1	131.437	557	81920	0.68	0	61	True	133.59
gr24_Q8VZ08.yaml	950	950	0	0	1	131.965	521	81920	0.64	0	59	True	133.59
gr24_Q8VZ08.yaml	950	950	0	0	1	132.493	521	81920	0.64	0	57	True	133.59
gr24_Q8VZ08.yaml	950	950	0	0	1	133.028	518	81920	0.63	0	56	True	133.59
gr24_Q8L5Y0.yaml	1000	1000	0	0	1	0.0	0	81920	0.0	0	55	True	136.99
gr24_Q8L5Y0.yaml	1000	1000	0	0	1	0.529	0	81920	0.0	0	54	True	136.99
gr24_Q8L5Y0.yaml	1000	1000	0	0	1	1.057	0	81920	0.0	0	53	True	136.99
gr24_Q8L5Y0.yaml	1000	1000	0	0	1	1.587	0	81920	0.0	0	52	True	136.99
gr24_Q8L5Y0.yaml	1000	1000	0	0	1	2.114	0	81920	0.0	0	50	True	136.99
gr24_Q8L5Y0.yaml	1000	1000	0	0	1	2.65	0	81920	0.0	0	49	True	136.99
gr24_Q8L5Y0.yaml	1000	1000	0	0	1	3.177	0	81920	0.0	0	48	True	136.99
gr24_Q8L5Y0.yaml	1000	1000	0	0	1	3.697	0	81920	0.0	0	47	True	136.99
gr24_Q8L5Y0.yaml	1000	1000	0	0	1	4.218	0	81920	0.0	0	47	True	136.99
gr24_Q8L5Y0.yaml	1000	1000	0	0	1	4.741	0	81920	0.0	0	46	True	136.99
gr24_Q8L5Y0.yaml	1000	1000	0	0	1	5.262	0	81920	0.0	0	45	True	136.99
gr24_Q8L5Y0.yaml	1000	1000	0	0	1	5.788	0	81920	0.0	0	45	True	136.99
gr24_Q8L5Y0.yaml	1000	1000	0	0	1	6.307	0	81920	0.0	0	44	True	136.99
gr24_Q8L5Y0.yaml	1000	1000	0	0	1	6.829	0	81920	0.0	0	44	True	136.99
gr24_Q8L5Y0.yaml	1000	1000	0	0	1	7.353	0	81920	0.0	0	44	True	136.99
gr24_Q8L5Y0.yaml	1000	1000	0	0	1	7.876	0	81920	0.0	0	43	True	136.99
gr24_Q8L5Y0.yaml	1000	1000	0	0	1	8.41	0	81920	0.0	0	43	True	136.99
gr24_Q8L5Y0.yaml	1000	1000	0	0	1	8.938	0	81920	0.0	0	43	True	136.99
gr24_Q8L5Y0.yaml	1000	1000	0	0	1	9.465	0	81920	0.0	0	42	True	136.99
gr24_Q8L5Y0.yaml	1000	1000	0	0	1	9.996	0	81920	0.0	0	42	True	136.99
gr24_Q8L5Y0.yaml	1000	1000	0	0	1	10.526	0	81920	0.0	0	42	True	136.99
gr24_Q8L5Y0.yaml	1000	1000	0	0	1	11.055	0	81920	0.0	0	42	True	136.99
gr24_Q8L5Y0.yaml	1000	1000	0	0	1	11.583	0	81920	0.0	0	41	True	136.99
gr24_Q8L5Y0.yaml	1000	1000	0	0	1	12.104	0	81920	0.0	0	41	True	136.99
gr24_Q8L5Y0.yaml	1000	1000	0	0	1	12.623	0	81920	0.0	0	41	True	136.99
gr24_Q8L5Y0.yaml	1000	1000	0	0	1	13.162	0	81920	0.0	0	41	True	136.99
gr24_Q8L5Y0.yaml	1000	1000	0	0	1	13.682	0	81920	0.0	0	41	True	136.99
gr24_Q8L5Y0.yaml	1000	1000	0	0	1	14.201	0	81920	0.0	0	41	True	136.99
gr24_Q8L5Y0.yaml	1000	1000	0	0	1	14.722	0	81920	0.0	0	41	True	136.99
gr24_Q8L5Y0.yaml	1000	1000	0	0	1	15.244	0	81920	0.0	0	41	True	136.99
gr24_Q8L5Y0.yaml	1000	1000	0	0	1	15.771	0	81920	0.0	0	40	True	136.99
gr24_Q8L5Y0.yaml	1000	1000	0	0	1	16.289	0	81920	0.0	0	40	True	136.99
gr24_Q8L5Y0.yaml	1000	1000	0	0	1	16.807	0	81920	0.0	0	40	True	136.99
gr24_Q8L5Y0.yaml	1000	1000	0	0	1	17.326	0	81920	0.0	0	40	True	136.99
gr24_Q8L5Y0.yaml	1000	1000	0	0	1	17.846	0	81920	0.0	0	40	True	136.99
gr24_Q8L5Y0.yaml	1000	1000	0	0	1	18.363	0	81920	0.0	0	40	True	136.99
gr24_Q8L5Y0.yaml	1000	1000	0	0	1	18.885	0	81920	0.0	0	40	True	136.99
gr24_Q8L5Y0.yaml	1000	1000	0	0	1	19.412	0	81920	0.0	0	40	True	136.99
gr24_Q8L5Y0.yaml	1000	1000	0	0	1	19.93	0	81920	0.0	0	40	True	136.99
gr24_Q8L5Y0.yaml	1000	1000	0	0	1	20.448	0	81920	0.0	0	40	True	136.99
gr24_Q8L5Y0.yaml	1000	1000	0	0	1	20.966	0	81920	0.0	0	40	True	136.99
gr24_Q8L5Y0.yaml	1000	1000	0	0	1	21.493	0	81920	0.0	0	40	True	136.99
gr24_Q8L5Y0.yaml	1000	1000	0	0	1	22.014	0	81920	0.0	0	40	True	136.99
gr24_Q8L5Y0.yaml	1000	1000	0	0	1	22.533	0	81920	0.0	0	40	True	136.99
gr24_Q8L5Y0.yaml	1000	1000	0	0	1	23.05	0	81920	0.0	0	40	True	136.99
gr24_Q8L5Y0.yaml	1000	1000	0	0	1	23.567	0	81920	0.0	0	40	True	136.99
gr24_Q8L5Y0.yaml	1000	1000	0	0	1	24.084	0	81920	0.0	0	39	True	136.99
gr24_Q8L5Y0.yaml	1000	1000	0	0	1	24.6	0	81920	0.0	0	39	True	136.99
gr24_Q8L5Y0.yaml	1000	1000	0	0	1	25.117	0	81920	0.0	0	39	True	136.99
gr24_Q8L5Y0.yaml	1000	1000	0	0	1	25.638	0	81920	0.0	0	39	True	136.99
gr24_Q8L5Y0.yaml	1000	1000	0	0	1	26.156	0	81920	0.0	0	39	True	136.99
gr24_Q8L5Y0.yaml	1000	1000	0	0	1	26.677	0	81920	0.0	0	39	True	136.99
gr24_Q8L5Y0.yaml	1000	1000	0	0	1	27.196	0	81920	0.0	0	39	True	136.99
gr24_Q8L5Y0.yaml	1000	1000	0	0	1	27.727	0	81920	0.0	0	39	True	136.99
gr24_Q8L5Y0.yaml	1000	1000	0	0	1	28.251	0	81920	0.0	0	39	True	136.99
gr24_Q8L5Y0.yaml	1000	1000	0	0	1	28.769	0	81920	0.0	0	39	True	136.99
gr24_Q8L5Y0.yaml	1000	1000	0	0	1	29.289	0	81920	0.0	0	39	True	136.99
gr24_Q8L5Y0.yaml	1000	1000	0	0	1	29.806	0	81920	0.0	0	39	True	136.99
gr24_Q8L5Y0.yaml	1000	1000	0	0	1	30.335	0	81920	0.0	0	39	True	136.99
gr24_Q8L5Y0.yaml	1000	1000	0	0	1	30.857	0	81920	0.0	0	39	True	136.99
gr24_Q8L5Y0.yaml	1000	1000	0	0	1	31.391	0	81920	0.0	0	39	True	136.99
gr24_Q8L5Y0.yaml	1000	1000	0	0	1	31.918	0	81920	0.0	0	39	True	136.99
gr24_Q8L5Y0.yaml	1000	1000	0	0	1	32.441	0	81920	0.0	0	39	True	136.99
gr24_Q8L5Y0.yaml	1000	1000	0	0	1	32.974	0	81920	0.0	0	39	True	136.99
gr24_Q8L5Y0.yaml	1000	1000	0	0	1	33.546	0	81920	0.0	0	39	True	136.99
gr24_Q8L5Y0.yaml	1000	1000	0	0	1	34.098	0	81920	0.0	0	39	True	136.99
gr24_Q8L5Y0.yaml	1000	1000	0	0	1	34.637	0	81920	0.0	0	39	True	136.99
gr24_Q8L5Y0.yaml	1000	1000	0	0	1	35.152	1239	81920	1.51	7	40	True	136.99
gr24_Q8L5Y0.yaml	1000	1000	0	0	1	35.669	2609	81920	3.18	5	40	True	136.99
gr24_Q8L5Y0.yaml	1000	1000	0	0	1	36.187	2609	81920	3.18	0	41	True	136.99
gr24_Q8L5Y0.yaml	1000	1000	0	0	1	36.708	2609	81920	3.18	0	41	True	136.99
gr24_Q8L5Y0.yaml	1000	1000	0	0	1	37.232	2609	81920	3.18	0	41	True	136.99
gr24_Q8L5Y0.yaml	1000	1000	0	0	1	37.758	2609	81920	3.18	0	41	True	136.99
gr24_Q8L5Y0.yaml	1000	1000	0	0	1	38.282	2609	81920	3.18	1	41	True	136.99
gr24_Q8L5Y0.yaml	1000	1000	0	0	1	38.811	3491	81920	4.26	3	41	True	136.99
gr24_Q8L5Y0.yaml	1000	1000	0	0	1	39.341	6691	81920	8.17	14	42	True	136.99
gr24_Q8L5Y0.yaml	1000	1000	0	0	1	39.869	6691	81920	8.17	0	42	True	136.99
gr24_Q8L5Y0.yaml	1000	1000	0	0	1	40.397	6691	81920	8.17	0	42	True	136.99
gr24_Q8L5Y0.yaml	1000	1000	0	0	1	40.923	6691	81920	8.17	0	42	True	136.99
gr24_Q8L5Y0.yaml	1000	1000	0	0	1	41.45	6691	81920	8.17	0	42	True	136.99
gr24_Q8L5Y0.yaml	1000	1000	0	0	1	41.978	6691	81920	8.17	0	42	True	136.99
gr24_Q8L5Y0.yaml	1000	1000	0	0	1	42.505	6691	81920	8.17	0	42	True	136.99
gr24_Q8L5Y0.yaml	1000	1000	0	0	1	43.037	14747	81920	18.0	100	50	True	136.99
gr24_Q8L5Y0.yaml	1000	1000	0	0	1	43.568	14747	81920	18.0	100	55	True	136.99
gr24_Q8L5Y0.yaml	1000	1000	0	0	1	44.362	14747	81920	18.0	100	57	True	136.99
gr24_Q8L5Y0.yaml	1000	1000	0	0	1	44.891	14747	81920	18.0	100	59	True	136.99
gr24_Q8L5Y0.yaml	1000	1000	0	0	1	45.43	14747	81920	18.0	100	60	True	136.99
gr24_Q8L5Y0.yaml	1000	1000	0	0	1	45.958	14747	81920	18.0	100	61	True	136.99
gr24_Q8L5Y0.yaml	1000	1000	0	0	1	46.491	14747	81920	18.0	100	62	True	136.99
gr24_Q8L5Y0.yaml	1000	1000	0	0	1	47.023	14747	81920	18.0	100	63	True	136.99
gr24_Q8L5Y0.yaml	1000	1000	0	0	1	47.549	14747	81920	18.0	100	64	True	136.99
gr24_Q8L5Y0.yaml	1000	1000	0	0	1	48.079	14747	81920	18.0	100	65	True	136.99
gr24_Q8L5Y0.yaml	1000	1000	0	0	1	48.624	14747	81920	18.0	100	66	True	136.99
gr24_Q8L5Y0.yaml	1000	1000	0	0	1	49.152	14747	81920	18.0	100	66	True	136.99
gr24_Q8L5Y0.yaml	1000	1000	0	0	1	49.681	14747	81920	18.0	100	67	True	136.99
gr24_Q8L5Y0.yaml	1000	1000	0	0	1	50.211	14747	81920	18.0	100	67	True	136.99
gr24_Q8L5Y0.yaml	1000	1000	0	0	1	50.741	14747	81920	18.0	100	68	True	136.99
gr24_Q8L5Y0.yaml	1000	1000	0	0	1	51.272	14747	81920	18.0	100	68	True	136.99
gr24_Q8L5Y0.yaml	1000	1000	0	0	1	51.799	14747	81920	18.0	100	69	True	136.99
gr24_Q8L5Y0.yaml	1000	1000	0	0	1	52.336	14747	81920	18.0	100	69	True	136.99
gr24_Q8L5Y0.yaml	1000	1000	0	0	1	52.864	14747	81920	18.0	100	70	True	136.99
gr24_Q8L5Y0.yaml	1000	1000	0	0	1	53.404	14747	81920	18.0	100	70	True	136.99
gr24_Q8L5Y0.yaml	1000	1000	0	0	1	53.929	14747	81920	18.0	100	70	True	136.99
gr24_Q8L5Y0.yaml	1000	1000	0	0	1	54.461	14747	81920	18.0	100	70	True	136.99
gr24_Q8L5Y0.yaml	1000	1000	0	0	1	54.989	14747	81920	18.0	100	71	True	136.99
gr24_Q8L5Y0.yaml	1000	1000	0	0	1	55.517	14747	81920	18.0	100	71	True	136.99
gr24_Q8L5Y0.yaml	1000	1000	0	0	1	56.046	14747	81920	18.0	100	71	True	136.99
gr24_Q8L5Y0.yaml	1000	1000	0	0	1	56.579	14747	81920	18.0	100	71	True	136.99
gr24_Q8L5Y0.yaml	1000	1000	0	0	1	57.109	14747	81920	18.0	100	71	True	136.99
gr24_Q8L5Y0.yaml	1000	1000	0	0	1	57.641	14747	81920	18.0	100	71	True	136.99
gr24_Q8L5Y0.yaml	1000	1000	0	0	1	58.168	14747	81920	18.0	100	72	True	136.99
gr24_Q8L5Y0.yaml	1000	1000	0	0	1	58.703	14747	81920	18.0	100	72	True	136.99
gr24_Q8L5Y0.yaml	1000	1000	0	0	1	59.234	14747	81920	18.0	100	72	True	136.99
gr24_Q8L5Y0.yaml	1000	1000	0	0	1	59.762	14747	81920	18.0	100	72	True	136.99
gr24_Q8L5Y0.yaml	1000	1000	0	0	1	60.29	14747	81920	18.0	100	72	True	136.99
gr24_Q8L5Y0.yaml	1000	1000	0	0	1	60.827	14747	81920	18.0	100	72	True	136.99
gr24_Q8L5Y0.yaml	1000	1000	0	0	1	61.363	14747	81920	18.0	100	72	True	136.99
gr24_Q8L5Y0.yaml	1000	1000	0	0	1	61.893	14747	81920	18.0	100	72	True	136.99
gr24_Q8L5Y0.yaml	1000	1000	0	0	1	62.42	14747	81920	18.0	100	72	True	136.99
gr24_Q8L5Y0.yaml	1000	1000	0	0	1	62.949	14747	81920	18.0	100	72	True	136.99
gr24_Q8L5Y0.yaml	1000	1000	0	0	1	63.48	14747	81920	18.0	100	72	True	136.99
gr24_Q8L5Y0.yaml	1000	1000	0	0	1	64.007	14747	81920	18.0	100	72	True	136.99
gr24_Q8L5Y0.yaml	1000	1000	0	0	1	64.539	14747	81920	18.0	100	72	True	136.99
gr24_Q8L5Y0.yaml	1000	1000	0	0	1	65.07	14747	81920	18.0	100	73	True	136.99
gr24_Q8L5Y0.yaml	1000	1000	0	0	1	65.605	14747	81920	18.0	100	72	True	136.99
gr24_Q8L5Y0.yaml	1000	1000	0	0	1	66.134	14747	81920	18.0	100	73	True	136.99
gr24_Q8L5Y0.yaml	1000	1000	0	0	1	66.663	14747	81920	18.0	100	73	True	136.99
gr24_Q8L5Y0.yaml	1000	1000	0	0	1	67.191	14747	81920	18.0	100	73	True	136.99
gr24_Q8L5Y0.yaml	1000	1000	0	0	1	67.724	14747	81920	18.0	100	73	True	136.99
gr24_Q8L5Y0.yaml	1000	1000	0	0	1	68.286	14747	81920	18.0	100	73	True	136.99
gr24_Q8L5Y0.yaml	1000	1000	0	0	1	68.815	16317	81920	19.92	48	67	True	136.99
gr24_Q8L5Y0.yaml	1000	1000	0	0	1	69.345	16317	81920	19.92	98	71	True	136.99
gr24_Q8L5Y0.yaml	1000	1000	0	0	1	69.871	16317	81920	19.92	98	72	True	136.99
gr24_Q8L5Y0.yaml	1000	1000	0	0	1	70.4	16317	81920	19.92	98	73	True	136.99
gr24_Q8L5Y0.yaml	1000	1000	0	0	1	70.932	16317	81920	19.92	98	73	True	136.99
gr24_Q8L5Y0.yaml	1000	1000	0	0	1	71.461	16317	81920	19.92	98	73	True	136.99
gr24_Q8L5Y0.yaml	1000	1000	0	0	1	71.987	16317	81920	19.92	98	73	True	136.99
gr24_Q8L5Y0.yaml	1000	1000	0	0	1	72.516	16317	81920	19.92	98	74	True	136.99
gr24_Q8L5Y0.yaml	1000	1000	0	0	1	73.046	16317	81920	19.92	98	74	True	136.99
gr24_Q8L5Y0.yaml	1000	1000	0	0	1	73.575	16317	81920	19.92	98	74	True	136.99
gr24_Q8L5Y0.yaml	1000	1000	0	0	1	74.103	16317	81920	19.92	98	74	True	136.99
gr24_Q8L5Y0.yaml	1000	1000	0	0	1	74.634	16317	81920	19.92	98	74	True	136.99
gr24_Q8L5Y0.yaml	1000	1000	0	0	1	75.161	16317	81920	19.92	98	74	True	136.99
gr24_Q8L5Y0.yaml	1000	1000	0	0	1	75.689	16317	81920	19.92	99	74	True	136.99
gr24_Q8L5Y0.yaml	1000	1000	0	0	1	76.219	16317	81920	19.92	98	74	True	136.99
gr24_Q8L5Y0.yaml	1000	1000	0	0	1	76.749	16317	81920	19.92	98	74	True	136.99
gr24_Q8L5Y0.yaml	1000	1000	0	0	1	77.277	16317	81920	19.92	98	74	True	136.99
gr24_Q8L5Y0.yaml	1000	1000	0	0	1	77.806	16317	81920	19.92	98	74	True	136.99
gr24_Q8L5Y0.yaml	1000	1000	0	0	1	78.339	16317	81920	19.92	98	74	True	136.99
gr24_Q8L5Y0.yaml	1000	1000	0	0	1	78.868	16317	81920	19.92	98	74	True	136.99
gr24_Q8L5Y0.yaml	1000	1000	0	0	1	79.397	16317	81920	19.92	99	74	True	136.99
gr24_Q8L5Y0.yaml	1000	1000	0	0	1	79.926	16317	81920	19.92	98	74	True	136.99
gr24_Q8L5Y0.yaml	1000	1000	0	0	1	80.46	16317	81920	19.92	98	74	True	136.99
gr24_Q8L5Y0.yaml	1000	1000	0	0	1	80.989	16317	81920	19.92	98	75	True	136.99
gr24_Q8L5Y0.yaml	1000	1000	0	0	1	81.517	16317	81920	19.92	98	74	True	136.99
gr24_Q8L5Y0.yaml	1000	1000	0	0	1	82.046	16317	81920	19.92	98	74	True	136.99
gr24_Q8L5Y0.yaml	1000	1000	0	0	1	82.574	16317	81920	19.92	98	74	True	136.99
gr24_Q8L5Y0.yaml	1000	1000	0	0	1	83.102	16317	81920	19.92	98	74	True	136.99
gr24_Q8L5Y0.yaml	1000	1000	0	0	1	83.63	16317	81920	19.92	98	74	True	136.99
gr24_Q8L5Y0.yaml	1000	1000	0	0	1	84.161	16317	81920	19.92	98	75	True	136.99
gr24_Q8L5Y0.yaml	1000	1000	0	0	1	84.69	16317	81920	19.92	99	74	True	136.99
gr24_Q8L5Y0.yaml	1000	1000	0	0	1	85.218	16317	81920	19.92	98	75	True	136.99
gr24_Q8L5Y0.yaml	1000	1000	0	0	1	85.746	16317	81920	19.92	98	74	True	136.99
gr24_Q8L5Y0.yaml	1000	1000	0	0	1	86.273	16317	81920	19.92	98	74	True	136.99
gr24_Q8L5Y0.yaml	1000	1000	0	0	1	86.803	16317	81920	19.92	98	75	True	136.99
gr24_Q8L5Y0.yaml	1000	1000	0	0	1	87.331	16317	81920	19.92	98	75	True	136.99
gr24_Q8L5Y0.yaml	1000	1000	0	0	1	87.864	16317	81920	19.92	98	74	True	136.99
gr24_Q8L5Y0.yaml	1000	1000	0	0	1	88.392	16317	81920	19.92	99	75	True	136.99
gr24_Q8L5Y0.yaml	1000	1000	0	0	1	88.919	16317	81920	19.92	98	75	True	136.99
gr24_Q8L5Y0.yaml	1000	1000	0	0	1	89.452	16317	81920	19.92	98	75	True	136.99
gr24_Q8L5Y0.yaml	1000	1000	0	0	1	89.982	16317	81920	19.92	98	75	True	136.99
gr24_Q8L5Y0.yaml	1000	1000	0	0	1	90.509	16323	81920	19.93	100	74	True	136.99
gr24_Q8L5Y0.yaml	1000	1000	0	0	1	91.047	16323	81920	19.93	63	69	True	136.99
gr24_Q8L5Y0.yaml	1000	1000	0	0	1	91.623	16323	81920	19.93	3	65	True	136.99
gr24_Q8L5Y0.yaml	1000	1000	0	0	1	92.152	16323	81920	19.93	5	62	True	136.99
gr24_Q8L5Y0.yaml	1000	1000	0	0	1	92.682	16323	81920	19.93	7	61	True	136.99
gr24_Q8L5Y0.yaml	1000	1000	0	0	1	93.233	557	81920	0.68	8	59	True	136.99
gr24_Q8L5Y0.yaml	1000	1000	0	0	1	93.767	557	81920	0.68	64	58	True	136.99
gr24_Q8L5Y0.yaml	1000	1000	0	0	1	94.299	557	81920	0.68	0	57	True	136.99
gr24_Q8L5Y0.yaml	1000	1000	0	0	1	94.826	557	81920	0.68	0	55	True	136.99
gr24_Q8L5Y0.yaml	1000	1000	0	0	1	95.354	557	81920	0.68	0	54	True	136.99
gr24_Q8L5Y0.yaml	1000	1000	0	0	1	95.889	557	81920	0.68	0	54	True	136.99
gr24_Q8L5Y0.yaml	1000	1000	0	0	1	96.412	557	81920	0.68	0	53	True	136.99
gr24_Q8L5Y0.yaml	1000	1000	0	0	1	96.929	557	81920	0.68	0	52	True	136.99
gr24_Q8L5Y0.yaml	1000	1000	0	0	1	97.445	557	81920	0.68	0	51	True	136.99
gr24_Q8L5Y0.yaml	1000	1000	0	0	1	97.964	557	81920	0.68	0	51	True	136.99
gr24_Q8L5Y0.yaml	1000	1000	0	0	1	98.492	557	81920	0.68	0	50	True	136.99
gr24_Q8L5Y0.yaml	1000	1000	0	0	1	99.024	557	81920	0.68	0	50	True	136.99
gr24_Q8L5Y0.yaml	1000	1000	0	0	1	99.544	557	81920	0.68	0	49	True	136.99
gr24_Q8L5Y0.yaml	1000	1000	0	0	1	100.065	557	81920	0.68	0	49	True	136.99
gr24_Q8L5Y0.yaml	1000	1000	0	0	1	100.582	557	81920	0.68	0	49	True	136.99
gr24_Q8L5Y0.yaml	1000	1000	0	0	1	101.1	557	81920	0.68	0	48	True	136.99
gr24_Q8L5Y0.yaml	1000	1000	0	0	1	101.619	557	81920	0.68	0	48	True	136.99
gr24_Q8L5Y0.yaml	1000	1000	0	0	1	102.138	557	81920	0.68	0	48	True	136.99
gr24_Q8L5Y0.yaml	1000	1000	0	0	1	102.653	557	81920	0.68	0	47	True	136.99
gr24_Q8L5Y0.yaml	1000	1000	0	0	1	103.173	557	81920	0.68	0	47	True	136.99
gr24_Q8L5Y0.yaml	1000	1000	0	0	1	103.688	557	81920	0.68	0	47	True	136.99
gr24_Q8L5Y0.yaml	1000	1000	0	0	1	104.207	557	81920	0.68	0	47	True	136.99
gr24_Q8L5Y0.yaml	1000	1000	0	0	1	104.725	557	81920	0.68	0	47	True	136.99
gr24_Q8L5Y0.yaml	1000	1000	0	0	1	105.244	557	81920	0.68	0	46	True	136.99
gr24_Q8L5Y0.yaml	1000	1000	0	0	1	105.76	557	81920	0.68	0	46	True	136.99
gr24_Q8L5Y0.yaml	1000	1000	0	0	1	106.276	557	81920	0.68	0	46	True	136.99
gr24_Q8L5Y0.yaml	1000	1000	0	0	1	106.793	557	81920	0.68	0	46	True	136.99
gr24_Q8L5Y0.yaml	1000	1000	0	0	1	107.313	557	81920	0.68	0	46	True	136.99
gr24_Q8L5Y0.yaml	1000	1000	0	0	1	107.829	557	81920	0.68	0	46	True	136.99
gr24_Q8L5Y0.yaml	1000	1000	0	0	1	108.349	557	81920	0.68	0	46	True	136.99
gr24_Q8L5Y0.yaml	1000	1000	0	0	1	108.869	557	81920	0.68	0	46	True	136.99
gr24_Q8L5Y0.yaml	1000	1000	0	0	1	109.396	557	81920	0.68	0	46	True	136.99
gr24_Q8L5Y0.yaml	1000	1000	0	0	1	109.917	557	81920	0.68	0	46	True	136.99
gr24_Q8L5Y0.yaml	1000	1000	0	0	1	110.441	557	81920	0.68	0	46	True	136.99
gr24_Q8L5Y0.yaml	1000	1000	0	0	1	110.96	557	81920	0.68	0	46	True	136.99
gr24_Q8L5Y0.yaml	1000	1000	0	0	1	111.477	557	81920	0.68	0	45	True	136.99
gr24_Q8L5Y0.yaml	1000	1000	0	0	1	112.003	557	81920	0.68	0	45	True	136.99
gr24_Q8L5Y0.yaml	1000	1000	0	0	1	112.518	557	81920	0.68	0	45	True	136.99
gr24_Q8L5Y0.yaml	1000	1000	0	0	1	113.035	557	81920	0.68	0	45	True	136.99
gr24_Q8L5Y0.yaml	1000	1000	0	0	1	113.555	557	81920	0.68	0	45	True	136.99
gr24_Q8L5Y0.yaml	1000	1000	0	0	1	114.085	557	81920	0.68	0	45	True	136.99
gr24_Q8L5Y0.yaml	1000	1000	0	0	1	114.602	873	81920	1.07	5	45	True	136.99
gr24_Q8L5Y0.yaml	1000	1000	0	0	1	115.117	2697	81920	3.29	23	45	True	136.99
gr24_Q8L5Y0.yaml	1000	1000	0	0	1	115.638	2697	81920	3.29	0	45	True	136.99
gr24_Q8L5Y0.yaml	1000	1000	0	0	1	116.166	4299	81920	5.25	39	51	True	136.99
gr24_Q8L5Y0.yaml	1000	1000	0	0	1	116.7	4299	81920	5.25	100	55	True	136.99
gr24_Q8L5Y0.yaml	1000	1000	0	0	1	117.233	4299	81920	5.25	100	58	True	136.99
gr24_Q8L5Y0.yaml	1000	1000	0	0	1	117.762	4299	81920	5.25	100	60	True	136.99
gr24_Q8L5Y0.yaml	1000	1000	0	0	1	118.295	4299	81920	5.25	100	61	True	136.99
gr24_Q8L5Y0.yaml	1000	1000	0	0	1	118.823	4299	81920	5.25	100	63	True	136.99
gr24_Q8L5Y0.yaml	1000	1000	0	0	1	119.351	4299	81920	5.25	98	65	True	136.99
gr24_Q8L5Y0.yaml	1000	1000	0	0	1	119.88	4299	81920	5.25	98	67	True	136.99
gr24_Q8L5Y0.yaml	1000	1000	0	0	1	120.413	4299	81920	5.25	98	68	True	136.99
gr24_Q8L5Y0.yaml	1000	1000	0	0	1	120.949	4299	81920	5.25	98	70	True	136.99
gr24_Q8L5Y0.yaml	1000	1000	0	0	1	121.478	4299	81920	5.25	98	70	True	136.99
gr24_Q8L5Y0.yaml	1000	1000	0	0	1	122.007	4299	81920	5.25	98	71	True	136.99
gr24_Q8L5Y0.yaml	1000	1000	0	0	1	122.536	4299	81920	5.25	97	71	True	136.99
gr24_Q8L5Y0.yaml	1000	1000	0	0	1	123.065	4299	81920	5.25	98	72	True	136.99
gr24_Q8L5Y0.yaml	1000	1000	0	0	1	123.594	4299	81920	5.25	98	73	True	136.99
gr24_Q8L5Y0.yaml	1000	1000	0	0	1	124.123	4299	81920	5.25	98	73	True	136.99
gr24_Q8L5Y0.yaml	1000	1000	0	0	1	124.652	4299	81920	5.25	98	73	True	136.99
gr24_Q8L5Y0.yaml	1000	1000	0	0	1	125.194	4299	81920	5.25	98	74	True	136.99
gr24_Q8L5Y0.yaml	1000	1000	0	0	1	125.722	4299	81920	5.25	98	74	True	136.99
gr24_Q8L5Y0.yaml	1000	1000	0	0	1	126.25	4299	81920	5.25	98	74	True	136.99
gr24_Q8L5Y0.yaml	1000	1000	0	0	1	126.78	4299	81920	5.25	98	74	True	136.99
gr24_Q8L5Y0.yaml	1000	1000	0	0	1	127.31	4299	81920	5.25	97	75	True	136.99
gr24_Q8L5Y0.yaml	1000	1000	0	0	1	127.849	4299	81920	5.25	98	75	True	136.99
gr24_Q8L5Y0.yaml	1000	1000	0	0	1	128.378	4299	81920	5.25	98	75	True	136.99
gr24_Q8L5Y0.yaml	1000	1000	0	0	1	128.906	4299	81920	5.25	98	75	True	136.99
gr24_Q8L5Y0.yaml	1000	1000	0	0	1	129.434	4299	81920	5.25	98	75	True	136.99
gr24_Q8L5Y0.yaml	1000	1000	0	0	1	129.965	4299	81920	5.25	98	76	True	136.99
gr24_Q8L5Y0.yaml	1000	1000	0	0	1	130.493	4299	81920	5.25	98	76	True	136.99
gr24_Q8L5Y0.yaml	1000	1000	0	0	1	131.024	4299	81920	5.25	98	75	True	136.99
gr24_Q8L5Y0.yaml	1000	1000	0	0	1	131.552	4299	81920	5.25	98	76	True	136.99
gr24_Q8L5Y0.yaml	1000	1000	0	0	1	132.084	4299	81920	5.25	98	76	True	136.99
gr24_Q8L5Y0.yaml	1000	1000	0	0	1	132.611	4315	81920	5.27	97	74	True	136.99
gr24_Q8L5Y0.yaml	1000	1000	0	0	1	133.14	4315	81920	5.27	8	68	True	136.99
gr24_Q8L5Y0.yaml	1000	1000	0	0	1	133.673	4315	81920	5.27	9	64	True	136.99
gr24_Q8L5Y0.yaml	1000	1000	0	0	1	134.201	555	81920	0.68	39	62	True	136.99
gr24_Q8L5Y0.yaml	1000	1000	0	0	1	134.728	555	81920	0.68	0	60	True	136.99
gr24_Q8L5Y0.yaml	1000	1000	0	0	1	135.256	519	81920	0.63	0	58	True	136.99
gr24_Q8L5Y0.yaml	1000	1000	0	0	1	135.783	519	81920	0.63	0	57	True	136.99
gr24_Q8L5Y0.yaml	1000	1000	0	0	1	136.322	519	81920	0.63	0	56	True	136.99
gr24_Q8L5Y0.yaml	1000	1000	0	0	1	136.848	0	81920	0.0	8	55	True	136.99
gr24_F4JLK2.yaml	1050	1050	0	0	1	0.0	0	81920	0.0	0	54	True	147.65
gr24_F4JLK2.yaml	1050	1050	0	0	1	0.593	0	81920	0.0	0	54	True	147.65
gr24_F4JLK2.yaml	1050	1050	0	0	1	1.121	0	81920	0.0	0	53	True	147.65
gr24_F4JLK2.yaml	1050	1050	0	0	1	1.651	0	81920	0.0	0	51	True	147.65
gr24_F4JLK2.yaml	1050	1050	0	0	1	2.181	0	81920	0.0	0	49	True	147.65
gr24_F4JLK2.yaml	1050	1050	0	0	1	2.71	0	81920	0.0	0	48	True	147.65
gr24_F4JLK2.yaml	1050	1050	0	0	1	3.239	0	81920	0.0	0	47	True	147.65
gr24_F4JLK2.yaml	1050	1050	0	0	1	3.767	0	81920	0.0	0	47	True	147.65
gr24_F4JLK2.yaml	1050	1050	0	0	1	4.289	0	81920	0.0	0	46	True	147.65
gr24_F4JLK2.yaml	1050	1050	0	0	1	4.812	0	81920	0.0	0	45	True	147.65
gr24_F4JLK2.yaml	1050	1050	0	0	1	5.337	0	81920	0.0	0	45	True	147.65
gr24_F4JLK2.yaml	1050	1050	0	0	1	5.867	0	81920	0.0	0	44	True	147.65
gr24_F4JLK2.yaml	1050	1050	0	0	1	6.389	0	81920	0.0	0	44	True	147.65
gr24_F4JLK2.yaml	1050	1050	0	0	1	6.913	0	81920	0.0	0	43	True	147.65
gr24_F4JLK2.yaml	1050	1050	0	0	1	7.439	0	81920	0.0	0	43	True	147.65
gr24_F4JLK2.yaml	1050	1050	0	0	1	7.968	0	81920	0.0	0	43	True	147.65
gr24_F4JLK2.yaml	1050	1050	0	0	1	8.494	0	81920	0.0	0	42	True	147.65
gr24_F4JLK2.yaml	1050	1050	0	0	1	9.024	0	81920	0.0	0	42	True	147.65
gr24_F4JLK2.yaml	1050	1050	0	0	1	9.543	0	81920	0.0	0	42	True	147.65
gr24_F4JLK2.yaml	1050	1050	0	0	1	10.063	0	81920	0.0	0	41	True	147.65
gr24_F4JLK2.yaml	1050	1050	0	0	1	10.583	0	81920	0.0	0	41	True	147.65
gr24_F4JLK2.yaml	1050	1050	0	0	1	11.107	0	81920	0.0	0	41	True	147.65
gr24_F4JLK2.yaml	1050	1050	0	0	1	11.63	0	81920	0.0	0	41	True	147.65
gr24_F4JLK2.yaml	1050	1050	0	0	1	12.151	0	81920	0.0	0	41	True	147.65
gr24_F4JLK2.yaml	1050	1050	0	0	1	12.684	0	81920	0.0	0	41	True	147.65
gr24_F4JLK2.yaml	1050	1050	0	0	1	13.207	0	81920	0.0	0	40	True	147.65
gr24_F4JLK2.yaml	1050	1050	0	0	1	13.726	0	81920	0.0	0	40	True	147.65
gr24_F4JLK2.yaml	1050	1050	0	0	1	14.249	0	81920	0.0	0	40	True	147.65
gr24_F4JLK2.yaml	1050	1050	0	0	1	14.769	0	81920	0.0	0	40	True	147.65
gr24_F4JLK2.yaml	1050	1050	0	0	1	15.293	0	81920	0.0	0	40	True	147.65
gr24_F4JLK2.yaml	1050	1050	0	0	1	15.812	0	81920	0.0	0	40	True	147.65
gr24_F4JLK2.yaml	1050	1050	0	0	1	16.328	0	81920	0.0	0	40	True	147.65
gr24_F4JLK2.yaml	1050	1050	0	0	1	16.846	0	81920	0.0	0	40	True	147.65
gr24_F4JLK2.yaml	1050	1050	0	0	1	17.363	0	81920	0.0	0	40	True	147.65
gr24_F4JLK2.yaml	1050	1050	0	0	1	17.883	0	81920	0.0	0	40	True	147.65
gr24_F4JLK2.yaml	1050	1050	0	0	1	18.399	0	81920	0.0	0	39	True	147.65
gr24_F4JLK2.yaml	1050	1050	0	0	1	18.915	0	81920	0.0	0	39	True	147.65
gr24_F4JLK2.yaml	1050	1050	0	0	1	19.443	0	81920	0.0	0	39	True	147.65
gr24_F4JLK2.yaml	1050	1050	0	0	1	19.982	0	81920	0.0	0	39	True	147.65
gr24_F4JLK2.yaml	1050	1050	0	0	1	20.499	0	81920	0.0	0	39	True	147.65
gr24_F4JLK2.yaml	1050	1050	0	0	1	21.021	0	81920	0.0	0	39	True	147.65
gr24_F4JLK2.yaml	1050	1050	0	0	1	21.537	0	81920	0.0	0	39	True	147.65
gr24_F4JLK2.yaml	1050	1050	0	0	1	22.057	0	81920	0.0	0	39	True	147.65
gr24_F4JLK2.yaml	1050	1050	0	0	1	22.581	0	81920	0.0	0	39	True	147.65
gr24_F4JLK2.yaml	1050	1050	0	0	1	23.099	0	81920	0.0	0	39	True	147.65
gr24_F4JLK2.yaml	1050	1050	0	0	1	23.62	0	81920	0.0	0	39	True	147.65
gr24_F4JLK2.yaml	1050	1050	0	0	1	24.138	0	81920	0.0	0	39	True	147.65
gr24_F4JLK2.yaml	1050	1050	0	0	1	24.658	0	81920	0.0	0	39	True	147.65
gr24_F4JLK2.yaml	1050	1050	0	0	1	25.175	0	81920	0.0	0	39	True	147.65
gr24_F4JLK2.yaml	1050	1050	0	0	1	25.692	0	81920	0.0	0	39	True	147.65
gr24_F4JLK2.yaml	1050	1050	0	0	1	26.213	0	81920	0.0	0	39	True	147.65
gr24_F4JLK2.yaml	1050	1050	0	0	1	26.736	0	81920	0.0	0	39	True	147.65
gr24_F4JLK2.yaml	1050	1050	0	0	1	27.259	0	81920	0.0	0	39	True	147.65
gr24_F4JLK2.yaml	1050	1050	0	0	1	27.78	0	81920	0.0	0	39	True	147.65
gr24_F4JLK2.yaml	1050	1050	0	0	1	28.3	0	81920	0.0	0	39	True	147.65
gr24_F4JLK2.yaml	1050	1050	0	0	1	28.822	0	81920	0.0	0	39	True	147.65
gr24_F4JLK2.yaml	1050	1050	0	0	1	29.357	0	81920	0.0	0	39	True	147.65
gr24_F4JLK2.yaml	1050	1050	0	0	1	29.882	0	81920	0.0	0	39	True	147.65
gr24_F4JLK2.yaml	1050	1050	0	0	1	30.406	0	81920	0.0	0	39	True	147.65
gr24_F4JLK2.yaml	1050	1050	0	0	1	30.924	0	81920	0.0	0	38	True	147.65
gr24_F4JLK2.yaml	1050	1050	0	0	1	31.441	0	81920	0.0	0	38	True	147.65
gr24_F4JLK2.yaml	1050	1050	0	0	1	31.957	0	81920	0.0	0	38	True	147.65
gr24_F4JLK2.yaml	1050	1050	0	0	1	32.489	0	81920	0.0	0	38	True	147.65
gr24_F4JLK2.yaml	1050	1050	0	0	1	33.021	20	81920	0.02	0	38	True	147.65
gr24_F4JLK2.yaml	1050	1050	0	0	1	33.568	2467	81920	3.01	20	40	True	147.65
gr24_F4JLK2.yaml	1050	1050	0	0	1	34.097	2609	81920	3.18	0	40	True	147.65
gr24_F4JLK2.yaml	1050	1050	0	0	1	34.627	2609	81920	3.18	0	40	True	147.65
gr24_F4JLK2.yaml	1050	1050	0	0	1	35.156	2609	81920	3.18	0	41	True	147.65
gr24_F4JLK2.yaml	1050	1050	0	0	1	35.684	2609	81920	3.18	0	41	True	147.65
gr24_F4JLK2.yaml	1050	1050	0	0	1	36.214	2609	81920	3.18	0	41	True	147.65
gr24_F4JLK2.yaml	1050	1050	0	0	1	36.744	2609	81920	3.18	0	41	True	147.65
gr24_F4JLK2.yaml	1050	1050	0	0	1	37.278	2609	81920	3.18	0	42	True	147.65
gr24_F4JLK2.yaml	1050	1050	0	0	1	37.81	2609	81920	3.18	1	42	True	147.65
gr24_F4JLK2.yaml	1050	1050	0	0	1	38.343	3409	81920	4.16	0	42	True	147.65
gr24_F4JLK2.yaml	1050	1050	0	0	1	38.872	3679	81920	4.49	3	42	True	147.65
gr24_F4JLK2.yaml	1050	1050	0	0	1	39.402	7289	81920	8.9	15	42	True	147.65
gr24_F4JLK2.yaml	1050	1050	0	0	1	39.932	7289	81920	8.9	0	42	True	147.65
gr24_F4JLK2.yaml	1050	1050	0	0	1	40.464	7289	81920	8.9	0	42	True	147.65
gr24_F4JLK2.yaml	1050	1050	0	0	1	41.003	7289	81920	8.9	0	42	True	147.65
gr24_F4JLK2.yaml	1050	1050	0	0	1	41.532	7289	81920	8.9	0	42	True	147.65
gr24_F4JLK2.yaml	1050	1050	0	0	1	42.064	7289	81920	8.9	0	42	True	147.65
gr24_F4JLK2.yaml	1050	1050	0	0	1	42.597	16867	81920	20.59	0	43	True	147.65
gr24_F4JLK2.yaml	1050	1050	0	0	1	43.13	20359	81920	24.85	100	51	True	147.65
gr24_F4JLK2.yaml	1050	1050	0	0	1	43.668	20359	81920	24.85	100	53	True	147.65
gr24_F4JLK2.yaml	1050	1050	0	0	1	44.2	20359	81920	24.85	100	56	True	147.65
gr24_F4JLK2.yaml	1050	1050	0	0	1	44.73	20359	81920	24.85	100	58	True	147.65
gr24_F4JLK2.yaml	1050	1050	0	0	1	45.265	20359	81920	24.85	100	59	True	147.65
gr24_F4JLK2.yaml	1050	1050	0	0	1	45.799	20359	81920	24.85	100	61	True	147.65
gr24_F4JLK2.yaml	1050	1050	0	0	1	46.328	20359	81920	24.85	100	62	True	147.65
gr24_F4JLK2.yaml	1050	1050	0	0	1	46.86	20359	81920	24.85	100	63	True	147.65
gr24_F4JLK2.yaml	1050	1050	0	0	1	47.391	20359	81920	24.85	100	64	True	147.65
gr24_F4JLK2.yaml	1050	1050	0	0	1	47.922	20359	81920	24.85	100	65	True	147.65
gr24_F4JLK2.yaml	1050	1050	0	0	1	48.451	20359	81920	24.85	100	65	True	147.65
gr24_F4JLK2.yaml	1050	1050	0	0	1	48.983	20359	81920	24.85	100	66	True	147.65
gr24_F4JLK2.yaml	1050	1050	0	0	1	49.513	20359	81920	24.85	100	67	True	147.65
gr24_F4JLK2.yaml	1050	1050	0	0	1	50.047	20359	81920	24.85	100	67	True	147.65
gr24_F4JLK2.yaml	1050	1050	0	0	1	50.576	20359	81920	24.85	100	68	True	147.65
gr24_F4JLK2.yaml	1050	1050	0	0	1	51.115	20359	81920	24.85	100	67	True	147.65
gr24_F4JLK2.yaml	1050	1050	0	0	1	51.646	20359	81920	24.85	100	69	True	147.65
gr24_F4JLK2.yaml	1050	1050	0	0	1	52.179	20359	81920	24.85	100	69	True	147.65
gr24_F4JLK2.yaml	1050	1050	0	0	1	52.711	20359	81920	24.85	100	69	True	147.65
gr24_F4JLK2.yaml	1050	1050	0	0	1	53.246	20359	81920	24.85	100	70	True	147.65
gr24_F4JLK2.yaml	1050	1050	0	0	1	53.779	20359	81920	24.85	100	70	True	147.65
gr24_F4JLK2.yaml	1050	1050	0	0	1	54.307	20359	81920	24.85	100	70	True	147.65
gr24_F4JLK2.yaml	1050	1050	0	0	1	54.834	20359	81920	24.85	100	70	True	147.65
gr24_F4JLK2.yaml	1050	1050	0	0	1	55.365	20359	81920	24.85	100	71	True	147.65
gr24_F4JLK2.yaml	1050	1050	0	0	1	56.057	20359	81920	24.85	100	71	True	147.65
gr24_F4JLK2.yaml	1050	1050	0	0	1	56.587	20359	81920	24.85	100	71	True	147.65
gr24_F4JLK2.yaml	1050	1050	0	0	1	57.115	20359	81920	24.85	100	71	True	147.65
gr24_F4JLK2.yaml	1050	1050	0	0	1	57.647	20359	81920	24.85	100	71	True	147.65
gr24_F4JLK2.yaml	1050	1050	0	0	1	58.181	20359	81920	24.85	100	72	True	147.65
gr24_F4JLK2.yaml	1050	1050	0	0	1	58.724	20359	81920	24.85	100	71	True	147.65
gr24_F4JLK2.yaml	1050	1050	0	0	1	59.251	20359	81920	24.85	100	72	True	147.65
gr24_F4JLK2.yaml	1050	1050	0	0	1	59.783	20359	81920	24.85	100	72	True	147.65
gr24_F4JLK2.yaml	1050	1050	0	0	1	60.313	20359	81920	24.85	100	72	True	147.65
gr24_F4JLK2.yaml	1050	1050	0	0	1	60.848	20359	81920	24.85	100	72	True	147.65
gr24_F4JLK2.yaml	1050	1050	0	0	1	61.376	20359	81920	24.85	100	72	True	147.65
gr24_F4JLK2.yaml	1050	1050	0	0	1	61.91	20359	81920	24.85	100	72	True	147.65
gr24_F4JLK2.yaml	1050	1050	0	0	1	62.432	20359	81920	24.85	100	72	True	147.65
gr24_F4JLK2.yaml	1050	1050	0	0	1	62.956	20359	81920	24.85	100	72	True	147.65
gr24_F4JLK2.yaml	1050	1050	0	0	1	63.482	20359	81920	24.85	100	72	True	147.65
gr24_F4JLK2.yaml	1050	1050	0	0	1	64.012	20359	81920	24.85	100	73	True	147.65
gr24_F4JLK2.yaml	1050	1050	0	0	1	64.541	20359	81920	24.85	100	72	True	147.65
gr24_F4JLK2.yaml	1050	1050	0	0	1	65.07	20359	81920	24.85	100	72	True	147.65
gr24_F4JLK2.yaml	1050	1050	0	0	1	65.602	20359	81920	24.85	100	72	True	147.65
gr24_F4JLK2.yaml	1050	1050	0	0	1	66.132	20359	81920	24.85	100	72	True	147.65
gr24_F4JLK2.yaml	1050	1050	0	0	1	66.663	20359	81920	24.85	100	72	True	147.65
gr24_F4JLK2.yaml	1050	1050	0	0	1	67.191	20359	81920	24.85	100	72	True	147.65
gr24_F4JLK2.yaml	1050	1050	0	0	1	67.722	20359	81920	24.85	100	73	True	147.65
gr24_F4JLK2.yaml	1050	1050	0	0	1	68.263	20359	81920	24.85	100	73	True	147.65
gr24_F4JLK2.yaml	1050	1050	0	0	1	68.793	20359	81920	24.85	100	73	True	147.65
gr24_F4JLK2.yaml	1050	1050	0	0	1	69.323	20359	81920	24.85	100	73	True	147.65
gr24_F4JLK2.yaml	1050	1050	0	0	1	69.856	20359	81920	24.85	100	73	True	147.65
gr24_F4JLK2.yaml	1050	1050	0	0	1	70.386	20359	81920	24.85	100	73	True	147.65
gr24_F4JLK2.yaml	1050	1050	0	0	1	70.918	20359	81920	24.85	100	73	True	147.65
gr24_F4JLK2.yaml	1050	1050	0	0	1	71.448	20359	81920	24.85	100	73	True	147.65
gr24_F4JLK2.yaml	1050	1050	0	0	1	71.977	20359	81920	24.85	100	73	True	147.65
gr24_F4JLK2.yaml	1050	1050	0	0	1	72.506	20359	81920	24.85	100	73	True	147.65
gr24_F4JLK2.yaml	1050	1050	0	0	1	73.041	20359	81920	24.85	100	73	True	147.65
gr24_F4JLK2.yaml	1050	1050	0	0	1	73.575	22081	81920	26.95	0	68	True	147.65
gr24_F4JLK2.yaml	1050	1050	0	0	1	74.109	22081	81920	26.95	98	72	True	147.65
gr24_F4JLK2.yaml	1050	1050	0	0	1	74.641	22081	81920	26.95	98	73	True	147.65
gr24_F4JLK2.yaml	1050	1050	0	0	1	75.168	22081	81920	26.95	98	73	True	147.65
gr24_F4JLK2.yaml	1050	1050	0	0	1	75.697	22081	81920	26.95	98	73	True	147.65
gr24_F4JLK2.yaml	1050	1050	0	0	1	76.229	22081	81920	26.95	99	73	True	147.65
gr24_F4JLK2.yaml	1050	1050	0	0	1	76.764	22081	81920	26.95	98	74	True	147.65
gr24_F4JLK2.yaml	1050	1050	0	0	1	77.296	22081	81920	26.95	99	74	True	147.65
gr24_F4JLK2.yaml	1050	1050	0	0	1	77.824	22081	81920	26.95	98	74	True	147.65
gr24_F4JLK2.yaml	1050	1050	0	0	1	78.354	22081	81920	26.95	98	74	True	147.65
gr24_F4JLK2.yaml	1050	1050	0	0	1	78.887	22081	81920	26.95	98	74	True	147.65
gr24_F4JLK2.yaml	1050	1050	0	0	1	79.414	22081	81920	26.95	98	74	True	147.65
gr24_F4JLK2.yaml	1050	1050	0	0	1	79.943	22081	81920	26.95	98	74	True	147.65
gr24_F4JLK2.yaml	1050	1050	0	0	1	80.475	22081	81920	26.95	98	74	True	147.65
gr24_F4JLK2.yaml	1050	1050	0	0	1	81.005	22081	81920	26.95	99	74	True	147.65
gr24_F4JLK2.yaml	1050	1050	0	0	1	81.537	22081	81920	26.95	98	74	True	147.65
gr24_F4JLK2.yaml	1050	1050	0	0	1	82.068	22081	81920	26.95	98	74	True	147.65
gr24_F4JLK2.yaml	1050	1050	0	0	1	82.597	22081	81920	26.95	98	74	True	147.65
gr24_F4JLK2.yaml	1050	1050	0	0	1	83.126	22081	81920	26.95	98	74	True	147.65
gr24_F4JLK2.yaml	1050	1050	0	0	1	83.656	22081	81920	26.95	98	75	True	147.65
gr24_F4JLK2.yaml	1050	1050	0	0	1	84.188	22081	81920	26.95	98	75	True	147.65
gr24_F4JLK2.yaml	1050	1050	0	0	1	84.716	22081	81920	26.95	99	75	True	147.65
gr24_F4JLK2.yaml	1050	1050	0	0	1	85.249	22081	81920	26.95	98	75	True	147.65
gr24_F4JLK2.yaml	1050	1050	0	0	1	85.78	22081	81920	26.95	98	75	True	147.65
gr24_F4JLK2.yaml	1050	1050	0	0	1	86.309	22081	81920	26.95	98	75	True	147.65
gr24_F4JLK2.yaml	1050	1050	0	0	1	86.839	22081	81920	26.95	98	74	True	147.65
gr24_F4JLK2.yaml	1050	1050	0	0	1	87.369	22081	81920	26.95	98	75	True	147.65
gr24_F4JLK2.yaml	1050	1050	0	0	1	87.903	22081	81920	26.95	98	75	True	147.65
gr24_F4JLK2.yaml	1050	1050	0	0	1	88.44	22081	81920	26.95	99	75	True	147.65
gr24_F4JLK2.yaml	1050	1050	0	0	1	88.975	22081	81920	26.95	98	75	True	147.65
gr24_F4JLK2.yaml	1050	1050	0	0	1	89.505	22081	81920	26.95	98	75	True	147.65
gr24_F4JLK2.yaml	1050	1050	0	0	1	90.033	22081	81920	26.95	98	75	True	147.65
gr24_F4JLK2.yaml	1050	1050	0	0	1	90.563	22081	81920	26.95	98	75	True	147.65
gr24_F4JLK2.yaml	1050	1050	0	0	1	91.092	22081	81920	26.95	98	74	True	147.65
gr24_F4JLK2.yaml	1050	1050	0	0	1	91.624	22081	81920	26.95	98	75	True	147.65
gr24_F4JLK2.yaml	1050	1050	0	0	1	92.154	22081	81920	26.95	99	74	True	147.65
gr24_F4JLK2.yaml	1050	1050	0	0	1	92.686	22081	81920	26.95	98	75	True	147.65
gr24_F4JLK2.yaml	1050	1050	0	0	1	93.219	22081	81920	26.95	99	75	True	147.65
gr24_F4JLK2.yaml	1050	1050	0	0	1	93.754	22081	81920	26.95	98	75	True	147.65
gr24_F4JLK2.yaml	1050	1050	0	0	1	94.288	22081	81920	26.95	98	75	True	147.65
gr24_F4JLK2.yaml	1050	1050	0	0	1	94.817	22081	81920	26.95	98	75	True	147.65
gr24_F4JLK2.yaml	1050	1050	0	0	1	95.345	22081	81920	26.95	98	75	True	147.65
gr24_F4JLK2.yaml	1050	1050	0	0	1	95.873	22081	81920	26.95	99	75	True	147.65
gr24_F4JLK2.yaml	1050	1050	0	0	1	96.404	22085	81920	26.96	100	74	True	147.65
gr24_F4JLK2.yaml	1050	1050	0	0	1	96.936	22085	81920	26.96	57	73	True	147.65
gr24_F4JLK2.yaml	1050	1050	0	0	1	97.467	22085	81920	26.96	4	66	True	147.65
gr24_F4JLK2.yaml	1050	1050	0	0	1	97.995	22085	81920	26.96	2	64	True	147.65
gr24_F4JLK2.yaml	1050	1050	0	0	1	98.525	22085	81920	26.96	8	62	True	147.65
gr24_F4JLK2.yaml	1050	1050	0	0	1	99.06	22085	81920	26.96	7	60	True	147.65
gr24_F4JLK2.yaml	1050	1050	0	0	1	99.589	559	81920	0.68	98	59	True	147.65
gr24_F4JLK2.yaml	1050	1050	0	0	1	100.12	559	81920	0.68	90	57	True	147.65
gr24_F4JLK2.yaml	1050	1050	0	0	1	100.65	559	81920	0.68	0	56	True	147.65
gr24_F4JLK2.yaml	1050	1050	0	0	1	101.18	559	81920	0.68	0	55	True	147.65
gr24_F4JLK2.yaml	1050	1050	0	0	1	101.708	559	81920	0.68	0	54	True	147.65
gr24_F4JLK2.yaml	1050	1050	0	0	1	102.257	559	81920	0.68	0	53	True	147.65
gr24_F4JLK2.yaml	1050	1050	0	0	1	102.783	559	81920	0.68	0	53	True	147.65
gr24_F4JLK2.yaml	1050	1050	0	0	1	103.299	559	81920	0.68	0	52	True	147.65
gr24_F4JLK2.yaml	1050	1050	0	0	1	103.818	559	81920	0.68	0	51	True	147.65
gr24_F4JLK2.yaml	1050	1050	0	0	1	104.337	559	81920	0.68	0	51	True	147.65
gr24_F4JLK2.yaml	1050	1050	0	0	1	104.855	559	81920	0.68	0	50	True	147.65
gr24_F4JLK2.yaml	1050	1050	0	0	1	105.388	559	81920	0.68	0	50	True	147.65
gr24_F4JLK2.yaml	1050	1050	0	0	1	105.919	559	81920	0.68	0	49	True	147.65
gr24_F4JLK2.yaml	1050	1050	0	0	1	106.454	559	81920	0.68	0	49	True	147.65
gr24_F4JLK2.yaml	1050	1050	0	0	1	106.975	559	81920	0.68	0	49	True	147.65
gr24_F4JLK2.yaml	1050	1050	0	0	1	107.492	559	81920	0.68	0	48	True	147.65
gr24_F4JLK2.yaml	1050	1050	0	0	1	108.008	559	81920	0.68	0	48	True	147.65
gr24_F4JLK2.yaml	1050	1050	0	0	1	108.524	559	81920	0.68	0	48	True	147.65
gr24_F4JLK2.yaml	1050	1050	0	0	1	109.04	559	81920	0.68	0	48	True	147.65
gr24_F4JLK2.yaml	1050	1050	0	0	1	109.555	559	81920	0.68	0	47	True	147.65
gr24_F4JLK2.yaml	1050	1050	0	0	1	110.094	559	81920	0.68	0	47	True	147.65
gr24_F4JLK2.yaml	1050	1050	0	0	1	110.619	559	81920	0.68	0	47	True	147.65
gr24_F4JLK2.yaml	1050	1050	0	0	1	111.153	559	81920	0.68	0	47	True	147.65
gr24_F4JLK2.yaml	1050	1050	0	0	1	111.669	559	81920	0.68	0	47	True	147.65
gr24_F4JLK2.yaml	1050	1050	0	0	1	112.187	559	81920	0.68	0	46	True	147.65
gr24_F4JLK2.yaml	1050	1050	0	0	1	112.703	559	81920	0.68	0	46	True	147.65
gr24_F4JLK2.yaml	1050	1050	0	0	1	113.222	559	81920	0.68	0	46	True	147.65
gr24_F4JLK2.yaml	1050	1050	0	0	1	113.738	559	81920	0.68	0	46	True	147.65
gr24_F4JLK2.yaml	1050	1050	0	0	1	114.261	559	81920	0.68	0	46	True	147.65
gr24_F4JLK2.yaml	1050	1050	0	0	1	114.776	559	81920	0.68	0	46	True	147.65
gr24_F4JLK2.yaml	1050	1050	0	0	1	115.292	559	81920	0.68	0	46	True	147.65
gr24_F4JLK2.yaml	1050	1050	0	0	1	115.809	559	81920	0.68	0	46	True	147.65
gr24_F4JLK2.yaml	1050	1050	0	0	1	116.331	559	81920	0.68	0	46	True	147.65
gr24_F4JLK2.yaml	1050	1050	0	0	1	116.847	559	81920	0.68	0	46	True	147.65
gr24_F4JLK2.yaml	1050	1050	0	0	1	117.361	559	81920	0.68	0	45	True	147.65
gr24_F4JLK2.yaml	1050	1050	0	0	1	117.9	559	81920	0.68	0	45	True	147.65
gr24_F4JLK2.yaml	1050	1050	0	0	1	118.428	559	81920	0.68	0	45	True	147.65
gr24_F4JLK2.yaml	1050	1050	0	0	1	118.956	559	81920	0.68	0	45	True	147.65
gr24_F4JLK2.yaml	1050	1050	0	0	1	119.472	559	81920	0.68	0	45	True	147.65
gr24_F4JLK2.yaml	1050	1050	0	0	1	120.001	559	81920	0.68	0	45	True	147.65
gr24_F4JLK2.yaml	1050	1050	0	0	1	120.52	559	81920	0.68	0	45	True	147.65
gr24_F4JLK2.yaml	1050	1050	0	0	1	121.037	559	81920	0.68	0	45	True	147.65
gr24_F4JLK2.yaml	1050	1050	0	0	1	121.56	559	81920	0.68	0	45	True	147.65
gr24_F4JLK2.yaml	1050	1050	0	0	1	122.083	559	81920	0.68	0	45	True	147.65
gr24_F4JLK2.yaml	1050	1050	0	0	1	122.6	559	81920	0.68	0	45	True	147.65
gr24_F4JLK2.yaml	1050	1050	0	0	1	123.115	559	81920	0.68	0	45	True	147.65
gr24_F4JLK2.yaml	1050	1050	0	0	1	123.631	559	81920	0.68	0	45	True	147.65
gr24_F4JLK2.yaml	1050	1050	0	0	1	124.15	559	81920	0.68	0	45	True	147.65
gr24_F4JLK2.yaml	1050	1050	0	0	1	124.676	875	81920	1.07	0	45	True	147.65
gr24_F4JLK2.yaml	1050	1050	0	0	1	125.193	2699	81920	3.29	17	45	True	147.65
gr24_F4JLK2.yaml	1050	1050	0	0	1	125.709	2699	81920	3.29	0	45	True	147.65
gr24_F4JLK2.yaml	1050	1050	0	0	1	126.227	6079	81920	7.42	0	45	True	147.65
gr24_F4JLK2.yaml	1050	1050	0	0	1	126.754	6941	81920	8.47	100	52	True	147.65
gr24_F4JLK2.yaml	1050	1050	0	0	1	127.299	6941	81920	8.47	100	56	True	147.65
gr24_F4JLK2.yaml	1050	1050	0	0	1	127.829	6941	81920	8.47	100	58	True	147.65
gr24_F4JLK2.yaml	1050	1050	0	0	1	128.362	6941	81920	8.47	100	60	True	147.65
gr24_F4JLK2.yaml	1050	1050	0	0	1	128.903	6941	81920	8.47	100	61	True	147.65
gr24_F4JLK2.yaml	1050	1050	0	0	1	129.437	6941	81920	8.47	100	63	True	147.65
gr24_F4JLK2.yaml	1050	1050	0	0	1	129.969	6941	81920	8.47	94	65	True	147.65
gr24_F4JLK2.yaml	1050	1050	0	0	1	130.501	6941	81920	8.47	98	67	True	147.65
gr24_F4JLK2.yaml	1050	1050	0	0	1	131.034	6941	81920	8.47	98	68	True	147.65
gr24_F4JLK2.yaml	1050	1050	0	0	1	131.566	6941	81920	8.47	98	69	True	147.65
gr24_F4JLK2.yaml	1050	1050	0	0	1	132.093	6941	81920	8.47	98	70	True	147.65
gr24_F4JLK2.yaml	1050	1050	0	0	1	132.623	6941	81920	8.47	98	71	True	147.65
gr24_F4JLK2.yaml	1050	1050	0	0	1	133.154	6941	81920	8.47	98	71	True	147.65
gr24_F4JLK2.yaml	1050	1050	0	0	1	133.683	6941	81920	8.47	98	72	True	147.65
gr24_F4JLK2.yaml	1050	1050	0	0	1	134.214	6941	81920	8.47	97	73	True	147.65
gr24_F4JLK2.yaml	1050	1050	0	0	1	134.746	6941	81920	8.47	98	73	True	147.65
gr24_F4JLK2.yaml	1050	1050	0	0	1	135.276	6941	81920	8.47	98	74	True	147.65
gr24_F4JLK2.yaml	1050	1050	0	0	1	135.81	6941	81920	8.47	98	74	True	147.65
gr24_F4JLK2.yaml	1050	1050	0	0	1	136.338	6941	81920	8.47	98	74	True	147.65
gr24_F4JLK2.yaml	1050	1050	0	0	1	136.867	6941	81920	8.47	97	75	True	147.65
gr24_F4JLK2.yaml	1050	1050	0	0	1	137.391	6941	81920	8.47	98	75	True	147.65
gr24_F4JLK2.yaml	1050	1050	0	0	1	137.912	6941	81920	8.47	98	75	True	147.65
gr24_F4JLK2.yaml	1050	1050	0	0	1	138.439	6941	81920	8.47	98	75	True	147.65
gr24_F4JLK2.yaml	1050	1050	0	0	1	138.97	6941	81920	8.47	98	75	True	147.65
gr24_F4JLK2.yaml	1050	1050	0	0	1	139.504	6941	81920	8.47	98	75	True	147.65
gr24_F4JLK2.yaml	1050	1050	0	0	1	140.034	6941	81920	8.47	98	75	True	147.65
gr24_F4JLK2.yaml	1050	1050	0	0	1	140.56	6941	81920	8.47	98	76	True	147.65
gr24_F4JLK2.yaml	1050	1050	0	0	1	141.091	6941	81920	8.47	97	75	True	147.65
gr24_F4JLK2.yaml	1050	1050	0	0	1	141.625	6941	81920	8.47	98	76	True	147.65
gr24_F4JLK2.yaml	1050	1050	0	0	1	142.155	6941	81920	8.47	98	76	True	147.65
gr24_F4JLK2.yaml	1050	1050	0	0	1	142.683	6941	81920	8.47	98	75	True	147.65
gr24_F4JLK2.yaml	1050	1050	0	0	1	143.212	6955	81920	8.49	96	74	True	147.65
gr24_F4JLK2.yaml	1050	1050	0	0	1	143.746	6955	81920	8.49	8	68	True	147.65
gr24_F4JLK2.yaml	1050	1050	0	0	1	144.273	6955	81920	8.49	8	64	True	147.65
gr24_F4JLK2.yaml	1050	1050	0	0	1	144.802	557	81920	0.68	84	62	True	147.65
gr24_F4JLK2.yaml	1050	1050	0	0	1	145.33	557	81920	0.68	0	60	True	147.65
gr24_F4JLK2.yaml	1050	1050	0	0	1	145.859	521	81920	0.64	0	58	True	147.65
gr24_F4JLK2.yaml	1050	1050	0	0	1	146.386	521	81920	0.64	0	57	True	147.65
gr24_F4JLK2.yaml	1050	1050	0	0	1	146.917	521	81920	0.64	0	56	True	147.65
gr24_F4JLK2.yaml	1050	1050	0	0	1	147.437	0	81920	0.0	7	55	True	147.65
gr24_Q9FT70.yaml	1150	1150	0	0	1	0.0	0	81920	0.0	0	54	True	166.37
gr24_Q9FT70.yaml	1150	1150	0	0	1	0.528	0	81920	0.0	0	54	True	166.37
gr24_Q9FT70.yaml	1150	1150	0	0	1	1.058	0	81920	0.0	0	53	True	166.37
gr24_Q9FT70.yaml	1150	1150	0	0	1	1.586	0	81920	0.0	0	51	True	166.37
gr24_Q9FT70.yaml	1150	1150	0	0	1	2.114	0	81920	0.0	0	49	True	166.37
gr24_Q9FT70.yaml	1150	1150	0	0	1	2.643	0	81920	0.0	0	48	True	166.37
gr24_Q9FT70.yaml	1150	1150	0	0	1	3.176	0	81920	0.0	0	47	True	166.37
gr24_Q9FT70.yaml	1150	1150	0	0	1	3.7	0	81920	0.0	0	47	True	166.37
gr24_Q9FT70.yaml	1150	1150	0	0	1	4.229	0	81920	0.0	0	46	True	166.37
gr24_Q9FT70.yaml	1150	1150	0	0	1	4.759	0	81920	0.0	0	45	True	166.37
gr24_Q9FT70.yaml	1150	1150	0	0	1	5.286	0	81920	0.0	0	45	True	166.37
gr24_Q9FT70.yaml	1150	1150	0	0	1	5.816	0	81920	0.0	0	44	True	166.37
gr24_Q9FT70.yaml	1150	1150	0	0	1	6.34	0	81920	0.0	0	44	True	166.37
gr24_Q9FT70.yaml	1150	1150	0	0	1	6.861	0	81920	0.0	0	43	True	166.37
gr24_Q9FT70.yaml	1150	1150	0	0	1	7.388	0	81920	0.0	0	43	True	166.37
gr24_Q9FT70.yaml	1150	1150	0	0	1	7.92	0	81920	0.0	0	42	True	166.37
gr24_Q9FT70.yaml	1150	1150	0	0	1	8.452	0	81920	0.0	0	42	True	166.37
gr24_Q9FT70.yaml	1150	1150	0	0	1	8.982	0	81920	0.0	0	42	True	166.37
gr24_Q9FT70.yaml	1150	1150	0	0	1	9.512	0	81920	0.0	0	42	True	166.37
gr24_Q9FT70.yaml	1150	1150	0	0	1	10.044	0	81920	0.0	0	41	True	166.37
gr24_Q9FT70.yaml	1150	1150	0	0	1	10.576	0	81920	0.0	0	41	True	166.37
gr24_Q9FT70.yaml	1150	1150	0	0	1	11.106	0	81920	0.0	0	41	True	166.37
gr24_Q9FT70.yaml	1150	1150	0	0	1	11.634	0	81920	0.0	0	41	True	166.37
gr24_Q9FT70.yaml	1150	1150	0	0	1	12.167	0	81920	0.0	0	41	True	166.37
gr24_Q9FT70.yaml	1150	1150	0	0	1	12.698	0	81920	0.0	0	40	True	166.37
gr24_Q9FT70.yaml	1150	1150	0	0	1	13.218	0	81920	0.0	0	40	True	166.37
gr24_Q9FT70.yaml	1150	1150	0	0	1	13.741	0	81920	0.0	0	40	True	166.37
gr24_Q9FT70.yaml	1150	1150	0	0	1	14.267	0	81920	0.0	0	40	True	166.37
gr24_Q9FT70.yaml	1150	1150	0	0	1	14.787	0	81920	0.0	0	40	True	166.37
gr24_Q9FT70.yaml	1150	1150	0	0	1	15.306	0	81920	0.0	0	40	True	166.37
gr24_Q9FT70.yaml	1150	1150	0	0	1	15.834	0	81920	0.0	0	40	True	166.37
gr24_Q9FT70.yaml	1150	1150	0	0	1	16.352	0	81920	0.0	0	40	True	166.37
gr24_Q9FT70.yaml	1150	1150	0	0	1	16.87	0	81920	0.0	0	40	True	166.37
gr24_Q9FT70.yaml	1150	1150	0	0	1	17.388	0	81920	0.0	0	40	True	166.37
gr24_Q9FT70.yaml	1150	1150	0	0	1	17.915	0	81920	0.0	0	40	True	166.37
gr24_Q9FT70.yaml	1150	1150	0	0	1	18.444	0	81920	0.0	0	39	True	166.37
gr24_Q9FT70.yaml	1150	1150	0	0	1	18.962	0	81920	0.0	0	39	True	166.37
gr24_Q9FT70.yaml	1150	1150	0	0	1	19.481	0	81920	0.0	0	39	True	166.37
gr24_Q9FT70.yaml	1150	1150	0	0	1	20.014	0	81920	0.0	0	39	True	166.37
gr24_Q9FT70.yaml	1150	1150	0	0	1	20.533	0	81920	0.0	0	39	True	166.37
gr24_Q9FT70.yaml	1150	1150	0	0	1	21.052	0	81920	0.0	0	39	True	166.37
gr24_Q9FT70.yaml	1150	1150	0	0	1	21.572	0	81920	0.0	0	39	True	166.37
gr24_Q9FT70.yaml	1150	1150	0	0	1	22.092	0	81920	0.0	0	39	True	166.37
gr24_Q9FT70.yaml	1150	1150	0	0	1	22.611	0	81920	0.0	0	39	True	166.37
gr24_Q9FT70.yaml	1150	1150	0	0	1	23.132	0	81920	0.0	0	39	True	166.37
gr24_Q9FT70.yaml	1150	1150	0	0	1	23.662	0	81920	0.0	0	39	True	166.37
gr24_Q9FT70.yaml	1150	1150	0	0	1	24.189	0	81920	0.0	0	39	True	166.37
gr24_Q9FT70.yaml	1150	1150	0	0	1	24.713	0	81920	0.0	0	39	True	166.37
gr24_Q9FT70.yaml	1150	1150	0	0	1	25.241	0	81920	0.0	0	39	True	166.37
gr24_Q9FT70.yaml	1150	1150	0	0	1	25.781	0	81920	0.0	0	39	True	166.37
gr24_Q9FT70.yaml	1150	1150	0	0	1	26.301	0	81920	0.0	0	39	True	166.37
gr24_Q9FT70.yaml	1150	1150	0	0	1	26.818	0	81920	0.0	0	39	True	166.37
gr24_Q9FT70.yaml	1150	1150	0	0	1	27.338	0	81920	0.0	0	39	True	166.37
gr24_Q9FT70.yaml	1150	1150	0	0	1	27.857	0	81920	0.0	0	39	True	166.37
gr24_Q9FT70.yaml	1150	1150	0	0	1	28.382	0	81920	0.0	0	39	True	166.37
gr24_Q9FT70.yaml	1150	1150	0	0	1	28.901	0	81920	0.0	0	39	True	166.37
gr24_Q9FT70.yaml	1150	1150	0	0	1	29.426	0	81920	0.0	0	39	True	166.37
gr24_Q9FT70.yaml	1150	1150	0	0	1	29.944	0	81920	0.0	0	39	True	166.37
gr24_Q9FT70.yaml	1150	1150	0	0	1	30.462	0	81920	0.0	0	39	True	166.37
gr24_Q9FT70.yaml	1150	1150	0	0	1	30.981	0	81920	0.0	0	39	True	166.37
gr24_Q9FT70.yaml	1150	1150	0	0	1	31.502	3	81920	0.0	0	39	True	166.37
gr24_Q9FT70.yaml	1150	1150	0	0	1	32.032	2247	81920	2.74	15	40	True	166.37
gr24_Q9FT70.yaml	1150	1150	0	0	1	32.554	2609	81920	3.18	0	40	True	166.37
gr24_Q9FT70.yaml	1150	1150	0	0	1	33.08	2609	81920	3.18	0	41	True	166.37
gr24_Q9FT70.yaml	1150	1150	0	0	1	33.608	2609	81920	3.18	0	41	True	166.37
gr24_Q9FT70.yaml	1150	1150	0	0	1	34.136	2609	81920	3.18	0	41	True	166.37
gr24_Q9FT70.yaml	1150	1150	0	0	1	34.665	2609	81920	3.18	0	41	True	166.37
gr24_Q9FT70.yaml	1150	1150	0	0	1	35.193	2609	81920	3.18	0	41	True	166.37
gr24_Q9FT70.yaml	1150	1150	0	0	1	35.725	2609	81920	3.18	0	42	True	166.37
gr24_Q9FT70.yaml	1150	1150	0	0	1	36.253	2609	81920	3.18	0	42	True	166.37
gr24_Q9FT70.yaml	1150	1150	0	0	1	36.782	2609	81920	3.18	0	42	True	166.37
gr24_Q9FT70.yaml	1150	1150	0	0	1	37.31	2609	81920	3.18	0	42	True	166.37
gr24_Q9FT70.yaml	1150	1150	0	0	1	37.838	2609	81920	3.18	1	42	True	166.37
gr24_Q9FT70.yaml	1150	1150	0	0	1	38.367	3637	81920	4.44	1	42	True	166.37
gr24_Q9FT70.yaml	1150	1150	0	0	1	38.894	3925	81920	4.79	0	42	True	166.37
gr24_Q9FT70.yaml	1150	1150	0	0	1	39.425	8235	81920	10.05	21	43	True	166.37
gr24_Q9FT70.yaml	1150	1150	0	0	1	39.955	8235	81920	10.05	0	43	True	166.37
gr24_Q9FT70.yaml	1150	1150	0	0	1	40.483	8235	81920	10.05	0	42	True	166.37
gr24_Q9FT70.yaml	1150	1150	0	0	1	41.009	8235	81920	10.05	0	43	True	166.37
gr24_Q9FT70.yaml	1150	1150	0	0	1	41.538	8235	81920	10.05	0	43	True	166.37
gr24_Q9FT70.yaml	1150	1150	0	0	1	42.068	8235	81920	10.05	0	43	True	166.37
gr24_Q9FT70.yaml	1150	1150	0	0	1	42.599	24041	81920	29.35	0	43	True	166.37
gr24_Q9FT70.yaml	1150	1150	0	0	1	43.127	24041	81920	29.35	100	50	True	166.37
gr24_Q9FT70.yaml	1150	1150	0	0	1	43.658	29069	81920	35.48	100	54	True	166.37
gr24_Q9FT70.yaml	1150	1150	0	0	1	44.193	29069	81920	35.48	100	56	True	166.37
gr24_Q9FT70.yaml	1150	1150	0	0	1	44.728	29069	81920	35.48	100	58	True	166.37
gr24_Q9FT70.yaml	1150	1150	0	0	1	45.256	29069	81920	35.48	100	60	True	166.37
gr24_Q9FT70.yaml	1150	1150	0	0	1	45.784	29069	81920	35.48	100	61	True	166.37
gr24_Q9FT70.yaml	1150	1150	0	0	1	46.313	29069	81920	35.48	100	62	True	166.37
gr24_Q9FT70.yaml	1150	1150	0	0	1	46.844	29069	81920	35.48	100	63	True	166.37
gr24_Q9FT70.yaml	1150	1150	0	0	1	47.375	29069	81920	35.48	100	64	True	166.37
gr24_Q9FT70.yaml	1150	1150	0	0	1	47.906	29069	81920	35.48	100	65	True	166.37
gr24_Q9FT70.yaml	1150	1150	0	0	1	48.444	29069	81920	35.48	100	66	True	166.37
gr24_Q9FT70.yaml	1150	1150	0	0	1	48.973	29069	81920	35.48	100	66	True	166.37
gr24_Q9FT70.yaml	1150	1150	0	0	1	49.505	29069	81920	35.48	100	67	True	166.37
gr24_Q9FT70.yaml	1150	1150	0	0	1	50.037	29069	81920	35.48	100	68	True	166.37
gr24_Q9FT70.yaml	1150	1150	0	0	1	50.569	29069	81920	35.48	100	68	True	166.37
gr24_Q9FT70.yaml	1150	1150	0	0	1	51.1	29069	81920	35.48	100	68	True	166.37
gr24_Q9FT70.yaml	1150	1150	0	0	1	51.63	29069	81920	35.48	100	68	True	166.37
gr24_Q9FT70.yaml	1150	1150	0	0	1	52.17	29069	81920	35.48	100	69	True	166.37
gr24_Q9FT70.yaml	1150	1150	0	0	1	52.702	29069	81920	35.48	100	69	True	166.37
gr24_Q9FT70.yaml	1150	1150	0	0	1	53.231	29069	81920	35.48	100	70	True	166.37
gr24_Q9FT70.yaml	1150	1150	0	0	1	53.767	29069	81920	35.48	100	70	True	166.37
gr24_Q9FT70.yaml	1150	1150	0	0	1	54.297	29069	81920	35.48	100	69	True	166.37
gr24_Q9FT70.yaml	1150	1150	0	0	1	54.827	29069	81920	35.48	100	70	True	166.37
gr24_Q9FT70.yaml	1150	1150	0	0	1	55.358	29069	81920	35.48	100	70	True	166.37
gr24_Q9FT70.yaml	1150	1150	0	0	1	55.893	29069	81920	35.48	100	71	True	166.37
gr24_Q9FT70.yaml	1150	1150	0	0	1	56.423	29069	81920	35.48	100	71	True	166.37
gr24_Q9FT70.yaml	1150	1150	0	0	1	56.954	29069	81920	35.48	100	71	True	166.37
gr24_Q9FT70.yaml	1150	1150	0	0	1	57.486	29069	81920	35.48	100	71	True	166.37
gr24_Q9FT70.yaml	1150	1150	0	0	1	58.043	29069	81920	35.48	100	71	True	166.37
gr24_Q9FT70.yaml	1150	1150	0	0	1	58.569	29069	81920	35.48	100	71	True	166.37
gr24_Q9FT70.yaml	1150	1150	0	0	1	59.094	29069	81920	35.48	100	72	True	166.37
gr24_Q9FT70.yaml	1150	1150	0	0	1	59.62	29069	81920	35.48	100	72	True	166.37
gr24_Q9FT70.yaml	1150	1150	0	0	1	60.151	29069	81920	35.48	100	72	True	166.37
gr24_Q9FT70.yaml	1150	1150	0	0	1	60.681	29069	81920	35.48	100	72	True	166.37
gr24_Q9FT70.yaml	1150	1150	0	0	1	61.21	29069	81920	35.48	100	72	True	166.37
gr24_Q9FT70.yaml	1150	1150	0	0	1	61.744	29069	81920	35.48	100	72	True	166.37
gr24_Q9FT70.yaml	1150	1150	0	0	1	62.272	29069	81920	35.48	100	72	True	166.37
gr24_Q9FT70.yaml	1150	1150	0	0	1	62.803	29069	81920	35.48	100	72	True	166.37
gr24_Q9FT70.yaml	1150	1150	0	0	1	63.333	29069	81920	35.48	100	73	True	166.37
gr24_Q9FT70.yaml	1150	1150	0	0	1	63.864	29069	81920	35.48	100	73	True	166.37
gr24_Q9FT70.yaml	1150	1150	0	0	1	64.403	29069	81920	35.48	100	73	True	166.37
gr24_Q9FT70.yaml	1150	1150	0	0	1	64.938	29069	81920	35.48	100	72	True	166.37
gr24_Q9FT70.yaml	1150	1150	0	0	1	65.468	29069	81920	35.48	100	72	True	166.37
gr24_Q9FT70.yaml	1150	1150	0	0	1	65.998	29069	81920	35.48	100	72	True	166.37
gr24_Q9FT70.yaml	1150	1150	0	0	1	66.527	29069	81920	35.48	100	72	True	166.37
gr24_Q9FT70.yaml	1150	1150	0	0	1	67.071	29069	81920	35.48	100	73	True	166.37
gr24_Q9FT70.yaml	1150	1150	0	0	1	67.604	29069	81920	35.48	100	73	True	166.37
gr24_Q9FT70.yaml	1150	1150	0	0	1	68.136	29069	81920	35.48	100	73	True	166.37
gr24_Q9FT70.yaml	1150	1150	0	0	1	68.666	29069	81920	35.48	100	73	True	166.37
gr24_Q9FT70.yaml	1150	1150	0	0	1	69.198	29069	81920	35.48	100	73	True	166.37
gr24_Q9FT70.yaml	1150	1150	0	0	1	69.725	29069	81920	35.48	100	73	True	166.37
gr24_Q9FT70.yaml	1150	1150	0	0	1	70.257	29069	81920	35.48	100	73	True	166.37
gr24_Q9FT70.yaml	1150	1150	0	0	1	70.785	29069	81920	35.48	100	73	True	166.37
gr24_Q9FT70.yaml	1150	1150	0	0	1	71.312	29069	81920	35.48	100	73	True	166.37
gr24_Q9FT70.yaml	1150	1150	0	0	1	71.845	29069	81920	35.48	100	73	True	166.37
gr24_Q9FT70.yaml	1150	1150	0	0	1	72.382	29069	81920	35.48	100	74	True	166.37
gr24_Q9FT70.yaml	1150	1150	0	0	1	72.914	29069	81920	35.48	100	74	True	166.37
gr24_Q9FT70.yaml	1150	1150	0	0	1	73.447	29069	81920	35.48	100	74	True	166.37
gr24_Q9FT70.yaml	1150	1150	0	0	1	73.975	29069	81920	35.48	100	73	True	166.37
gr24_Q9FT70.yaml	1150	1150	0	0	1	74.505	29069	81920	35.48	100	73	True	166.37
gr24_Q9FT70.yaml	1150	1150	0	0	1	75.039	29069	81920	35.48	100	73	True	166.37
gr24_Q9FT70.yaml	1150	1150	0	0	1	75.577	29069	81920	35.48	100	73	True	166.37
gr24_Q9FT70.yaml	1150	1150	0	0	1	76.107	29069	81920	35.48	100	73	True	166.37
gr24_Q9FT70.yaml	1150	1150	0	0	1	76.635	29069	81920	35.48	100	73	True	166.37
gr24_Q9FT70.yaml	1150	1150	0	0	1	77.162	29069	81920	35.48	100	73	True	166.37
gr24_Q9FT70.yaml	1150	1150	0	0	1	77.687	29069	81920	35.48	100	73	True	166.37
gr24_Q9FT70.yaml	1150	1150	0	0	1	78.219	29069	81920	35.48	100	73	True	166.37
gr24_Q9FT70.yaml	1150	1150	0	0	1	78.755	29069	81920	35.48	100	74	True	166.37
gr24_Q9FT70.yaml	1150	1150	0	0	1	79.288	29069	81920	35.48	100	74	True	166.37
gr24_Q9FT70.yaml	1150	1150	0	0	1	79.822	29069	81920	35.48	100	74	True	166.37
gr24_Q9FT70.yaml	1150	1150	0	0	1	80.351	29069	81920	35.48	100	74	True	166.37
gr24_Q9FT70.yaml	1150	1150	0	0	1	80.883	29069	81920	35.48	100	74	True	166.37
gr24_Q9FT70.yaml	1150	1150	0	0	1	81.416	29069	81920	35.48	100	74	True	166.37
gr24_Q9FT70.yaml	1150	1150	0	0	1	81.95	29069	81920	35.48	100	74	True	166.37
gr24_Q9FT70.yaml	1150	1150	0	0	1	82.479	29069	81920	35.48	100	74	True	166.37
gr24_Q9FT70.yaml	1150	1150	0	0	1	83.009	29069	81920	35.48	100	74	True	166.37
gr24_Q9FT70.yaml	1150	1150	0	0	1	83.537	29069	81920	35.48	100	74	True	166.37
gr24_Q9FT70.yaml	1150	1150	0	0	1	84.067	29069	81920	35.48	100	74	True	166.37
gr24_Q9FT70.yaml	1150	1150	0	0	1	84.602	29069	81920	35.48	100	74	True	166.37
gr24_Q9FT70.yaml	1150	1150	0	0	1	85.132	29071	81920	35.49	100	72	True	166.37
gr24_Q9FT70.yaml	1150	1150	0	0	1	85.667	29107	81920	35.53	1	71	True	166.37
gr24_Q9FT70.yaml	1150	1150	0	0	1	86.198	29107	81920	35.53	99	73	True	166.37
gr24_Q9FT70.yaml	1150	1150	0	0	1	86.728	29107	81920	35.53	99	74	True	166.37
gr24_Q9FT70.yaml	1150	1150	0	0	1	87.257	29107	81920	35.53	98	74	True	166.37
gr24_Q9FT70.yaml	1150	1150	0	0	1	87.786	29107	81920	35.53	99	74	True	166.37
gr24_Q9FT70.yaml	1150	1150	0	0	1	88.314	29107	81920	35.53	98	74	True	166.37
gr24_Q9FT70.yaml	1150	1150	0	0	1	88.858	29107	81920	35.53	99	74	True	166.37
gr24_Q9FT70.yaml	1150	1150	0	0	1	89.391	29107	81920	35.53	98	75	True	166.37
gr24_Q9FT70.yaml	1150	1150	0	0	1	89.924	29107	81920	35.53	98	75	True	166.37
gr24_Q9FT70.yaml	1150	1150	0	0	1	90.455	29107	81920	35.53	99	75	True	166.37
gr24_Q9FT70.yaml	1150	1150	0	0	1	90.986	29107	81920	35.53	98	75	True	166.37
gr24_Q9FT70.yaml	1150	1150	0	0	1	91.518	29107	81920	35.53	99	75	True	166.37
gr24_Q9FT70.yaml	1150	1150	0	0	1	92.047	29107	81920	35.53	98	75	True	166.37
gr24_Q9FT70.yaml	1150	1150	0	0	1	92.578	29107	81920	35.53	99	75	True	166.37
gr24_Q9FT70.yaml	1150	1150	0	0	1	93.117	29107	81920	35.53	99	75	True	166.37
gr24_Q9FT70.yaml	1150	1150	0	0	1	93.647	29107	81920	35.53	99	75	True	166.37
gr24_Q9FT70.yaml	1150	1150	0	0	1	94.184	29107	81920	35.53	99	75	True	166.37
gr24_Q9FT70.yaml	1150	1150	0	0	1	94.716	29107	81920	35.53	98	75	True	166.37
gr24_Q9FT70.yaml	1150	1150	0	0	1	95.245	29107	81920	35.53	98	75	True	166.37
gr24_Q9FT70.yaml	1150	1150	0	0	1	95.772	29107	81920	35.53	99	75	True	166.37
gr24_Q9FT70.yaml	1150	1150	0	0	1	96.305	29107	81920	35.53	99	75	True	166.37
gr24_Q9FT70.yaml	1150	1150	0	0	1	96.834	29107	81920	35.53	98	75	True	166.37
gr24_Q9FT70.yaml	1150	1150	0	0	1	97.365	29107	81920	35.53	98	75	True	166.37
gr24_Q9FT70.yaml	1150	1150	0	0	1	97.897	29107	81920	35.53	99	75	True	166.37
gr24_Q9FT70.yaml	1150	1150	0	0	1	98.426	29107	81920	35.53	99	75	True	166.37
gr24_Q9FT70.yaml	1150	1150	0	0	1	98.956	29107	81920	35.53	99	75	True	166.37
gr24_Q9FT70.yaml	1150	1150	0	0	1	99.488	29107	81920	35.53	99	75	True	166.37
gr24_Q9FT70.yaml	1150	1150	0	0	1	100.02	29107	81920	35.53	98	75	True	166.37
gr24_Q9FT70.yaml	1150	1150	0	0	1	100.551	29107	81920	35.53	99	75	True	166.37
gr24_Q9FT70.yaml	1150	1150	0	0	1	101.079	29107	81920	35.53	98	75	True	166.37
gr24_Q9FT70.yaml	1150	1150	0	0	1	101.611	29107	81920	35.53	98	75	True	166.37
gr24_Q9FT70.yaml	1150	1150	0	0	1	102.144	29107	81920	35.53	98	76	True	166.37
gr24_Q9FT70.yaml	1150	1150	0	0	1	102.676	29107	81920	35.53	98	75	True	166.37
gr24_Q9FT70.yaml	1150	1150	0	0	1	103.207	29107	81920	35.53	99	75	True	166.37
gr24_Q9FT70.yaml	1150	1150	0	0	1	103.739	29107	81920	35.53	98	75	True	166.37
gr24_Q9FT70.yaml	1150	1150	0	0	1	104.269	29107	81920	35.53	98	75	True	166.37
gr24_Q9FT70.yaml	1150	1150	0	0	1	104.826	29107	81920	35.53	98	75	True	166.37
gr24_Q9FT70.yaml	1150	1150	0	0	1	105.354	29107	81920	35.53	99	75	True	166.37
gr24_Q9FT70.yaml	1150	1150	0	0	1	105.886	29107	81920	35.53	99	75	True	166.37
gr24_Q9FT70.yaml	1150	1150	0	0	1	106.415	29107	81920	35.53	98	75	True	166.37
gr24_Q9FT70.yaml	1150	1150	0	0	1	106.946	29107	81920	35.53	98	75	True	166.37
gr24_Q9FT70.yaml	1150	1150	0	0	1	107.477	29107	81920	35.53	98	76	True	166.37
gr24_Q9FT70.yaml	1150	1150	0	0	1	108.009	29107	81920	35.53	99	75	True	166.37
gr24_Q9FT70.yaml	1150	1150	0	0	1	108.545	29107	81920	35.53	99	75	True	166.37
gr24_Q9FT70.yaml	1150	1150	0	0	1	109.083	29107	81920	35.53	98	75	True	166.37
gr24_Q9FT70.yaml	1150	1150	0	0	1	109.618	29107	81920	35.53	99	75	True	166.37
gr24_Q9FT70.yaml	1150	1150	0	0	1	110.147	29107	81920	35.53	99	75	True	166.37
gr24_Q9FT70.yaml	1150	1150	0	0	1	110.677	29107	81920	35.53	99	75	True	166.37
gr24_Q9FT70.yaml	1150	1150	0	0	1	111.206	29107	81920	35.53	98	75	True	166.37
gr24_Q9FT70.yaml	1150	1150	0	0	1	111.735	29109	81920	35.53	98	75	True	166.37
gr24_Q9FT70.yaml	1150	1150	0	0	1	112.265	29111	81920	35.54	100	75	True	166.37
gr24_Q9FT70.yaml	1150	1150	0	0	1	112.793	29111	81920	35.54	100	72	True	166.37
gr24_Q9FT70.yaml	1150	1150	0	0	1	113.329	29111	81920	35.54	3	67	True	166.37
gr24_Q9FT70.yaml	1150	1150	0	0	1	113.861	29111	81920	35.54	0	64	True	166.37
gr24_Q9FT70.yaml	1150	1150	0	0	1	114.391	29111	81920	35.54	7	62	True	166.37
gr24_Q9FT70.yaml	1150	1150	0	0	1	114.922	29111	81920	35.54	7	60	True	166.37
gr24_Q9FT70.yaml	1150	1150	0	0	1	115.451	559	81920	0.68	8	59	True	166.37
gr24_Q9FT70.yaml	1150	1150	0	0	1	115.981	559	81920	0.68	100	58	True	166.37
gr24_Q9FT70.yaml	1150	1150	0	0	1	116.51	559	81920	0.68	0	57	True	166.37
gr24_Q9FT70.yaml	1150	1150	0	0	1	117.042	559	81920	0.68	0	56	True	166.37
gr24_Q9FT70.yaml	1150	1150	0	0	1	117.574	559	81920	0.68	0	55	True	166.37
gr24_Q9FT70.yaml	1150	1150	0	0	1	118.093	559	81920	0.68	0	54	True	166.37
gr24_Q9FT70.yaml	1150	1150	0	0	1	118.611	559	81920	0.68	0	53	True	166.37
gr24_Q9FT70.yaml	1150	1150	0	0	1	119.131	559	81920	0.68	0	53	True	166.37
gr24_Q9FT70.yaml	1150	1150	0	0	1	119.65	559	81920	0.68	0	52	True	166.37
gr24_Q9FT70.yaml	1150	1150	0	0	1	120.182	559	81920	0.68	0	52	True	166.37
gr24_Q9FT70.yaml	1150	1150	0	0	1	120.707	559	81920	0.68	0	51	True	166.37
gr24_Q9FT70.yaml	1150	1150	0	0	1	121.222	559	81920	0.68	0	51	True	166.37
gr24_Q9FT70.yaml	1150	1150	0	0	1	121.755	559	81920	0.68	0	50	True	166.37
gr24_Q9FT70.yaml	1150	1150	0	0	1	122.278	559	81920	0.68	0	50	True	166.37
gr24_Q9FT70.yaml	1150	1150	0	0	1	122.794	559	81920	0.68	0	49	True	166.37
gr24_Q9FT70.yaml	1150	1150	0	0	1	123.309	559	81920	0.68	0	49	True	166.37
gr24_Q9FT70.yaml	1150	1150	0	0	1	123.851	559	81920	0.68	0	49	True	166.37
gr24_Q9FT70.yaml	1150	1150	0	0	1	124.407	559	81920	0.68	0	49	True	166.37
gr24_Q9FT70.yaml	1150	1150	0	0	1	124.928	559	81920	0.68	0	48	True	166.37
gr24_Q9FT70.yaml	1150	1150	0	0	1	125.461	559	81920	0.68	0	48	True	166.37
gr24_Q9FT70.yaml	1150	1150	0	0	1	125.989	559	81920	0.68	0	48	True	166.37
gr24_Q9FT70.yaml	1150	1150	0	0	1	126.524	559	81920	0.68	0	48	True	166.37
gr24_Q9FT70.yaml	1150	1150	0	0	1	127.041	559	81920	0.68	0	48	True	166.37
gr24_Q9FT70.yaml	1150	1150	0	0	1	127.56	559	81920	0.68	0	47	True	166.37
gr24_Q9FT70.yaml	1150	1150	0	0	1	128.077	559	81920	0.68	0	47	True	166.37
gr24_Q9FT70.yaml	1150	1150	0	0	1	128.593	559	81920	0.68	0	47	True	166.37
gr24_Q9FT70.yaml	1150	1150	0	0	1	129.11	559	81920	0.68	0	47	True	166.37
gr24_Q9FT70.yaml	1150	1150	0	0	1	129.626	559	81920	0.68	0	47	True	166.37
gr24_Q9FT70.yaml	1150	1150	0	0	1	130.142	559	81920	0.68	0	47	True	166.37
gr24_Q9FT70.yaml	1150	1150	0	0	1	130.679	559	81920	0.68	0	47	True	166.37
gr24_Q9FT70.yaml	1150	1150	0	0	1	131.208	559	81920	0.68	0	47	True	166.37
gr24_Q9FT70.yaml	1150	1150	0	0	1	131.736	559	81920	0.68	0	47	True	166.37
gr24_Q9FT70.yaml	1150	1150	0	0	1	132.261	559	81920	0.68	0	47	True	166.37
gr24_Q9FT70.yaml	1150	1150	0	0	1	132.778	559	81920	0.68	0	47	True	166.37
gr24_Q9FT70.yaml	1150	1150	0	0	1	133.295	559	81920	0.68	0	46	True	166.37
gr24_Q9FT70.yaml	1150	1150	0	0	1	133.81	559	81920	0.68	0	46	True	166.37
gr24_Q9FT70.yaml	1150	1150	0	0	1	134.331	559	81920	0.68	0	46	True	166.37
gr24_Q9FT70.yaml	1150	1150	0	0	1	134.853	559	81920	0.68	0	46	True	166.37
gr24_Q9FT70.yaml	1150	1150	0	0	1	135.388	559	81920	0.68	0	46	True	166.37
gr24_Q9FT70.yaml	1150	1150	0	0	1	135.904	559	81920	0.68	0	46	True	166.37
gr24_Q9FT70.yaml	1150	1150	0	0	1	136.422	559	81920	0.68	0	46	True	166.37
gr24_Q9FT70.yaml	1150	1150	0	0	1	136.944	559	81920	0.68	0	46	True	166.37
gr24_Q9FT70.yaml	1150	1150	0	0	1	137.466	559	81920	0.68	0	46	True	166.37
gr24_Q9FT70.yaml	1150	1150	0	0	1	137.982	559	81920	0.68	0	46	True	166.37
gr24_Q9FT70.yaml	1150	1150	0	0	1	138.501	559	81920	0.68	0	46	True	166.37
gr24_Q9FT70.yaml	1150	1150	0	0	1	139.031	559	81920	0.68	0	46	True	166.37
gr24_Q9FT70.yaml	1150	1150	0	0	1	139.56	559	81920	0.68	0	46	True	166.37
gr24_Q9FT70.yaml	1150	1150	0	0	1	140.078	559	81920	0.68	0	46	True	166.37
gr24_Q9FT70.yaml	1150	1150	0	0	1	140.594	559	81920	0.68	0	46	True	166.37
gr24_Q9FT70.yaml	1150	1150	0	0	1	141.123	559	81920	0.68	0	46	True	166.37
gr24_Q9FT70.yaml	1150	1150	0	0	1	141.644	559	81920	0.68	0	46	True	166.37
gr24_Q9FT70.yaml	1150	1150	0	0	1	142.181	559	81920	0.68	0	46	True	166.37
gr24_Q9FT70.yaml	1150	1150	0	0	1	142.756	2561	81920	3.13	11	46	True	166.37
gr24_Q9FT70.yaml	1150	1150	0	0	1	143.273	2699	81920	3.29	0	46	True	166.37
gr24_Q9FT70.yaml	1150	1150	0	0	1	143.793	2699	81920	3.29	0	46	True	166.37
gr24_Q9FT70.yaml	1150	1150	0	0	1	144.314	2699	81920	3.29	0	46	True	166.37
gr24_Q9FT70.yaml	1150	1150	0	0	1	144.837	10011	81920	12.22	100	52	True	166.37
gr24_Q9FT70.yaml	1150	1150	0	0	1	145.366	10011	81920	12.22	100	56	True	166.37
gr24_Q9FT70.yaml	1150	1150	0	0	1	145.886	10011	81920	12.22	100	59	True	166.37
gr24_Q9FT70.yaml	1150	1150	0	0	1	146.419	10011	81920	12.22	100	61	True	166.37
gr24_Q9FT70.yaml	1150	1150	0	0	1	146.947	10011	81920	12.22	100	62	True	166.37
gr24_Q9FT70.yaml	1150	1150	0	0	1	147.466	10011	81920	12.22	100	64	True	166.37
gr24_Q9FT70.yaml	1150	1150	0	0	1	147.989	10011	81920	12.22	100	65	True	166.37
gr24_Q9FT70.yaml	1150	1150	0	0	1	148.511	10011	81920	12.22	95	67	True	166.37
gr24_Q9FT70.yaml	1150	1150	0	0	1	149.036	10011	81920	12.22	98	68	True	166.37
gr24_Q9FT70.yaml	1150	1150	0	0	1	149.563	10011	81920	12.22	98	70	True	166.37
gr24_Q9FT70.yaml	1150	1150	0	0	1	150.091	10011	81920	12.22	98	71	True	166.37
gr24_Q9FT70.yaml	1150	1150	0	0	1	150.623	10011	81920	12.22	98	72	True	166.37
gr24_Q9FT70.yaml	1150	1150	0	0	1	151.153	10011	81920	12.22	98	73	True	166.37
gr24_Q9FT70.yaml	1150	1150	0	0	1	151.682	10011	81920	12.22	98	73	True	166.37
gr24_Q9FT70.yaml	1150	1150	0	0	1	152.211	10011	81920	12.22	98	74	True	166.37
gr24_Q9FT70.yaml	1150	1150	0	0	1	152.739	10011	81920	12.22	98	74	True	166.37
gr24_Q9FT70.yaml	1150	1150	0	0	1	153.266	10011	81920	12.22	98	75	True	166.37
gr24_Q9FT70.yaml	1150	1150	0	0	1	153.793	10011	81920	12.22	98	74	True	166.37
gr24_Q9FT70.yaml	1150	1150	0	0	1	154.323	10011	81920	12.22	98	75	True	166.37
gr24_Q9FT70.yaml	1150	1150	0	0	1	154.858	10011	81920	12.22	97	76	True	166.37
gr24_Q9FT70.yaml	1150	1150	0	0	1	155.389	10011	81920	12.22	98	76	True	166.37
gr24_Q9FT70.yaml	1150	1150	0	0	1	155.92	10011	81920	12.22	98	76	True	166.37
gr24_Q9FT70.yaml	1150	1150	0	0	1	156.454	10011	81920	12.22	98	76	True	166.37
gr24_Q9FT70.yaml	1150	1150	0	0	1	156.984	10011	81920	12.22	98	76	True	166.37
gr24_Q9FT70.yaml	1150	1150	0	0	1	157.511	10011	81920	12.22	98	76	True	166.37
gr24_Q9FT70.yaml	1150	1150	0	0	1	158.04	10011	81920	12.22	98	76	True	166.37
gr24_Q9FT70.yaml	1150	1150	0	0	1	158.57	10011	81920	12.22	98	77	True	166.37
gr24_Q9FT70.yaml	1150	1150	0	0	1	159.102	10011	81920	12.22	98	76	True	166.37
gr24_Q9FT70.yaml	1150	1150	0	0	1	159.63	10011	81920	12.22	98	76	True	166.37
gr24_Q9FT70.yaml	1150	1150	0	0	1	160.162	10011	81920	12.22	98	77	True	166.37
gr24_Q9FT70.yaml	1150	1150	0	0	1	160.692	10011	81920	12.22	98	76	True	166.37
gr24_Q9FT70.yaml	1150	1150	0	0	1	161.221	10011	81920	12.22	98	77	True	166.37
gr24_Q9FT70.yaml	1150	1150	0	0	1	161.749	10019	81920	12.23	98	76	True	166.37
gr24_Q9FT70.yaml	1150	1150	0	0	1	162.28	10025	81920	12.24	96	72	True	166.37
gr24_Q9FT70.yaml	1150	1150	0	0	1	162.81	10025	81920	12.24	9	67	True	166.37
gr24_Q9FT70.yaml	1150	1150	0	0	1	163.342	557	81920	0.68	8	64	True	166.37
gr24_Q9FT70.yaml	1150	1150	0	0	1	163.869	557	81920	0.68	7	62	True	166.37
gr24_Q9FT70.yaml	1150	1150	0	0	1	164.398	557	81920	0.68	0	60	True	166.37
gr24_Q9FT70.yaml	1150	1150	0	0	1	164.926	521	81920	0.64	0	59	True	166.37
gr24_Q9FT70.yaml	1150	1150	0	0	1	165.453	521	81920	0.64	0	57	True	166.37
gr24_Q9FT70.yaml	1150	1150	0	0	1	165.984	0	81920	0.0	1	56	True	166.37
gr24_Q9SX33.yaml	1200	1200	0	0	1	0.0	0	81920	0.0	7	55	True	171.01
gr24_Q9SX33.yaml	1200	1200	0	0	1	0.547	0	81920	0.0	0	54	True	171.01
gr24_Q9SX33.yaml	1200	1200	0	0	1	1.079	0	81920	0.0	0	54	True	171.01
gr24_Q9SX33.yaml	1200	1200	0	0	1	1.609	0	81920	0.0	0	51	True	171.01
gr24_Q9SX33.yaml	1200	1200	0	0	1	2.139	0	81920	0.0	0	50	True	171.01
gr24_Q9SX33.yaml	1200	1200	0	0	1	2.669	0	81920	0.0	0	49	True	171.01
gr24_Q9SX33.yaml	1200	1200	0	0	1	3.199	0	81920	0.0	0	48	True	171.01
gr24_Q9SX33.yaml	1200	1200	0	0	1	3.726	0	81920	0.0	0	47	True	171.01
gr24_Q9SX33.yaml	1200	1200	0	0	1	4.251	0	81920	0.0	0	46	True	171.01
gr24_Q9SX33.yaml	1200	1200	0	0	1	4.776	0	81920	0.0	0	46	True	171.01
gr24_Q9SX33.yaml	1200	1200	0	0	1	5.306	0	81920	0.0	0	45	True	171.01
gr24_Q9SX33.yaml	1200	1200	0	0	1	5.836	0	81920	0.0	0	45	True	171.01
gr24_Q9SX33.yaml	1200	1200	0	0	1	6.356	0	81920	0.0	0	44	True	171.01
gr24_Q9SX33.yaml	1200	1200	0	0	1	6.876	0	81920	0.0	0	44	True	171.01
gr24_Q9SX33.yaml	1200	1200	0	0	1	7.402	0	81920	0.0	0	43	True	171.01
gr24_Q9SX33.yaml	1200	1200	0	0	1	7.93	0	81920	0.0	0	43	True	171.01
gr24_Q9SX33.yaml	1200	1200	0	0	1	8.459	0	81920	0.0	0	43	True	171.01
gr24_Q9SX33.yaml	1200	1200	0	0	1	8.988	0	81920	0.0	0	42	True	171.01
gr24_Q9SX33.yaml	1200	1200	0	0	1	9.518	0	81920	0.0	0	42	True	171.01
gr24_Q9SX33.yaml	1200	1200	0	0	1	10.045	0	81920	0.0	0	42	True	171.01
gr24_Q9SX33.yaml	1200	1200	0	0	1	10.578	0	81920	0.0	0	42	True	171.01
gr24_Q9SX33.yaml	1200	1200	0	0	1	11.109	0	81920	0.0	0	41	True	171.01
gr24_Q9SX33.yaml	1200	1200	0	0	1	11.638	0	81920	0.0	0	41	True	171.01
gr24_Q9SX33.yaml	1200	1200	0	0	1	12.17	0	81920	0.0	0	41	True	171.01
gr24_Q9SX33.yaml	1200	1200	0	0	1	12.703	0	81920	0.0	0	41	True	171.01
gr24_Q9SX33.yaml	1200	1200	0	0	1	13.235	0	81920	0.0	0	41	True	171.01
gr24_Q9SX33.yaml	1200	1200	0	0	1	13.76	0	81920	0.0	0	41	True	171.01
gr24_Q9SX33.yaml	1200	1200	0	0	1	14.278	0	81920	0.0	0	40	True	171.01
gr24_Q9SX33.yaml	1200	1200	0	0	1	14.796	0	81920	0.0	0	40	True	171.01
gr24_Q9SX33.yaml	1200	1200	0	0	1	15.326	0	81920	0.0	0	40	True	171.01
gr24_Q9SX33.yaml	1200	1200	0	0	1	15.85	0	81920	0.0	0	40	True	171.01
gr24_Q9SX33.yaml	1200	1200	0	0	1	16.367	0	81920	0.0	0	40	True	171.01
gr24_Q9SX33.yaml	1200	1200	0	0	1	16.886	0	81920	0.0	0	40	True	171.01
gr24_Q9SX33.yaml	1200	1200	0	0	1	17.404	0	81920	0.0	0	40	True	171.01
gr24_Q9SX33.yaml	1200	1200	0	0	1	17.928	0	81920	0.0	0	40	True	171.01
gr24_Q9SX33.yaml	1200	1200	0	0	1	18.445	0	81920	0.0	0	40	True	171.01
gr24_Q9SX33.yaml	1200	1200	0	0	1	18.973	0	81920	0.0	0	40	True	171.01
gr24_Q9SX33.yaml	1200	1200	0	0	1	19.491	0	81920	0.0	0	40	True	171.01
gr24_Q9SX33.yaml	1200	1200	0	0	1	20.013	0	81920	0.0	0	40	True	171.01
gr24_Q9SX33.yaml	1200	1200	0	0	1	20.535	0	81920	0.0	0	40	True	171.01
gr24_Q9SX33.yaml	1200	1200	0	0	1	21.052	0	81920	0.0	0	40	True	171.01
gr24_Q9SX33.yaml	1200	1200	0	0	1	21.582	0	81920	0.0	0	39	True	171.01
gr24_Q9SX33.yaml	1200	1200	0	0	1	22.116	0	81920	0.0	0	39	True	171.01
gr24_Q9SX33.yaml	1200	1200	0	0	1	22.633	0	81920	0.0	0	39	True	171.01
gr24_Q9SX33.yaml	1200	1200	0	0	1	23.152	0	81920	0.0	0	39	True	171.01
gr24_Q9SX33.yaml	1200	1200	0	0	1	23.671	0	81920	0.0	0	39	True	171.01
gr24_Q9SX33.yaml	1200	1200	0	0	1	24.205	0	81920	0.0	0	39	True	171.01
gr24_Q9SX33.yaml	1200	1200	0	0	1	24.738	0	81920	0.0	0	39	True	171.01
gr24_Q9SX33.yaml	1200	1200	0	0	1	25.255	0	81920	0.0	0	39	True	171.01
gr24_Q9SX33.yaml	1200	1200	0	0	1	25.79	0	81920	0.0	0	39	True	171.01
gr24_Q9SX33.yaml	1200	1200	0	0	1	26.307	0	81920	0.0	0	39	True	171.01
gr24_Q9SX33.yaml	1200	1200	0	0	1	26.823	0	81920	0.0	0	39	True	171.01
gr24_Q9SX33.yaml	1200	1200	0	0	1	27.339	0	81920	0.0	0	39	True	171.01
gr24_Q9SX33.yaml	1200	1200	0	0	1	27.859	0	81920	0.0	0	39	True	171.01
gr24_Q9SX33.yaml	1200	1200	0	0	1	28.379	0	81920	0.0	0	39	True	171.01
gr24_Q9SX33.yaml	1200	1200	0	0	1	28.897	0	81920	0.0	0	39	True	171.01
gr24_Q9SX33.yaml	1200	1200	0	0	1	29.425	0	81920	0.0	0	39	True	171.01
gr24_Q9SX33.yaml	1200	1200	0	0	1	29.955	0	81920	0.0	0	39	True	171.01
gr24_Q9SX33.yaml	1200	1200	0	0	1	30.474	0	81920	0.0	0	39	True	171.01
gr24_Q9SX33.yaml	1200	1200	0	0	1	30.994	0	81920	0.0	0	39	True	171.01
gr24_Q9SX33.yaml	1200	1200	0	0	1	31.513	0	81920	0.0	0	39	True	171.01
gr24_Q9SX33.yaml	1200	1200	0	0	1	32.036	0	81920	0.0	0	39	True	171.01
gr24_Q9SX33.yaml	1200	1200	0	0	1	32.559	0	81920	0.0	0	38	True	171.01
gr24_Q9SX33.yaml	1200	1200	0	0	1	33.086	0	81920	0.0	0	38	True	171.01
gr24_Q9SX33.yaml	1200	1200	0	0	1	33.618	0	81920	0.0	0	38	True	171.01
gr24_Q9SX33.yaml	1200	1200	0	0	1	34.141	0	81920	0.0	0	38	True	171.01
gr24_Q9SX33.yaml	1200	1200	0	0	1	34.662	0	81920	0.0	0	38	True	171.01
gr24_Q9SX33.yaml	1200	1200	0	0	1	35.178	1239	81920	1.51	18	39	True	171.01
gr24_Q9SX33.yaml	1200	1200	0	0	1	35.699	2609	81920	3.18	6	40	True	171.01
gr24_Q9SX33.yaml	1200	1200	0	0	1	36.229	2609	81920	3.18	0	40	True	171.01
gr24_Q9SX33.yaml	1200	1200	0	0	1	36.76	2609	81920	3.18	0	40	True	171.01
gr24_Q9SX33.yaml	1200	1200	0	0	1	37.288	2609	81920	3.18	0	41	True	171.01
gr24_Q9SX33.yaml	1200	1200	0	0	1	37.816	2609	81920	3.18	0	41	True	171.01
gr24_Q9SX33.yaml	1200	1200	0	0	1	38.345	2609	81920	3.18	0	41	True	171.01
gr24_Q9SX33.yaml	1200	1200	0	0	1	38.875	2609	81920	3.18	0	41	True	171.01
gr24_Q9SX33.yaml	1200	1200	0	0	1	39.41	2609	81920	3.18	0	41	True	171.01
gr24_Q9SX33.yaml	1200	1200	0	0	1	39.939	2609	81920	3.18	0	41	True	171.01
gr24_Q9SX33.yaml	1200	1200	0	0	1	40.467	2609	81920	3.18	0	42	True	171.01
gr24_Q9SX33.yaml	1200	1200	0	0	1	40.992	2609	81920	3.18	0	42	True	171.01
gr24_Q9SX33.yaml	1200	1200	0	0	1	41.522	2609	81920	3.18	0	42	True	171.01
gr24_Q9SX33.yaml	1200	1200	0	0	1	42.051	2611	81920	3.19	0	42	True	171.01
gr24_Q9SX33.yaml	1200	1200	0	0	1	42.587	3731	81920	4.55	1	42	True	171.01
gr24_Q9SX33.yaml	1200	1200	0	0	1	43.121	4021	81920	4.91	4	42	True	171.01
gr24_Q9SX33.yaml	1200	1200	0	0	1	43.65	8609	81920	10.51	22	42	True	171.01
gr24_Q9SX33.yaml	1200	1200	0	0	1	44.183	8609	81920	10.51	0	42	True	171.01
gr24_Q9SX33.yaml	1200	1200	0	0	1	44.712	8609	81920	10.51	0	42	True	171.01
gr24_Q9SX33.yaml	1200	1200	0	0	1	45.243	8609	81920	10.51	0	42	True	171.01
gr24_Q9SX33.yaml	1200	1200	0	0	1	45.771	8609	81920	10.51	0	42	True	171.01
gr24_Q9SX33.yaml	1200	1200	0	0	1	46.303	8609	81920	10.51	0	42	True	171.01
gr24_Q9SX33.yaml	1200	1200	0	0	1	46.83	22825	81920	27.86	0	46	True	171.01
gr24_Q9SX33.yaml	1200	1200	0	0	1	47.42	25269	81920	30.85	100	52	True	171.01
gr24_Q9SX33.yaml	1200	1200	0	0	1	48.022	30633	81920	37.39	100	54	True	171.01
gr24_Q9SX33.yaml	1200	1200	0	0	1	48.558	30633	81920	37.39	100	56	True	171.01
gr24_Q9SX33.yaml	1200	1200	0	0	1	49.099	30633	81920	37.39	100	58	True	171.01
gr24_Q9SX33.yaml	1200	1200	0	0	1	49.628	30633	81920	37.39	100	60	True	171.01
gr24_Q9SX33.yaml	1200	1200	0	0	1	50.157	30633	81920	37.39	100	61	True	171.01
gr24_Q9SX33.yaml	1200	1200	0	0	1	50.693	30633	81920	37.39	100	62	True	171.01
gr24_Q9SX33.yaml	1200	1200	0	0	1	51.224	30633	81920	37.39	100	63	True	171.01
gr24_Q9SX33.yaml	1200	1200	0	0	1	51.754	30633	81920	37.39	100	64	True	171.01
gr24_Q9SX33.yaml	1200	1200	0	0	1	52.283	30633	81920	37.39	100	65	True	171.01
gr24_Q9SX33.yaml	1200	1200	0	0	1	52.818	30633	81920	37.39	100	66	True	171.01
gr24_Q9SX33.yaml	1200	1200	0	0	1	53.348	30633	81920	37.39	100	66	True	171.01
gr24_Q9SX33.yaml	1200	1200	0	0	1	53.877	30633	81920	37.39	100	67	True	171.01
gr24_Q9SX33.yaml	1200	1200	0	0	1	54.406	30633	81920	37.39	100	67	True	171.01
gr24_Q9SX33.yaml	1200	1200	0	0	1	54.934	30633	81920	37.39	100	68	True	171.01
gr24_Q9SX33.yaml	1200	1200	0	0	1	55.461	30633	81920	37.39	100	68	True	171.01
gr24_Q9SX33.yaml	1200	1200	0	0	1	55.993	30633	81920	37.39	100	68	True	171.01
gr24_Q9SX33.yaml	1200	1200	0	0	1	56.524	30633	81920	37.39	100	69	True	171.01
gr24_Q9SX33.yaml	1200	1200	0	0	1	57.055	30633	81920	37.39	100	70	True	171.01
gr24_Q9SX33.yaml	1200	1200	0	0	1	57.583	30633	81920	37.39	100	70	True	171.01
gr24_Q9SX33.yaml	1200	1200	0	0	1	58.113	30633	81920	37.39	100	70	True	171.01
gr24_Q9SX33.yaml	1200	1200	0	0	1	58.654	30633	81920	37.39	100	71	True	171.01
gr24_Q9SX33.yaml	1200	1200	0	0	1	59.191	30633	81920	37.39	100	71	True	171.01
gr24_Q9SX33.yaml	1200	1200	0	0	1	59.73	30633	81920	37.39	100	69	True	171.01
gr24_Q9SX33.yaml	1200	1200	0	0	1	60.258	30633	81920	37.39	100	70	True	171.01
gr24_Q9SX33.yaml	1200	1200	0	0	1	60.788	30633	81920	37.39	100	70	True	171.01
gr24_Q9SX33.yaml	1200	1200	0	0	1	61.32	30633	81920	37.39	100	70	True	171.01
gr24_Q9SX33.yaml	1200	1200	0	0	1	61.851	30633	81920	37.39	100	71	True	171.01
gr24_Q9SX33.yaml	1200	1200	0	0	1	62.381	30633	81920	37.39	100	72	True	171.01
gr24_Q9SX33.yaml	1200	1200	0	0	1	62.91	30633	81920	37.39	100	71	True	171.01
gr24_Q9SX33.yaml	1200	1200	0	0	1	63.444	30633	81920	37.39	100	71	True	171.01
gr24_Q9SX33.yaml	1200	1200	0	0	1	63.974	30633	81920	37.39	100	72	True	171.01
gr24_Q9SX33.yaml	1200	1200	0	0	1	64.501	30633	81920	37.39	100	72	True	171.01
gr24_Q9SX33.yaml	1200	1200	0	0	1	65.034	30633	81920	37.39	100	72	True	171.01
gr24_Q9SX33.yaml	1200	1200	0	0	1	65.565	30633	81920	37.39	100	72	True	171.01
gr24_Q9SX33.yaml	1200	1200	0	0	1	66.095	30633	81920	37.39	100	72	True	171.01
gr24_Q9SX33.yaml	1200	1200	0	0	1	66.625	30633	81920	37.39	100	72	True	171.01
gr24_Q9SX33.yaml	1200	1200	0	0	1	67.154	30633	81920	37.39	100	72	True	171.01
gr24_Q9SX33.yaml	1200	1200	0	0	1	67.682	30633	81920	37.39	100	72	True	171.01
gr24_Q9SX33.yaml	1200	1200	0	0	1	68.223	30633	81920	37.39	100	73	True	171.01
gr24_Q9SX33.yaml	1200	1200	0	0	1	68.756	30633	81920	37.39	100	73	True	171.01
gr24_Q9SX33.yaml	1200	1200	0	0	1	69.282	30633	81920	37.39	100	73	True	171.01
gr24_Q9SX33.yaml	1200	1200	0	0	1	69.813	30633	81920	37.39	100	73	True	171.01
gr24_Q9SX33.yaml	1200	1200	0	0	1	70.348	30633	81920	37.39	100	73	True	171.01
gr24_Q9SX33.yaml	1200	1200	0	0	1	70.879	30633	81920	37.39	100	72	True	171.01
gr24_Q9SX33.yaml	1200	1200	0	0	1	71.407	30633	81920	37.39	100	72	True	171.01
gr24_Q9SX33.yaml	1200	1200	0	0	1	71.936	30633	81920	37.39	100	72	True	171.01
gr24_Q9SX33.yaml	1200	1200	0	0	1	72.473	30633	81920	37.39	100	72	True	171.01
gr24_Q9SX33.yaml	1200	1200	0	0	1	73.005	30633	81920	37.39	100	72	True	171.01
gr24_Q9SX33.yaml	1200	1200	0	0	1	73.537	30633	81920	37.39	100	72	True	171.01
gr24_Q9SX33.yaml	1200	1200	0	0	1	74.065	30633	81920	37.39	100	73	True	171.01
gr24_Q9SX33.yaml	1200	1200	0	0	1	74.597	30633	81920	37.39	100	72	True	171.01
gr24_Q9SX33.yaml	1200	1200	0	0	1	75.126	30633	81920	37.39	100	73	True	171.01
gr24_Q9SX33.yaml	1200	1200	0	0	1	75.66	30633	81920	37.39	100	73	True	171.01
gr24_Q9SX33.yaml	1200	1200	0	0	1	76.191	30633	81920	37.39	100	73	True	171.01
gr24_Q9SX33.yaml	1200	1200	0	0	1	76.72	30633	81920	37.39	100	73	True	171.01
gr24_Q9SX33.yaml	1200	1200	0	0	1	77.249	30633	81920	37.39	100	73	True	171.01
gr24_Q9SX33.yaml	1200	1200	0	0	1	77.782	30633	81920	37.39	100	73	True	171.01
gr24_Q9SX33.yaml	1200	1200	0	0	1	78.311	30633	81920	37.39	100	73	True	171.01
gr24_Q9SX33.yaml	1200	1200	0	0	1	78.842	30633	81920	37.39	100	74	True	171.01
gr24_Q9SX33.yaml	1200	1200	0	0	1	79.373	30633	81920	37.39	100	74	True	171.01
gr24_Q9SX33.yaml	1200	1200	0	0	1	79.915	30633	81920	37.39	100	73	True	171.01
gr24_Q9SX33.yaml	1200	1200	0	0	1	80.447	30633	81920	37.39	100	73	True	171.01
gr24_Q9SX33.yaml	1200	1200	0	0	1	80.978	30633	81920	37.39	100	74	True	171.01
gr24_Q9SX33.yaml	1200	1200	0	0	1	81.506	30633	81920	37.39	100	74	True	171.01
gr24_Q9SX33.yaml	1200	1200	0	0	1	82.037	30633	81920	37.39	100	73	True	171.01
gr24_Q9SX33.yaml	1200	1200	0	0	1	82.566	30633	81920	37.39	100	74	True	171.01
gr24_Q9SX33.yaml	1200	1200	0	0	1	83.359	30633	81920	37.39	100	72	True	171.01
gr24_Q9SX33.yaml	1200	1200	0	0	1	83.891	30633	81920	37.39	100	73	True	171.01
gr24_Q9SX33.yaml	1200	1200	0	0	1	84.426	30633	81920	37.39	100	74	True	171.01
gr24_Q9SX33.yaml	1200	1200	0	0	1	84.956	30633	81920	37.39	100	72	True	171.01
gr24_Q9SX33.yaml	1200	1200	0	0	1	85.488	30633	81920	37.39	100	73	True	171.01
gr24_Q9SX33.yaml	1200	1200	0	0	1	86.019	30633	81920	37.39	100	73	True	171.01
gr24_Q9SX33.yaml	1200	1200	0	0	1	86.548	30633	81920	37.39	100	74	True	171.01
gr24_Q9SX33.yaml	1200	1200	0	0	1	87.083	30633	81920	37.39	100	74	True	171.01
gr24_Q9SX33.yaml	1200	1200	0	0	1	87.619	30633	81920	37.39	100	73	True	171.01
gr24_Q9SX33.yaml	1200	1200	0	0	1	88.155	30633	81920	37.39	100	74	True	171.01
gr24_Q9SX33.yaml	1200	1200	0	0	1	88.689	30633	81920	37.39	100	73	True	171.01
gr24_Q9SX33.yaml	1200	1200	0	0	1	89.229	30633	81920	37.39	100	74	True	171.01
gr24_Q9SX33.yaml	1200	1200	0	0	1	89.763	30633	81920	37.39	100	74	True	171.01
gr24_Q9SX33.yaml	1200	1200	0	0	1	90.292	30633	81920	37.39	100	74	True	171.01
gr24_Q9SX33.yaml	1200	1200	0	0	1	90.827	30633	81920	37.39	100	74	True	171.01
gr24_Q9SX33.yaml	1200	1200	0	0	1	91.371	30633	81920	37.39	100	74	True	171.01
gr24_Q9SX33.yaml	1200	1200	0	0	1	91.9	30633	81920	37.39	100	74	True	171.01
gr24_Q9SX33.yaml	1200	1200	0	0	1	92.429	30633	81920	37.39	100	74	True	171.01
gr24_Q9SX33.yaml	1200	1200	0	0	1	92.958	30633	81920	37.39	100	74	True	171.01
gr24_Q9SX33.yaml	1200	1200	0	0	1	93.485	30633	81920	37.39	100	74	True	171.01
gr24_Q9SX33.yaml	1200	1200	0	0	1	94.011	30633	81920	37.39	100	74	True	171.01
gr24_Q9SX33.yaml	1200	1200	0	0	1	94.542	30671	81920	37.44	60	71	True	171.01
gr24_Q9SX33.yaml	1200	1200	0	0	1	95.07	30671	81920	37.44	86	72	True	171.01
gr24_Q9SX33.yaml	1200	1200	0	0	1	95.604	30671	81920	37.44	99	73	True	171.01
gr24_Q9SX33.yaml	1200	1200	0	0	1	96.132	30671	81920	37.44	99	73	True	171.01
gr24_Q9SX33.yaml	1200	1200	0	0	1	96.663	30671	81920	37.44	99	74	True	171.01
gr24_Q9SX33.yaml	1200	1200	0	0	1	97.192	30671	81920	37.44	98	74	True	171.01
gr24_Q9SX33.yaml	1200	1200	0	0	1	97.725	30671	81920	37.44	98	74	True	171.01
gr24_Q9SX33.yaml	1200	1200	0	0	1	98.253	30671	81920	37.44	99	74	True	171.01
gr24_Q9SX33.yaml	1200	1200	0	0	1	98.791	30671	81920	37.44	99	74	True	171.01
gr24_Q9SX33.yaml	1200	1200	0	0	1	99.32	30671	81920	37.44	99	74	True	171.01
gr24_Q9SX33.yaml	1200	1200	0	0	1	99.849	30671	81920	37.44	98	74	True	171.01
gr24_Q9SX33.yaml	1200	1200	0	0	1	100.378	30671	81920	37.44	98	74	True	171.01
gr24_Q9SX33.yaml	1200	1200	0	0	1	100.908	30671	81920	37.44	98	74	True	171.01
gr24_Q9SX33.yaml	1200	1200	0	0	1	101.438	30671	81920	37.44	99	75	True	171.01
gr24_Q9SX33.yaml	1200	1200	0	0	1	101.968	30671	81920	37.44	99	74	True	171.01
gr24_Q9SX33.yaml	1200	1200	0	0	1	102.5	30671	81920	37.44	98	75	True	171.01
gr24_Q9SX33.yaml	1200	1200	0	0	1	103.029	30671	81920	37.44	98	75	True	171.01
gr24_Q9SX33.yaml	1200	1200	0	0	1	103.561	30671	81920	37.44	98	75	True	171.01
gr24_Q9SX33.yaml	1200	1200	0	0	1	104.091	30671	81920	37.44	99	75	True	171.01
gr24_Q9SX33.yaml	1200	1200	0	0	1	104.623	30671	81920	37.44	99	75	True	171.01
gr24_Q9SX33.yaml	1200	1200	0	0	1	105.162	30671	81920	37.44	99	75	True	171.01
gr24_Q9SX33.yaml	1200	1200	0	0	1	105.692	30671	81920	37.44	98	75	True	171.01
gr24_Q9SX33.yaml	1200	1200	0	0	1	106.224	30671	81920	37.44	98	75	True	171.01
gr24_Q9SX33.yaml	1200	1200	0	0	1	106.751	30671	81920	37.44	99	75	True	171.01
gr24_Q9SX33.yaml	1200	1200	0	0	1	107.282	30671	81920	37.44	99	75	True	171.01
gr24_Q9SX33.yaml	1200	1200	0	0	1	107.812	30671	81920	37.44	99	75	True	171.01
gr24_Q9SX33.yaml	1200	1200	0	0	1	108.35	30671	81920	37.44	98	75	True	171.01
gr24_Q9SX33.yaml	1200	1200	0	0	1	108.88	30671	81920	37.44	99	75	True	171.01
gr24_Q9SX33.yaml	1200	1200	0	0	1	109.409	30671	81920	37.44	98	75	True	171.01
gr24_Q9SX33.yaml	1200	1200	0	0	1	109.937	30671	81920	37.44	99	75	True	171.01
gr24_Q9SX33.yaml	1200	1200	0	0	1	110.468	30671	81920	37.44	99	75	True	171.01
gr24_Q9SX33.yaml	1200	1200	0	0	1	111.002	30671	81920	37.44	98	75	True	171.01
gr24_Q9SX33.yaml	1200	1200	0	0	1	111.545	30671	81920	37.44	98	75	True	171.01
gr24_Q9SX33.yaml	1200	1200	0	0	1	112.074	30671	81920	37.44	99	75	True	171.01
gr24_Q9SX33.yaml	1200	1200	0	0	1	112.603	30671	81920	37.44	99	75	True	171.01
gr24_Q9SX33.yaml	1200	1200	0	0	1	113.13	30671	81920	37.44	98	75	True	171.01
gr24_Q9SX33.yaml	1200	1200	0	0	1	113.66	30671	81920	37.44	99	75	True	171.01
gr24_Q9SX33.yaml	1200	1200	0	0	1	114.191	30671	81920	37.44	98	75	True	171.01
gr24_Q9SX33.yaml	1200	1200	0	0	1	114.721	30671	81920	37.44	99	75	True	171.01
gr24_Q9SX33.yaml	1200	1200	0	0	1	115.255	30671	81920	37.44	99	75	True	171.01
gr24_Q9SX33.yaml	1200	1200	0	0	1	115.79	30671	81920	37.44	99	75	True	171.01
gr24_Q9SX33.yaml	1200	1200	0	0	1	116.325	30671	81920	37.44	98	75	True	171.01
gr24_Q9SX33.yaml	1200	1200	0	0	1	116.855	30671	81920	37.44	98	75	True	171.01
gr24_Q9SX33.yaml	1200	1200	0	0	1	117.383	30671	81920	37.44	99	75	True	171.01
gr24_Q9SX33.yaml	1200	1200	0	0	1	117.919	30671	81920	37.44	98	75	True	171.01
gr24_Q9SX33.yaml	1200	1200	0	0	1	118.451	30671	81920	37.44	99	75	True	171.01
gr24_Q9SX33.yaml	1200	1200	0	0	1	118.982	30671	81920	37.44	98	75	True	171.01
gr24_Q9SX33.yaml	1200	1200	0	0	1	119.514	30671	81920	37.44	99	75	True	171.01
gr24_Q9SX33.yaml	1200	1200	0	0	1	120.043	30671	81920	37.44	98	75	True	171.01
gr24_Q9SX33.yaml	1200	1200	0	0	1	120.573	30671	81920	37.44	99	75	True	171.01
gr24_Q9SX33.yaml	1200	1200	0	0	1	121.106	30671	81920	37.44	99	75	True	171.01
gr24_Q9SX33.yaml	1200	1200	0	0	1	121.635	30671	81920	37.44	99	75	True	171.01
gr24_Q9SX33.yaml	1200	1200	0	0	1	122.168	30671	81920	37.44	99	75	True	171.01
gr24_Q9SX33.yaml	1200	1200	0	0	1	122.706	30675	81920	37.45	99	75	True	171.01
gr24_Q9SX33.yaml	1200	1200	0	0	1	123.235	30675	81920	37.45	100	74	True	171.01
gr24_Q9SX33.yaml	1200	1200	0	0	1	123.764	30675	81920	37.45	1	70	True	171.01
gr24_Q9SX33.yaml	1200	1200	0	0	1	124.292	30675	81920	37.45	3	66	True	171.01
gr24_Q9SX33.yaml	1200	1200	0	0	1	124.823	30675	81920	37.45	0	63	True	171.01
gr24_Q9SX33.yaml	1200	1200	0	0	1	125.354	30675	81920	37.45	8	61	True	171.01
gr24_Q9SX33.yaml	1200	1200	0	0	1	125.881	30675	81920	37.45	6	60	True	171.01
gr24_Q9SX33.yaml	1200	1200	0	0	1	126.41	559	81920	0.68	73	59	True	171.01
gr24_Q9SX33.yaml	1200	1200	0	0	1	126.938	559	81920	0.68	100	57	True	171.01
gr24_Q9SX33.yaml	1200	1200	0	0	1	127.466	559	81920	0.68	0	56	True	171.01
gr24_Q9SX33.yaml	1200	1200	0	0	1	128.028	559	81920	0.68	0	55	True	171.01
gr24_Q9SX33.yaml	1200	1200	0	0	1	128.557	559	81920	0.68	0	55	True	171.01
gr24_Q9SX33.yaml	1200	1200	0	0	1	129.081	559	81920	0.68	0	54	True	171.01
gr24_Q9SX33.yaml	1200	1200	0	0	1	129.624	559	81920	0.68	0	53	True	171.01
gr24_Q9SX33.yaml	1200	1200	0	0	1	130.145	559	81920	0.68	0	52	True	171.01
gr24_Q9SX33.yaml	1200	1200	0	0	1	130.674	559	81920	0.68	0	52	True	171.01
gr24_Q9SX33.yaml	1200	1200	0	0	1	131.196	559	81920	0.68	0	51	True	171.01
gr24_Q9SX33.yaml	1200	1200	0	0	1	131.717	559	81920	0.68	0	51	True	171.01
gr24_Q9SX33.yaml	1200	1200	0	0	1	132.237	559	81920	0.68	0	50	True	171.01
gr24_Q9SX33.yaml	1200	1200	0	0	1	132.754	559	81920	0.68	0	50	True	171.01
gr24_Q9SX33.yaml	1200	1200	0	0	1	133.272	559	81920	0.68	0	50	True	171.01
gr24_Q9SX33.yaml	1200	1200	0	0	1	133.79	559	81920	0.68	0	49	True	171.01
gr24_Q9SX33.yaml	1200	1200	0	0	1	134.31	559	81920	0.68	0	49	True	171.01
gr24_Q9SX33.yaml	1200	1200	0	0	1	134.844	559	81920	0.68	0	49	True	171.01
gr24_Q9SX33.yaml	1200	1200	0	0	1	135.363	559	81920	0.68	0	49	True	171.01
gr24_Q9SX33.yaml	1200	1200	0	0	1	135.882	559	81920	0.68	0	48	True	171.01
gr24_Q9SX33.yaml	1200	1200	0	0	1	136.4	559	81920	0.68	0	48	True	171.01
gr24_Q9SX33.yaml	1200	1200	0	0	1	136.915	559	81920	0.68	0	48	True	171.01
gr24_Q9SX33.yaml	1200	1200	0	0	1	137.439	559	81920	0.68	0	48	True	171.01
gr24_Q9SX33.yaml	1200	1200	0	0	1	137.963	559	81920	0.68	0	48	True	171.01
gr24_Q9SX33.yaml	1200	1200	0	0	1	138.49	559	81920	0.68	0	47	True	171.01
gr24_Q9SX33.yaml	1200	1200	0	0	1	139.012	559	81920	0.68	0	47	True	171.01
gr24_Q9SX33.yaml	1200	1200	0	0	1	139.546	559	81920	0.68	0	47	True	171.01
gr24_Q9SX33.yaml	1200	1200	0	0	1	140.065	559	81920	0.68	0	47	True	171.01
gr24_Q9SX33.yaml	1200	1200	0	0	1	140.587	559	81920	0.68	0	47	True	171.01
gr24_Q9SX33.yaml	1200	1200	0	0	1	141.106	559	81920	0.68	0	47	True	171.01
gr24_Q9SX33.yaml	1200	1200	0	0	1	141.624	559	81920	0.68	0	47	True	171.01
gr24_Q9SX33.yaml	1200	1200	0	0	1	142.142	559	81920	0.68	0	47	True	171.01
gr24_Q9SX33.yaml	1200	1200	0	0	1	142.674	559	81920	0.68	0	47	True	171.01
gr24_Q9SX33.yaml	1200	1200	0	0	1	143.193	559	81920	0.68	0	47	True	171.01
gr24_Q9SX33.yaml	1200	1200	0	0	1	143.711	559	81920	0.68	0	47	True	171.01
gr24_Q9SX33.yaml	1200	1200	0	0	1	144.234	559	81920	0.68	0	47	True	171.01
gr24_Q9SX33.yaml	1200	1200	0	0	1	144.755	559	81920	0.68	0	47	True	171.01
gr24_Q9SX33.yaml	1200	1200	0	0	1	145.278	559	81920	0.68	0	46	True	171.01
gr24_Q9SX33.yaml	1200	1200	0	0	1	145.801	559	81920	0.68	0	46	True	171.01
gr24_Q9SX33.yaml	1200	1200	0	0	1	146.356	559	81920	0.68	0	46	True	171.01
gr24_Q9SX33.yaml	1200	1200	0	0	1	146.879	559	81920	0.68	0	46	True	171.01
gr24_Q9SX33.yaml	1200	1200	0	0	1	147.408	1339	81920	1.63	7	46	True	171.01
gr24_Q9SX33.yaml	1200	1200	0	0	1	147.925	2699	81920	3.29	0	46	True	171.01
gr24_Q9SX33.yaml	1200	1200	0	0	1	148.443	2699	81920	3.29	0	46	True	171.01
gr24_Q9SX33.yaml	1200	1200	0	0	1	148.962	2699	81920	3.29	0	46	True	171.01
gr24_Q9SX33.yaml	1200	1200	0	0	1	149.481	9669	81920	11.8	0	50	True	171.01
gr24_Q9SX33.yaml	1200	1200	0	0	1	150.028	9669	81920	11.8	100	55	True	171.01
gr24_Q9SX33.yaml	1200	1200	0	0	1	150.552	9669	81920	11.8	100	58	True	171.01
gr24_Q9SX33.yaml	1200	1200	0	0	1	151.08	9669	81920	11.8	100	60	True	171.01
gr24_Q9SX33.yaml	1200	1200	0	0	1	151.605	9669	81920	11.8	100	62	True	171.01
gr24_Q9SX33.yaml	1200	1200	0	0	1	152.136	9669	81920	11.8	100	63	True	171.01
gr24_Q9SX33.yaml	1200	1200	0	0	1	152.67	9669	81920	11.8	100	64	True	171.01
gr24_Q9SX33.yaml	1200	1200	0	0	1	153.2	9669	81920	11.8	93	67	True	171.01
gr24_Q9SX33.yaml	1200	1200	0	0	1	153.73	9669	81920	11.8	98	68	True	171.01
gr24_Q9SX33.yaml	1200	1200	0	0	1	154.332	9669	81920	11.8	97	70	True	171.01
gr24_Q9SX33.yaml	1200	1200	0	0	1	154.861	9669	81920	11.8	98	71	True	171.01
gr24_Q9SX33.yaml	1200	1200	0	0	1	155.389	9669	81920	11.8	98	72	True	171.01
gr24_Q9SX33.yaml	1200	1200	0	0	1	155.92	9669	81920	11.8	98	73	True	171.01
gr24_Q9SX33.yaml	1200	1200	0	0	1	156.451	9669	81920	11.8	98	73	True	171.01
gr24_Q9SX33.yaml	1200	1200	0	0	1	156.983	9669	81920	11.8	98	74	True	171.01
gr24_Q9SX33.yaml	1200	1200	0	0	1	157.513	9669	81920	11.8	98	74	True	171.01
gr24_Q9SX33.yaml	1200	1200	0	0	1	158.042	9669	81920	11.8	98	75	True	171.01
gr24_Q9SX33.yaml	1200	1200	0	0	1	158.57	9669	81920	11.8	98	75	True	171.01
gr24_Q9SX33.yaml	1200	1200	0	0	1	159.106	9669	81920	11.8	98	75	True	171.01
gr24_Q9SX33.yaml	1200	1200	0	0	1	159.637	9669	81920	11.8	97	75	True	171.01
gr24_Q9SX33.yaml	1200	1200	0	0	1	160.166	9669	81920	11.8	98	75	True	171.01
gr24_Q9SX33.yaml	1200	1200	0	0	1	160.694	9669	81920	11.8	98	76	True	171.01
gr24_Q9SX33.yaml	1200	1200	0	0	1	161.223	9669	81920	11.8	98	76	True	171.01
gr24_Q9SX33.yaml	1200	1200	0	0	1	161.76	9669	81920	11.8	98	76	True	171.01
gr24_Q9SX33.yaml	1200	1200	0	0	1	162.304	9669	81920	11.8	98	76	True	171.01
gr24_Q9SX33.yaml	1200	1200	0	0	1	162.831	9669	81920	11.8	98	77	True	171.01
gr24_Q9SX33.yaml	1200	1200	0	0	1	163.368	9669	81920	11.8	98	76	True	171.01
gr24_Q9SX33.yaml	1200	1200	0	0	1	163.899	9669	81920	11.8	98	77	True	171.01
gr24_Q9SX33.yaml	1200	1200	0	0	1	164.428	9669	81920	11.8	98	77	True	171.01
gr24_Q9SX33.yaml	1200	1200	0	0	1	164.958	9669	81920	11.8	98	76	True	171.01
gr24_Q9SX33.yaml	1200	1200	0	0	1	165.488	9669	81920	11.8	98	77	True	171.01
gr24_Q9SX33.yaml	1200	1200	0	0	1	166.02	9669	81920	11.8	98	77	True	171.01
gr24_Q9SX33.yaml	1200	1200	0	0	1	166.551	9685	81920	11.82	94	75	True	171.01
gr24_Q9SX33.yaml	1200	1200	0	0	1	167.082	9685	81920	11.82	8	69	True	171.01
gr24_Q9SX33.yaml	1200	1200	0	0	1	167.646	9685	81920	11.82	9	65	True	171.01
gr24_Q9SX33.yaml	1200	1200	0	0	1	168.176	557	81920	0.68	41	62	True	171.01
gr24_Q9SX33.yaml	1200	1200	0	0	1	168.708	557	81920	0.68	0	60	True	171.01
gr24_Q9SX33.yaml	1200	1200	0	0	1	169.241	521	81920	0.64	0	59	True	171.01
gr24_Q9SX33.yaml	1200	1200	0	0	1	169.77	521	81920	0.64	0	58	True	171.01
gr24_Q9SX33.yaml	1200	1200	0	0	1	170.299	521	81920	0.64	0	56	True	171.01
gr24_Q9SX33.yaml	1200	1200	0	0	1	170.833	0	81920	0.0	0	55	True	171.01
gr24_F4K0J3.yaml	1300	1300	0	0	1	0.0	0	81920	0.0	0	55	True	190.49
gr24_F4K0J3.yaml	1300	1300	0	0	1	0.528	0	81920	0.0	0	54	True	190.49
gr24_F4K0J3.yaml	1300	1300	0	0	1	1.056	0	81920	0.0	0	53	True	190.49
gr24_F4K0J3.yaml	1300	1300	0	0	1	1.588	0	81920	0.0	0	51	True	190.49
gr24_F4K0J3.yaml	1300	1300	0	0	1	2.116	0	81920	0.0	0	50	True	190.49
gr24_F4K0J3.yaml	1300	1300	0	0	1	2.648	0	81920	0.0	0	49	True	190.49
gr24_F4K0J3.yaml	1300	1300	0	0	1	3.177	0	81920	0.0	0	48	True	190.49
gr24_F4K0J3.yaml	1300	1300	0	0	1	3.695	0	81920	0.0	0	47	True	190.49
gr24_F4K0J3.yaml	1300	1300	0	0	1	4.215	0	81920	0.0	0	46	True	190.49
gr24_F4K0J3.yaml	1300	1300	0	0	1	4.737	0	81920	0.0	0	46	True	190.49
gr24_F4K0J3.yaml	1300	1300	0	0	1	5.261	0	81920	0.0	0	45	True	190.49
gr24_F4K0J3.yaml	1300	1300	0	0	1	5.79	0	81920	0.0	0	45	True	190.49
gr24_F4K0J3.yaml	1300	1300	0	0	1	6.311	0	81920	0.0	0	44	True	190.49
gr24_F4K0J3.yaml	1300	1300	0	0	1	6.832	0	81920	0.0	0	44	True	190.49
gr24_F4K0J3.yaml	1300	1300	0	0	1	7.354	0	81920	0.0	0	43	True	190.49
gr24_F4K0J3.yaml	1300	1300	0	0	1	7.893	0	81920	0.0	0	43	True	190.49
gr24_F4K0J3.yaml	1300	1300	0	0	1	8.426	0	81920	0.0	0	43	True	190.49
gr24_F4K0J3.yaml	1300	1300	0	0	1	8.954	0	81920	0.0	0	42	True	190.49
gr24_F4K0J3.yaml	1300	1300	0	0	1	9.483	0	81920	0.0	0	42	True	190.49
gr24_F4K0J3.yaml	1300	1300	0	0	1	10.009	0	81920	0.0	0	42	True	190.49
gr24_F4K0J3.yaml	1300	1300	0	0	1	10.54	0	81920	0.0	0	42	True	190.49
gr24_F4K0J3.yaml	1300	1300	0	0	1	11.072	0	81920	0.0	0	41	True	190.49
gr24_F4K0J3.yaml	1300	1300	0	0	1	11.6	0	81920	0.0	0	41	True	190.49
gr24_F4K0J3.yaml	1300	1300	0	0	1	12.129	0	81920	0.0	0	41	True	190.49
gr24_F4K0J3.yaml	1300	1300	0	0	1	12.658	0	81920	0.0	0	41	True	190.49
gr24_F4K0J3.yaml	1300	1300	0	0	1	13.187	0	81920	0.0	0	41	True	190.49
gr24_F4K0J3.yaml	1300	1300	0	0	1	13.711	0	81920	0.0	0	41	True	190.49
gr24_F4K0J3.yaml	1300	1300	0	0	1	14.237	0	81920	0.0	0	41	True	190.49
gr24_F4K0J3.yaml	1300	1300	0	0	1	14.756	0	81920	0.0	0	40	True	190.49
gr24_F4K0J3.yaml	1300	1300	0	0	1	15.277	0	81920	0.0	0	40	True	190.49
gr24_F4K0J3.yaml	1300	1300	0	0	1	15.799	0	81920	0.0	0	40	True	190.49
gr24_F4K0J3.yaml	1300	1300	0	0	1	16.322	0	81920	0.0	0	40	True	190.49
gr24_F4K0J3.yaml	1300	1300	0	0	1	16.848	0	81920	0.0	0	40	True	190.49
gr24_F4K0J3.yaml	1300	1300	0	0	1	17.368	0	81920	0.0	0	40	True	190.49
gr24_F4K0J3.yaml	1300	1300	0	0	1	17.886	0	81920	0.0	0	40	True	190.49
gr24_F4K0J3.yaml	1300	1300	0	0	1	18.411	0	81920	0.0	0	40	True	190.49
gr24_F4K0J3.yaml	1300	1300	0	0	1	18.929	0	81920	0.0	0	40	True	190.49
gr24_F4K0J3.yaml	1300	1300	0	0	1	19.454	0	81920	0.0	0	40	True	190.49
gr24_F4K0J3.yaml	1300	1300	0	0	1	19.975	0	81920	0.0	0	40	True	190.49
gr24_F4K0J3.yaml	1300	1300	0	0	1	20.501	0	81920	0.0	0	40	True	190.49
gr24_F4K0J3.yaml	1300	1300	0	0	1	21.02	0	81920	0.0	0	40	True	190.49
gr24_F4K0J3.yaml	1300	1300	0	0	1	21.54	0	81920	0.0	0	40	True	190.49
gr24_F4K0J3.yaml	1300	1300	0	0	1	22.058	0	81920	0.0	0	40	True	190.49
gr24_F4K0J3.yaml	1300	1300	0	0	1	22.578	0	81920	0.0	0	39	True	190.49
gr24_F4K0J3.yaml	1300	1300	0	0	1	23.096	0	81920	0.0	0	39	True	190.49
gr24_F4K0J3.yaml	1300	1300	0	0	1	23.633	0	81920	0.0	0	39	True	190.49
gr24_F4K0J3.yaml	1300	1300	0	0	1	24.149	0	81920	0.0	0	39	True	190.49
gr24_F4K0J3.yaml	1300	1300	0	0	1	24.666	0	81920	0.0	0	39	True	190.49
gr24_F4K0J3.yaml	1300	1300	0	0	1	25.186	0	81920	0.0	0	39	True	190.49
gr24_F4K0J3.yaml	1300	1300	0	0	1	25.705	0	81920	0.0	0	39	True	190.49
gr24_F4K0J3.yaml	1300	1300	0	0	1	26.226	0	81920	0.0	0	39	True	190.49
gr24_F4K0J3.yaml	1300	1300	0	0	1	26.747	0	81920	0.0	0	39	True	190.49
gr24_F4K0J3.yaml	1300	1300	0	0	1	27.272	0	81920	0.0	0	39	True	190.49
gr24_F4K0J3.yaml	1300	1300	0	0	1	27.793	0	81920	0.0	0	39	True	190.49
gr24_F4K0J3.yaml	1300	1300	0	0	1	28.312	0	81920	0.0	0	39	True	190.49
gr24_F4K0J3.yaml	1300	1300	0	0	1	28.839	0	81920	0.0	0	39	True	190.49
gr24_F4K0J3.yaml	1300	1300	0	0	1	29.357	0	81920	0.0	0	39	True	190.49
gr24_F4K0J3.yaml	1300	1300	0	0	1	29.884	0	81920	0.0	0	39	True	190.49
gr24_F4K0J3.yaml	1300	1300	0	0	1	30.401	0	81920	0.0	0	39	True	190.49
gr24_F4K0J3.yaml	1300	1300	0	0	1	30.92	0	81920	0.0	0	39	True	190.49
gr24_F4K0J3.yaml	1300	1300	0	0	1	31.438	0	81920	0.0	0	39	True	190.49
gr24_F4K0J3.yaml	1300	1300	0	0	1	31.959	0	81920	0.0	0	39	True	190.49
gr24_F4K0J3.yaml	1300	1300	0	0	1	32.549	2027	81920	2.47	21	40	True	190.49
gr24_F4K0J3.yaml	1300	1300	0	0	1	33.071	2609	81920	3.18	5	41	True	190.49
gr24_F4K0J3.yaml	1300	1300	0	0	1	33.599	2609	81920	3.18	0	41	True	190.49
gr24_F4K0J3.yaml	1300	1300	0	0	1	34.129	2609	81920	3.18	0	41	True	190.49
gr24_F4K0J3.yaml	1300	1300	0	0	1	34.659	2609	81920	3.18	0	41	True	190.49
gr24_F4K0J3.yaml	1300	1300	0	0	1	35.188	2609	81920	3.18	0	42	True	190.49
gr24_F4K0J3.yaml	1300	1300	0	0	1	35.718	2609	81920	3.18	0	42	True	190.49
gr24_F4K0J3.yaml	1300	1300	0	0	1	36.249	2609	81920	3.18	0	42	True	190.49
gr24_F4K0J3.yaml	1300	1300	0	0	1	36.779	2609	81920	3.18	0	42	True	190.49
gr24_F4K0J3.yaml	1300	1300	0	0	1	37.309	2609	81920	3.18	0	42	True	190.49
gr24_F4K0J3.yaml	1300	1300	0	0	1	37.842	2609	81920	3.18	0	42	True	190.49
gr24_F4K0J3.yaml	1300	1300	0	0	1	38.372	2609	81920	3.18	0	42	True	190.49
gr24_F4K0J3.yaml	1300	1300	0	0	1	38.897	2609	81920	3.18	0	43	True	190.49
gr24_F4K0J3.yaml	1300	1300	0	0	1	39.418	2609	81920	3.18	1	43	True	190.49
gr24_F4K0J3.yaml	1300	1300	0	0	1	39.939	3597	81920	4.39	0	43	True	190.49
gr24_F4K0J3.yaml	1300	1300	0	0	1	40.466	4197	81920	5.12	0	43	True	190.49
gr24_F4K0J3.yaml	1300	1300	0	0	1	40.986	9663	81920	11.8	22	44	True	190.49
gr24_F4K0J3.yaml	1300	1300	0	0	1	41.507	9663	81920	11.8	0	43	True	190.49
gr24_F4K0J3.yaml	1300	1300	0	0	1	42.033	9663	81920	11.8	0	43	True	190.49
gr24_F4K0J3.yaml	1300	1300	0	0	1	42.56	9663	81920	11.8	0	43	True	190.49
gr24_F4K0J3.yaml	1300	1300	0	0	1	43.088	9663	81920	11.8	0	43	True	190.49
gr24_F4K0J3.yaml	1300	1300	0	0	1	43.615	9663	81920	11.8	0	43	True	190.49
gr24_F4K0J3.yaml	1300	1300	0	0	1	44.145	9663	81920	11.8	0	43	True	190.49
gr24_F4K0J3.yaml	1300	1300	0	0	1	44.676	28051	81920	34.24	100	51	True	190.49
gr24_F4K0J3.yaml	1300	1300	0	0	1	45.208	34111	81920	41.64	100	54	True	190.49
gr24_F4K0J3.yaml	1300	1300	0	0	1	45.741	34111	81920	41.64	100	55	True	190.49
gr24_F4K0J3.yaml	1300	1300	0	0	1	46.269	34111	81920	41.64	100	58	True	190.49
gr24_F4K0J3.yaml	1300	1300	0	0	1	46.798	34111	81920	41.64	100	60	True	190.49
gr24_F4K0J3.yaml	1300	1300	0	0	1	47.357	34111	81920	41.64	100	60	True	190.49
gr24_F4K0J3.yaml	1300	1300	0	0	1	47.886	34111	81920	41.64	100	62	True	190.49
gr24_F4K0J3.yaml	1300	1300	0	0	1	48.42	34111	81920	41.64	100	63	True	190.49
gr24_F4K0J3.yaml	1300	1300	0	0	1	48.989	34111	81920	41.64	100	64	True	190.49
gr24_F4K0J3.yaml	1300	1300	0	0	1	49.518	34111	81920	41.64	100	65	True	190.49
gr24_F4K0J3.yaml	1300	1300	0	0	1	50.048	34111	81920	41.64	100	66	True	190.49
gr24_F4K0J3.yaml	1300	1300	0	0	1	50.578	34111	81920	41.64	100	66	True	190.49
gr24_F4K0J3.yaml	1300	1300	0	0	1	51.109	34111	81920	41.64	100	68	True	190.49
gr24_F4K0J3.yaml	1300	1300	0	0	1	51.638	34111	81920	41.64	100	68	True	190.49
gr24_F4K0J3.yaml	1300	1300	0	0	1	52.17	34111	81920	41.64	100	68	True	190.49
gr24_F4K0J3.yaml	1300	1300	0	0	1	52.702	34111	81920	41.64	100	69	True	190.49
gr24_F4K0J3.yaml	1300	1300	0	0	1	53.232	34111	81920	41.64	100	69	True	190.49
gr24_F4K0J3.yaml	1300	1300	0	0	1	53.759	34111	81920	41.64	100	70	True	190.49
gr24_F4K0J3.yaml	1300	1300	0	0	1	54.294	34111	81920	41.64	100	70	True	190.49
gr24_F4K0J3.yaml	1300	1300	0	0	1	54.829	34111	81920	41.64	100	70	True	190.49
gr24_F4K0J3.yaml	1300	1300	0	0	1	55.358	34111	81920	41.64	100	70	True	190.49
gr24_F4K0J3.yaml	1300	1300	0	0	1	55.891	34111	81920	41.64	100	71	True	190.49
gr24_F4K0J3.yaml	1300	1300	0	0	1	56.422	34111	81920	41.64	100	71	True	190.49
gr24_F4K0J3.yaml	1300	1300	0	0	1	56.949	34111	81920	41.64	100	71	True	190.49
gr24_F4K0J3.yaml	1300	1300	0	0	1	57.482	34111	81920	41.64	100	71	True	190.49
gr24_F4K0J3.yaml	1300	1300	0	0	1	58.329	34111	81920	41.64	100	72	True	190.49
gr24_F4K0J3.yaml	1300	1300	0	0	1	58.861	34111	81920	41.64	100	72	True	190.49
gr24_F4K0J3.yaml	1300	1300	0	0	1	59.392	34111	81920	41.64	100	72	True	190.49
gr24_F4K0J3.yaml	1300	1300	0	0	1	59.922	34111	81920	41.64	100	71	True	190.49
gr24_F4K0J3.yaml	1300	1300	0	0	1	60.462	34111	81920	41.64	100	72	True	190.49
gr24_F4K0J3.yaml	1300	1300	0	0	1	60.992	34111	81920	41.64	100	72	True	190.49
gr24_F4K0J3.yaml	1300	1300	0	0	1	61.52	34111	81920	41.64	100	72	True	190.49
gr24_F4K0J3.yaml	1300	1300	0	0	1	62.058	34111	81920	41.64	100	72	True	190.49
gr24_F4K0J3.yaml	1300	1300	0	0	1	62.589	34111	81920	41.64	100	72	True	190.49
gr24_F4K0J3.yaml	1300	1300	0	0	1	63.126	34111	81920	41.64	100	72	True	190.49
gr24_F4K0J3.yaml	1300	1300	0	0	1	63.656	34111	81920	41.64	100	72	True	190.49
gr24_F4K0J3.yaml	1300	1300	0	0	1	64.187	34111	81920	41.64	100	73	True	190.49
gr24_F4K0J3.yaml	1300	1300	0	0	1	64.717	34111	81920	41.64	100	73	True	190.49
gr24_F4K0J3.yaml	1300	1300	0	0	1	65.246	34111	81920	41.64	100	73	True	190.49
gr24_F4K0J3.yaml	1300	1300	0	0	1	65.774	34111	81920	41.64	100	73	True	190.49
gr24_F4K0J3.yaml	1300	1300	0	0	1	66.304	34111	81920	41.64	100	73	True	190.49
gr24_F4K0J3.yaml	1300	1300	0	0	1	66.833	34111	81920	41.64	100	73	True	190.49
gr24_F4K0J3.yaml	1300	1300	0	0	1	67.362	34111	81920	41.64	100	73	True	190.49
gr24_F4K0J3.yaml	1300	1300	0	0	1	67.892	34111	81920	41.64	100	73	True	190.49
gr24_F4K0J3.yaml	1300	1300	0	0	1	68.418	34111	81920	41.64	100	73	True	190.49
gr24_F4K0J3.yaml	1300	1300	0	0	1	68.952	34111	81920	41.64	100	73	True	190.49
gr24_F4K0J3.yaml	1300	1300	0	0	1	69.484	34111	81920	41.64	100	73	True	190.49
gr24_F4K0J3.yaml	1300	1300	0	0	1	70.015	34111	81920	41.64	100	73	True	190.49
gr24_F4K0J3.yaml	1300	1300	0	0	1	70.548	34111	81920	41.64	100	73	True	190.49
gr24_F4K0J3.yaml	1300	1300	0	0	1	71.081	34111	81920	41.64	100	73	True	190.49
gr24_F4K0J3.yaml	1300	1300	0	0	1	71.611	34111	81920	41.64	100	73	True	190.49
gr24_F4K0J3.yaml	1300	1300	0	0	1	72.144	34111	81920	41.64	100	74	True	190.49
gr24_F4K0J3.yaml	1300	1300	0	0	1	72.68	34111	81920	41.64	100	73	True	190.49
gr24_F4K0J3.yaml	1300	1300	0	0	1	73.213	34111	81920	41.64	100	73	True	190.49
gr24_F4K0J3.yaml	1300	1300	0	0	1	73.745	34111	81920	41.64	100	73	True	190.49
gr24_F4K0J3.yaml	1300	1300	0	0	1	74.277	34111	81920	41.64	100	73	True	190.49
gr24_F4K0J3.yaml	1300	1300	0	0	1	74.809	34111	81920	41.64	100	73	True	190.49
gr24_F4K0J3.yaml	1300	1300	0	0	1	75.337	34111	81920	41.64	100	74	True	190.49
gr24_F4K0J3.yaml	1300	1300	0	0	1	75.875	34111	81920	41.64	100	72	True	190.49
gr24_F4K0J3.yaml	1300	1300	0	0	1	76.408	34111	81920	41.64	100	73	True	190.49
gr24_F4K0J3.yaml	1300	1300	0	0	1	76.938	34111	81920	41.64	100	73	True	190.49
gr24_F4K0J3.yaml	1300	1300	0	0	1	77.47	34111	81920	41.64	100	74	True	190.49
gr24_F4K0J3.yaml	1300	1300	0	0	1	78.0	34111	81920	41.64	100	73	True	190.49
gr24_F4K0J3.yaml	1300	1300	0	0	1	78.528	34111	81920	41.64	100	73	True	190.49
gr24_F4K0J3.yaml	1300	1300	0	0	1	79.059	34111	81920	41.64	100	73	True	190.49
gr24_F4K0J3.yaml	1300	1300	0	0	1	79.588	34111	81920	41.64	100	74	True	190.49
gr24_F4K0J3.yaml	1300	1300	0	0	1	80.118	34111	81920	41.64	100	74	True	190.49
gr24_F4K0J3.yaml	1300	1300	0	0	1	80.649	34111	81920	41.64	100	73	True	190.49
gr24_F4K0J3.yaml	1300	1300	0	0	1	81.182	34111	81920	41.64	100	73	True	190.49
gr24_F4K0J3.yaml	1300	1300	0	0	1	81.721	34111	81920	41.64	100	74	True	190.49
gr24_F4K0J3.yaml	1300	1300	0	0	1	82.253	34111	81920	41.64	100	74	True	190.49
gr24_F4K0J3.yaml	1300	1300	0	0	1	82.786	34111	81920	41.64	100	74	True	190.49
gr24_F4K0J3.yaml	1300	1300	0	0	1	83.316	34111	81920	41.64	100	74	True	190.49
gr24_F4K0J3.yaml	1300	1300	0	0	1	83.851	34111	81920	41.64	100	73	True	190.49
gr24_F4K0J3.yaml	1300	1300	0	0	1	84.381	34111	81920	41.64	100	74	True	190.49
gr24_F4K0J3.yaml	1300	1300	0	0	1	84.909	34111	81920	41.64	100	74	True	190.49
gr24_F4K0J3.yaml	1300	1300	0	0	1	85.443	34111	81920	41.64	100	74	True	190.49
gr24_F4K0J3.yaml	1300	1300	0	0	1	85.972	34111	81920	41.64	100	74	True	190.49
gr24_F4K0J3.yaml	1300	1300	0	0	1	86.504	34111	81920	41.64	100	74	True	190.49
gr24_F4K0J3.yaml	1300	1300	0	0	1	87.034	34111	81920	41.64	99	73	True	190.49
gr24_F4K0J3.yaml	1300	1300	0	0	1	87.564	34111	81920	41.64	100	73	True	190.49
gr24_F4K0J3.yaml	1300	1300	0	0	1	88.093	34111	81920	41.64	100	74	True	190.49
gr24_F4K0J3.yaml	1300	1300	0	0	1	88.625	34111	81920	41.64	100	74	True	190.49
gr24_F4K0J3.yaml	1300	1300	0	0	1	89.155	34111	81920	41.64	100	73	True	190.49
gr24_F4K0J3.yaml	1300	1300	0	0	1	89.692	34111	81920	41.64	100	73	True	190.49
gr24_F4K0J3.yaml	1300	1300	0	0	1	90.223	34111	81920	41.64	100	73	True	190.49
gr24_F4K0J3.yaml	1300	1300	0	0	1	90.751	34111	81920	41.64	100	74	True	190.49
gr24_F4K0J3.yaml	1300	1300	0	0	1	91.282	34111	81920	41.64	100	73	True	190.49
gr24_F4K0J3.yaml	1300	1300	0	0	1	91.812	34111	81920	41.64	100	73	True	190.49
gr24_F4K0J3.yaml	1300	1300	0	0	1	92.343	34111	81920	41.64	100	74	True	190.49
gr24_F4K0J3.yaml	1300	1300	0	0	1	92.872	34111	81920	41.64	100	74	True	190.49
gr24_F4K0J3.yaml	1300	1300	0	0	1	93.401	34111	81920	41.64	100	74	True	190.49
gr24_F4K0J3.yaml	1300	1300	0	0	1	93.932	34111	81920	41.64	100	74	True	190.49
gr24_F4K0J3.yaml	1300	1300	0	0	1	94.46	34111	81920	41.64	100	74	True	190.49
gr24_F4K0J3.yaml	1300	1300	0	0	1	94.993	34111	81920	41.64	100	74	True	190.49
gr24_F4K0J3.yaml	1300	1300	0	0	1	95.527	34111	81920	41.64	100	74	True	190.49
gr24_F4K0J3.yaml	1300	1300	0	0	1	96.059	34111	81920	41.64	100	74	True	190.49
gr24_F4K0J3.yaml	1300	1300	0	0	1	96.591	34111	81920	41.64	100	74	True	190.49
gr24_F4K0J3.yaml	1300	1300	0	0	1	97.121	34111	81920	41.64	100	74	True	190.49
gr24_F4K0J3.yaml	1300	1300	0	0	1	97.651	34111	81920	41.64	100	74	True	190.49
gr24_F4K0J3.yaml	1300	1300	0	0	1	98.183	34111	81920	41.64	100	74	True	190.49
gr24_F4K0J3.yaml	1300	1300	0	0	1	98.717	34111	81920	41.64	100	74	True	190.49
gr24_F4K0J3.yaml	1300	1300	0	0	1	99.248	34111	81920	41.64	100	74	True	190.49
gr24_F4K0J3.yaml	1300	1300	0	0	1	99.782	34111	81920	41.64	100	74	True	190.49
gr24_F4K0J3.yaml	1300	1300	0	0	1	100.312	34111	81920	41.64	100	74	True	190.49
gr24_F4K0J3.yaml	1300	1300	0	0	1	100.844	34111	81920	41.64	100	74	True	190.49
gr24_F4K0J3.yaml	1300	1300	0	0	1	101.377	34111	81920	41.64	100	74	True	190.49
gr24_F4K0J3.yaml	1300	1300	0	0	1	101.91	34149	81920	41.69	75	69	True	190.49
gr24_F4K0J3.yaml	1300	1300	0	0	1	102.5	34149	81920	41.69	99	73	True	190.49
gr24_F4K0J3.yaml	1300	1300	0	0	1	103.038	34149	81920	41.69	99	74	True	190.49
gr24_F4K0J3.yaml	1300	1300	0	0	1	103.57	34149	81920	41.69	97	74	True	190.49
gr24_F4K0J3.yaml	1300	1300	0	0	1	104.1	34149	81920	41.69	99	74	True	190.49
gr24_F4K0J3.yaml	1300	1300	0	0	1	104.639	34149	81920	41.69	99	74	True	190.49
gr24_F4K0J3.yaml	1300	1300	0	0	1	105.172	34149	81920	41.69	99	74	True	190.49
gr24_F4K0J3.yaml	1300	1300	0	0	1	105.702	34149	81920	41.69	98	75	True	190.49
gr24_F4K0J3.yaml	1300	1300	0	0	1	106.231	34149	81920	41.69	99	75	True	190.49
gr24_F4K0J3.yaml	1300	1300	0	0	1	106.759	34149	81920	41.69	99	75	True	190.49
gr24_F4K0J3.yaml	1300	1300	0	0	1	107.292	34149	81920	41.69	99	75	True	190.49
gr24_F4K0J3.yaml	1300	1300	0	0	1	107.825	34149	81920	41.69	99	75	True	190.49
gr24_F4K0J3.yaml	1300	1300	0	0	1	108.356	34149	81920	41.69	98	75	True	190.49
gr24_F4K0J3.yaml	1300	1300	0	0	1	108.887	34149	81920	41.69	99	75	True	190.49
gr24_F4K0J3.yaml	1300	1300	0	0	1	109.416	34149	81920	41.69	99	75	True	190.49
gr24_F4K0J3.yaml	1300	1300	0	0	1	109.947	34149	81920	41.69	99	75	True	190.49
gr24_F4K0J3.yaml	1300	1300	0	0	1	110.475	34149	81920	41.69	99	75	True	190.49
gr24_F4K0J3.yaml	1300	1300	0	0	1	111.011	34149	81920	41.69	98	75	True	190.49
gr24_F4K0J3.yaml	1300	1300	0	0	1	111.543	34149	81920	41.69	98	75	True	190.49
gr24_F4K0J3.yaml	1300	1300	0	0	1	112.073	34149	81920	41.69	98	75	True	190.49
gr24_F4K0J3.yaml	1300	1300	0	0	1	112.603	34149	81920	41.69	99	75	True	190.49
gr24_F4K0J3.yaml	1300	1300	0	0	1	113.132	34149	81920	41.69	99	75	True	190.49
gr24_F4K0J3.yaml	1300	1300	0	0	1	113.661	34149	81920	41.69	99	75	True	190.49
gr24_F4K0J3.yaml	1300	1300	0	0	1	114.189	34149	81920	41.69	98	75	True	190.49
gr24_F4K0J3.yaml	1300	1300	0	0	1	114.723	34149	81920	41.69	98	75	True	190.49
gr24_F4K0J3.yaml	1300	1300	0	0	1	115.262	34149	81920	41.69	99	75	True	190.49
gr24_F4K0J3.yaml	1300	1300	0	0	1	115.795	34149	81920	41.69	99	75	True	190.49
gr24_F4K0J3.yaml	1300	1300	0	0	1	116.324	34149	81920	41.69	99	75	True	190.49
gr24_F4K0J3.yaml	1300	1300	0	0	1	116.857	34149	81920	41.69	98	75	True	190.49
gr24_F4K0J3.yaml	1300	1300	0	0	1	117.39	34149	81920	41.69	98	75	True	190.49
gr24_F4K0J3.yaml	1300	1300	0	0	1	117.923	34149	81920	41.69	99	75	True	190.49
gr24_F4K0J3.yaml	1300	1300	0	0	1	118.46	34149	81920	41.69	99	75	True	190.49
gr24_F4K0J3.yaml	1300	1300	0	0	1	119.0	34149	81920	41.69	99	75	True	190.49
gr24_F4K0J3.yaml	1300	1300	0	0	1	119.53	34149	81920	41.69	99	75	True	190.49
gr24_F4K0J3.yaml	1300	1300	0	0	1	120.058	34149	81920	41.69	99	75	True	190.49
gr24_F4K0J3.yaml	1300	1300	0	0	1	120.595	34149	81920	41.69	98	75	True	190.49
gr24_F4K0J3.yaml	1300	1300	0	0	1	121.128	34149	81920	41.69	99	75	True	190.49
gr24_F4K0J3.yaml	1300	1300	0	0	1	121.66	34149	81920	41.69	99	75	True	190.49
gr24_F4K0J3.yaml	1300	1300	0	0	1	122.191	34149	81920	41.69	99	75	True	190.49
gr24_F4K0J3.yaml	1300	1300	0	0	1	122.72	34149	81920	41.69	99	75	True	190.49
gr24_F4K0J3.yaml	1300	1300	0	0	1	123.249	34149	81920	41.69	98	75	True	190.49
gr24_F4K0J3.yaml	1300	1300	0	0	1	123.778	34149	81920	41.69	99	75	True	190.49
gr24_F4K0J3.yaml	1300	1300	0	0	1	124.314	34149	81920	41.69	99	76	True	190.49
gr24_F4K0J3.yaml	1300	1300	0	0	1	124.846	34149	81920	41.69	99	75	True	190.49
gr24_F4K0J3.yaml	1300	1300	0	0	1	125.376	34149	81920	41.69	98	75	True	190.49
gr24_F4K0J3.yaml	1300	1300	0	0	1	125.908	34149	81920	41.69	98	75	True	190.49
gr24_F4K0J3.yaml	1300	1300	0	0	1	126.438	34149	81920	41.69	99	75	True	190.49
gr24_F4K0J3.yaml	1300	1300	0	0	1	126.967	34149	81920	41.69	99	75	True	190.49
gr24_F4K0J3.yaml	1300	1300	0	0	1	127.496	34149	81920	41.69	99	75	True	190.49
gr24_F4K0J3.yaml	1300	1300	0	0	1	128.026	34149	81920	41.69	99	75	True	190.49
gr24_F4K0J3.yaml	1300	1300	0	0	1	128.554	34149	81920	41.69	99	75	True	190.49
gr24_F4K0J3.yaml	1300	1300	0	0	1	129.085	34149	81920	41.69	99	76	True	190.49
gr24_F4K0J3.yaml	1300	1300	0	0	1	129.621	34149	81920	41.69	99	75	True	190.49
gr24_F4K0J3.yaml	1300	1300	0	0	1	130.15	34149	81920	41.69	99	75	True	190.49
gr24_F4K0J3.yaml	1300	1300	0	0	1	130.68	34149	81920	41.69	99	75	True	190.49
gr24_F4K0J3.yaml	1300	1300	0	0	1	131.208	34149	81920	41.69	98	75	True	190.49
gr24_F4K0J3.yaml	1300	1300	0	0	1	131.739	34149	81920	41.69	99	75	True	190.49
gr24_F4K0J3.yaml	1300	1300	0	0	1	132.267	34149	81920	41.69	99	75	True	190.49
gr24_F4K0J3.yaml	1300	1300	0	0	1	132.796	34151	81920	41.69	99	75	True	190.49
gr24_F4K0J3.yaml	1300	1300	0	0	1	133.33	34153	81920	41.69	100	74	True	190.49
gr24_F4K0J3.yaml	1300	1300	0	0	1	133.865	34153	81920	41.69	100	75	True	190.49
gr24_F4K0J3.yaml	1300	1300	0	0	1	134.395	34153	81920	41.69	39	70	True	190.49
gr24_F4K0J3.yaml	1300	1300	0	0	1	134.983	34153	81920	41.69	3	66	True	190.49
gr24_F4K0J3.yaml	1300	1300	0	0	1	135.511	34153	81920	41.69	0	63	True	190.49
gr24_F4K0J3.yaml	1300	1300	0	0	1	136.04	34153	81920	41.69	2	61	True	190.49
gr24_F4K0J3.yaml	1300	1300	0	0	1	136.573	34153	81920	41.69	6	60	True	190.49
gr24_F4K0J3.yaml	1300	1300	0	0	1	137.104	559	81920	0.68	7	59	True	190.49
gr24_F4K0J3.yaml	1300	1300	0	0	1	137.636	559	81920	0.68	100	58	True	190.49
gr24_F4K0J3.yaml	1300	1300	0	0	1	138.167	559	81920	0.68	62	56	True	190.49
gr24_F4K0J3.yaml	1300	1300	0	0	1	138.696	559	81920	0.68	0	56	True	190.49
gr24_F4K0J3.yaml	1300	1300	0	0	1	139.226	559	81920	0.68	0	55	True	190.49
gr24_F4K0J3.yaml	1300	1300	0	0	1	139.783	559	81920	0.68	0	54	True	190.49
gr24_F4K0J3.yaml	1300	1300	0	0	1	140.298	559	81920	0.68	0	53	True	190.49
gr24_F4K0J3.yaml	1300	1300	0	0	1	140.823	559	81920	0.68	0	53	True	190.49
gr24_F4K0J3.yaml	1300	1300	0	0	1	141.35	559	81920	0.68	0	52	True	190.49
gr24_F4K0J3.yaml	1300	1300	0	0	1	141.867	559	81920	0.68	0	52	True	190.49
gr24_F4K0J3.yaml	1300	1300	0	0	1	142.383	559	81920	0.68	0	51	True	190.49
gr24_F4K0J3.yaml	1300	1300	0	0	1	142.91	559	81920	0.68	0	51	True	190.49
gr24_F4K0J3.yaml	1300	1300	0	0	1	143.426	559	81920	0.68	0	50	True	190.49
gr24_F4K0J3.yaml	1300	1300	0	0	1	143.943	559	81920	0.68	0	50	True	190.49
gr24_F4K0J3.yaml	1300	1300	0	0	1	144.475	559	81920	0.68	0	50	True	190.49
gr24_F4K0J3.yaml	1300	1300	0	0	1	145.001	559	81920	0.68	0	49	True	190.49
gr24_F4K0J3.yaml	1300	1300	0	0	1	145.519	559	81920	0.68	0	49	True	190.49
gr24_F4K0J3.yaml	1300	1300	0	0	1	146.035	559	81920	0.68	0	49	True	190.49
gr24_F4K0J3.yaml	1300	1300	0	0	1	146.551	559	81920	0.68	0	49	True	190.49
gr24_F4K0J3.yaml	1300	1300	0	0	1	147.066	559	81920	0.68	0	48	True	190.49
gr24_F4K0J3.yaml	1300	1300	0	0	1	147.581	559	81920	0.68	0	48	True	190.49
gr24_F4K0J3.yaml	1300	1300	0	0	1	148.122	559	81920	0.68	0	48	True	190.49
gr24_F4K0J3.yaml	1300	1300	0	0	1	148.641	559	81920	0.68	0	48	True	190.49
gr24_F4K0J3.yaml	1300	1300	0	0	1	149.158	559	81920	0.68	0	48	True	190.49
gr24_F4K0J3.yaml	1300	1300	0	0	1	149.673	559	81920	0.68	0	48	True	190.49
gr24_F4K0J3.yaml	1300	1300	0	0	1	150.191	559	81920	0.68	0	48	True	190.49
gr24_F4K0J3.yaml	1300	1300	0	0	1	150.706	559	81920	0.68	0	47	True	190.49
gr24_F4K0J3.yaml	1300	1300	0	0	1	151.226	559	81920	0.68	0	47	True	190.49
gr24_F4K0J3.yaml	1300	1300	0	0	1	151.765	559	81920	0.68	0	47	True	190.49
gr24_F4K0J3.yaml	1300	1300	0	0	1	152.284	559	81920	0.68	0	47	True	190.49
gr24_F4K0J3.yaml	1300	1300	0	0	1	152.804	559	81920	0.68	0	47	True	190.49
gr24_F4K0J3.yaml	1300	1300	0	0	1	153.321	559	81920	0.68	0	47	True	190.49
gr24_F4K0J3.yaml	1300	1300	0	0	1	153.837	559	81920	0.68	0	47	True	190.49
gr24_F4K0J3.yaml	1300	1300	0	0	1	154.353	559	81920	0.68	0	47	True	190.49
gr24_F4K0J3.yaml	1300	1300	0	0	1	154.882	559	81920	0.68	0	47	True	190.49
gr24_F4K0J3.yaml	1300	1300	0	0	1	155.418	559	81920	0.68	0	47	True	190.49
gr24_F4K0J3.yaml	1300	1300	0	0	1	155.953	559	81920	0.68	0	47	True	190.49
gr24_F4K0J3.yaml	1300	1300	0	0	1	156.48	559	81920	0.68	0	47	True	190.49
gr24_F4K0J3.yaml	1300	1300	0	0	1	156.998	559	81920	0.68	0	47	True	190.49
gr24_F4K0J3.yaml	1300	1300	0	0	1	157.517	559	81920	0.68	0	47	True	190.49
gr24_F4K0J3.yaml	1300	1300	0	0	1	158.034	559	81920	0.68	0	47	True	190.49
gr24_F4K0J3.yaml	1300	1300	0	0	1	158.554	559	81920	0.68	0	47	True	190.49
gr24_F4K0J3.yaml	1300	1300	0	0	1	159.08	559	81920	0.68	0	47	True	190.49
gr24_F4K0J3.yaml	1300	1300	0	0	1	159.599	559	81920	0.68	0	47	True	190.49
gr24_F4K0J3.yaml	1300	1300	0	0	1	160.116	559	81920	0.68	0	47	True	190.49
gr24_F4K0J3.yaml	1300	1300	0	0	1	160.634	559	81920	0.68	0	47	True	190.49
gr24_F4K0J3.yaml	1300	1300	0	0	1	161.152	559	81920	0.68	0	47	True	190.49
gr24_F4K0J3.yaml	1300	1300	0	0	1	161.68	559	81920	0.68	0	47	True	190.49
gr24_F4K0J3.yaml	1300	1300	0	0	1	162.211	559	81920	0.68	0	47	True	190.49
gr24_F4K0J3.yaml	1300	1300	0	0	1	162.727	559	81920	0.68	0	47	True	190.49
gr24_F4K0J3.yaml	1300	1300	0	0	1	163.242	559	81920	0.68	0	47	True	190.49
gr24_F4K0J3.yaml	1300	1300	0	0	1	163.766	559	81920	0.68	0	47	True	190.49
gr24_F4K0J3.yaml	1300	1300	0	0	1	164.304	559	81920	0.68	0	47	True	190.49
gr24_F4K0J3.yaml	1300	1300	0	0	1	164.834	559	81920	0.68	0	47	True	190.49
gr24_F4K0J3.yaml	1300	1300	0	0	1	165.374	559	81920	0.68	0	47	True	190.49
gr24_F4K0J3.yaml	1300	1300	0	0	1	165.925	559	81920	0.68	0	47	True	190.49
gr24_F4K0J3.yaml	1300	1300	0	0	1	166.549	2561	81920	3.13	17	47	True	190.49
gr24_F4K0J3.yaml	1300	1300	0	0	1	167.069	2699	81920	3.29	0	47	True	190.49
gr24_F4K0J3.yaml	1300	1300	0	0	1	167.59	2699	81920	3.29	0	47	True	190.49
gr24_F4K0J3.yaml	1300	1300	0	0	1	168.108	2699	81920	3.29	0	47	True	190.49
gr24_F4K0J3.yaml	1300	1300	0	0	1	168.625	10005	81920	12.21	46	52	True	190.49
gr24_F4K0J3.yaml	1300	1300	0	0	1	169.166	10005	81920	12.21	100	57	True	190.49
gr24_F4K0J3.yaml	1300	1300	0	0	1	169.694	10005	81920	12.21	100	59	True	190.49
gr24_F4K0J3.yaml	1300	1300	0	0	1	170.225	10005	81920	12.21	100	61	True	190.49
gr24_F4K0J3.yaml	1300	1300	0	0	1	170.755	10005	81920	12.21	100	62	True	190.49
gr24_F4K0J3.yaml	1300	1300	0	0	1	171.284	10005	81920	12.21	100	64	True	190.49
gr24_F4K0J3.yaml	1300	1300	0	0	1	171.815	10005	81920	12.21	100	65	True	190.49
gr24_F4K0J3.yaml	1300	1300	0	0	1	172.348	10005	81920	12.21	99	67	True	190.49
gr24_F4K0J3.yaml	1300	1300	0	0	1	172.878	10005	81920	12.21	98	69	True	190.49
gr24_F4K0J3.yaml	1300	1300	0	0	1	173.423	10005	81920	12.21	98	70	True	190.49
gr24_F4K0J3.yaml	1300	1300	0	0	1	173.954	10005	81920	12.21	98	71	True	190.49
gr24_F4K0J3.yaml	1300	1300	0	0	1	174.483	10005	81920	12.21	98	72	True	190.49
gr24_F4K0J3.yaml	1300	1300	0	0	1	175.017	10005	81920	12.21	98	73	True	190.49
gr24_F4K0J3.yaml	1300	1300	0	0	1	175.55	10005	81920	12.21	98	73	True	190.49
gr24_F4K0J3.yaml	1300	1300	0	0	1	176.081	10005	81920	12.21	98	74	True	190.49
gr24_F4K0J3.yaml	1300	1300	0	0	1	176.611	10005	81920	12.21	98	74	True	190.49
gr24_F4K0J3.yaml	1300	1300	0	0	1	177.144	10005	81920	12.21	98	75	True	190.49
gr24_F4K0J3.yaml	1300	1300	0	0	1	177.673	10005	81920	12.21	98	75	True	190.49
gr24_F4K0J3.yaml	1300	1300	0	0	1	178.205	10005	81920	12.21	98	75	True	190.49
gr24_F4K0J3.yaml	1300	1300	0	0	1	178.739	10005	81920	12.21	98	76	True	190.49
gr24_F4K0J3.yaml	1300	1300	0	0	1	179.269	10005	81920	12.21	98	76	True	190.49
gr24_F4K0J3.yaml	1300	1300	0	0	1	179.796	10005	81920	12.21	98	76	True	190.49
gr24_F4K0J3.yaml	1300	1300	0	0	1	180.327	10005	81920	12.21	98	76	True	190.49
gr24_F4K0J3.yaml	1300	1300	0	0	1	180.865	10005	81920	12.21	98	76	True	190.49
gr24_F4K0J3.yaml	1300	1300	0	0	1	181.393	10005	81920	12.21	98	77	True	190.49
gr24_F4K0J3.yaml	1300	1300	0	0	1	181.925	10005	81920	12.21	98	76	True	190.49
gr24_F4K0J3.yaml	1300	1300	0	0	1	182.454	10005	81920	12.21	98	77	True	190.49
gr24_F4K0J3.yaml	1300	1300	0	0	1	182.986	10005	81920	12.21	98	77	True	190.49
gr24_F4K0J3.yaml	1300	1300	0	0	1	183.513	10005	81920	12.21	98	76	True	190.49
gr24_F4K0J3.yaml	1300	1300	0	0	1	184.048	10005	81920	12.21	98	77	True	190.49
gr24_F4K0J3.yaml	1300	1300	0	0	1	184.577	10005	81920	12.21	98	77	True	190.49
gr24_F4K0J3.yaml	1300	1300	0	0	1	185.112	10005	81920	12.21	98	77	True	190.49
gr24_F4K0J3.yaml	1300	1300	0	0	1	185.64	10011	81920	12.22	98	76	True	190.49
gr24_F4K0J3.yaml	1300	1300	0	0	1	186.17	10019	81920	12.23	96	73	True	190.49
gr24_F4K0J3.yaml	1300	1300	0	0	1	186.698	10019	81920	12.23	7	68	True	190.49
gr24_F4K0J3.yaml	1300	1300	0	0	1	187.227	10019	81920	12.23	7	65	True	190.49
gr24_F4K0J3.yaml	1300	1300	0	0	1	187.757	557	81920	0.68	85	62	True	190.49
gr24_F4K0J3.yaml	1300	1300	0	0	1	188.285	557	81920	0.68	0	61	True	190.49
gr24_F4K0J3.yaml	1300	1300	0	0	1	188.816	521	81920	0.64	0	59	True	190.49
gr24_F4K0J3.yaml	1300	1300	0	0	1	189.346	521	81920	0.64	0	58	True	190.49
gr24_F4K0J3.yaml	1300	1300	0	0	1	189.874	521	81920	0.64	0	57	True	190.49
gr24_F4K0J3.yaml	1300	1300	0	0	1	190.414	0	81920	0.0	7	56	True	190.49
gr24_Q9FGK9.yaml	1350	1350	0	0	1	0.0	0	81920	0.0	7	55	True	191.65
gr24_Q9FGK9.yaml	1350	1350	0	0	1	0.532	0	81920	0.0	0	55	True	191.65
gr24_Q9FGK9.yaml	1350	1350	0	0	1	1.06	0	81920	0.0	0	54	True	191.65
gr24_Q9FGK9.yaml	1350	1350	0	0	1	1.589	0	81920	0.0	0	52	True	191.65
gr24_Q9FGK9.yaml	1350	1350	0	0	1	2.118	0	81920	0.0	0	50	True	191.65
gr24_Q9FGK9.yaml	1350	1350	0	0	1	2.647	0	81920	0.0	0	49	True	191.65
gr24_Q9FGK9.yaml	1350	1350	0	0	1	3.17	0	81920	0.0	0	49	True	191.65
gr24_Q9FGK9.yaml	1350	1350	0	0	1	3.69	0	81920	0.0	0	48	True	191.65
gr24_Q9FGK9.yaml	1350	1350	0	0	1	4.208	0	81920	0.0	0	47	True	191.65
gr24_Q9FGK9.yaml	1350	1350	0	0	1	4.729	0	81920	0.0	0	46	True	191.65
gr24_Q9FGK9.yaml	1350	1350	0	0	1	5.25	0	81920	0.0	0	46	True	191.65
gr24_Q9FGK9.yaml	1350	1350	0	0	1	5.772	0	81920	0.0	0	45	True	191.65
gr24_Q9FGK9.yaml	1350	1350	0	0	1	6.296	0	81920	0.0	0	45	True	191.65
gr24_Q9FGK9.yaml	1350	1350	0	0	1	6.815	0	81920	0.0	0	45	True	191.65
gr24_Q9FGK9.yaml	1350	1350	0	0	1	7.335	0	81920	0.0	0	44	True	191.65
gr24_Q9FGK9.yaml	1350	1350	0	0	1	7.856	0	81920	0.0	0	44	True	191.65
gr24_Q9FGK9.yaml	1350	1350	0	0	1	8.378	0	81920	0.0	0	44	True	191.65
gr24_Q9FGK9.yaml	1350	1350	0	0	1	8.903	0	81920	0.0	0	43	True	191.65
gr24_Q9FGK9.yaml	1350	1350	0	0	1	9.429	0	81920	0.0	0	43	True	191.65
gr24_Q9FGK9.yaml	1350	1350	0	0	1	9.954	0	81920	0.0	0	43	True	191.65
gr24_Q9FGK9.yaml	1350	1350	0	0	1	10.483	0	81920	0.0	0	43	True	191.65
gr24_Q9FGK9.yaml	1350	1350	0	0	1	11.014	0	81920	0.0	0	42	True	191.65
gr24_Q9FGK9.yaml	1350	1350	0	0	1	11.545	0	81920	0.0	0	42	True	191.65
gr24_Q9FGK9.yaml	1350	1350	0	0	1	12.069	0	81920	0.0	0	42	True	191.65
gr24_Q9FGK9.yaml	1350	1350	0	0	1	12.586	0	81920	0.0	0	42	True	191.65
gr24_Q9FGK9.yaml	1350	1350	0	0	1	13.104	0	81920	0.0	0	42	True	191.65
gr24_Q9FGK9.yaml	1350	1350	0	0	1	13.621	0	81920	0.0	0	42	True	191.65
gr24_Q9FGK9.yaml	1350	1350	0	0	1	14.158	0	81920	0.0	0	41	True	191.65
gr24_Q9FGK9.yaml	1350	1350	0	0	1	14.683	0	81920	0.0	0	41	True	191.65
gr24_Q9FGK9.yaml	1350	1350	0	0	1	15.2	0	81920	0.0	0	41	True	191.65
gr24_Q9FGK9.yaml	1350	1350	0	0	1	15.719	0	81920	0.0	0	41	True	191.65
gr24_Q9FGK9.yaml	1350	1350	0	0	1	16.237	0	81920	0.0	0	41	True	191.65
gr24_Q9FGK9.yaml	1350	1350	0	0	1	16.758	0	81920	0.0	0	41	True	191.65
gr24_Q9FGK9.yaml	1350	1350	0	0	1	17.292	0	81920	0.0	0	41	True	191.65
gr24_Q9FGK9.yaml	1350	1350	0	0	1	17.828	0	81920	0.0	0	41	True	191.65
gr24_Q9FGK9.yaml	1350	1350	0	0	1	18.346	0	81920	0.0	0	41	True	191.65
gr24_Q9FGK9.yaml	1350	1350	0	0	1	18.864	0	81920	0.0	0	41	True	191.65
gr24_Q9FGK9.yaml	1350	1350	0	0	1	19.382	0	81920	0.0	0	41	True	191.65
gr24_Q9FGK9.yaml	1350	1350	0	0	1	19.9	0	81920	0.0	0	41	True	191.65
gr24_Q9FGK9.yaml	1350	1350	0	0	1	20.428	0	81920	0.0	0	40	True	191.65
gr24_Q9FGK9.yaml	1350	1350	0	0	1	20.946	0	81920	0.0	0	40	True	191.65
gr24_Q9FGK9.yaml	1350	1350	0	0	1	21.465	0	81920	0.0	0	40	True	191.65
gr24_Q9FGK9.yaml	1350	1350	0	0	1	21.982	0	81920	0.0	0	40	True	191.65
gr24_Q9FGK9.yaml	1350	1350	0	0	1	22.501	0	81920	0.0	0	40	True	191.65
gr24_Q9FGK9.yaml	1350	1350	0	0	1	23.022	0	81920	0.0	0	40	True	191.65
gr24_Q9FGK9.yaml	1350	1350	0	0	1	23.54	0	81920	0.0	0	40	True	191.65
gr24_Q9FGK9.yaml	1350	1350	0	0	1	24.055	0	81920	0.0	0	40	True	191.65
gr24_Q9FGK9.yaml	1350	1350	0	0	1	24.578	0	81920	0.0	0	40	True	191.65
gr24_Q9FGK9.yaml	1350	1350	0	0	1	25.096	0	81920	0.0	0	40	True	191.65
gr24_Q9FGK9.yaml	1350	1350	0	0	1	25.621	0	81920	0.0	0	40	True	191.65
gr24_Q9FGK9.yaml	1350	1350	0	0	1	26.142	0	81920	0.0	0	40	True	191.65
gr24_Q9FGK9.yaml	1350	1350	0	0	1	26.663	0	81920	0.0	0	40	True	191.65
gr24_Q9FGK9.yaml	1350	1350	0	0	1	27.181	0	81920	0.0	0	40	True	191.65
gr24_Q9FGK9.yaml	1350	1350	0	0	1	27.712	0	81920	0.0	0	40	True	191.65
gr24_Q9FGK9.yaml	1350	1350	0	0	1	28.231	0	81920	0.0	0	40	True	191.65
gr24_Q9FGK9.yaml	1350	1350	0	0	1	28.748	0	81920	0.0	0	40	True	191.65
gr24_Q9FGK9.yaml	1350	1350	0	0	1	29.267	0	81920	0.0	0	40	True	191.65
gr24_Q9FGK9.yaml	1350	1350	0	0	1	29.791	0	81920	0.0	0	40	True	191.65
gr24_Q9FGK9.yaml	1350	1350	0	0	1	30.309	0	81920	0.0	0	40	True	191.65
gr24_Q9FGK9.yaml	1350	1350	0	0	1	30.828	0	81920	0.0	0	40	True	191.65
gr24_Q9FGK9.yaml	1350	1350	0	0	1	31.349	0	81920	0.0	0	40	True	191.65
gr24_Q9FGK9.yaml	1350	1350	0	0	1	31.873	0	81920	0.0	0	39	True	191.65
gr24_Q9FGK9.yaml	1350	1350	0	0	1	32.411	507	81920	0.62	0	40	True	191.65
gr24_Q9FGK9.yaml	1350	1350	0	0	1	32.928	2609	81920	3.18	24	41	True	191.65
gr24_Q9FGK9.yaml	1350	1350	0	0	1	33.454	2609	81920	3.18	0	41	True	191.65
gr24_Q9FGK9.yaml	1350	1350	0	0	1	33.973	2609	81920	3.18	0	42	True	191.65
gr24_Q9FGK9.yaml	1350	1350	0	0	1	34.497	2609	81920	3.18	0	42	True	191.65
gr24_Q9FGK9.yaml	1350	1350	0	0	1	35.017	2609	81920	3.18	0	42	True	191.65
gr24_Q9FGK9.yaml	1350	1350	0	0	1	35.539	2609	81920	3.18	0	42	True	191.65
gr24_Q9FGK9.yaml	1350	1350	0	0	1	36.063	2609	81920	3.18	0	42	True	191.65
gr24_Q9FGK9.yaml	1350	1350	0	0	1	36.591	2609	81920	3.18	0	42	True	191.65
gr24_Q9FGK9.yaml	1350	1350	0	0	1	37.118	2609	81920	3.18	0	43	True	191.65
gr24_Q9FGK9.yaml	1350	1350	0	0	1	37.646	2611	81920	3.19	1	43	True	191.65
gr24_Q9FGK9.yaml	1350	1350	0	0	1	38.177	3821	81920	4.66	21	43	True	191.65
gr24_Q9FGK9.yaml	1350	1350	0	0	1	38.707	9983	81920	12.19	1	43	True	191.65
gr24_Q9FGK9.yaml	1350	1350	0	0	1	39.238	9983	81920	12.19	0	43	True	191.65
gr24_Q9FGK9.yaml	1350	1350	0	0	1	39.766	9983	81920	12.19	0	43	True	191.65
gr24_Q9FGK9.yaml	1350	1350	0	0	1	40.296	9983	81920	12.19	0	43	True	191.65
gr24_Q9FGK9.yaml	1350	1350	0	0	1	40.824	9983	81920	12.19	0	43	True	191.65
gr24_Q9FGK9.yaml	1350	1350	0	0	1	41.352	9983	81920	12.19	0	43	True	191.65
gr24_Q9FGK9.yaml	1350	1350	0	0	1	41.882	9983	81920	12.19	0	43	True	191.65
gr24_Q9FGK9.yaml	1350	1350	0	0	1	42.416	16193	81920	19.77	100	49	True	191.65
gr24_Q9FGK9.yaml	1350	1350	0	0	1	42.951	24473	81920	29.87	100	54	True	191.65
gr24_Q9FGK9.yaml	1350	1350	0	0	1	43.478	24473	81920	29.87	100	56	True	191.65
gr24_Q9FGK9.yaml	1350	1350	0	0	1	44.009	24473	81920	29.87	100	58	True	191.65
gr24_Q9FGK9.yaml	1350	1350	0	0	1	44.539	24473	81920	29.87	100	59	True	191.65
gr24_Q9FGK9.yaml	1350	1350	0	0	1	45.069	24473	81920	29.87	100	61	True	191.65
gr24_Q9FGK9.yaml	1350	1350	0	0	1	45.603	24473	81920	29.87	100	62	True	191.65
gr24_Q9FGK9.yaml	1350	1350	0	0	1	46.136	24473	81920	29.87	100	63	True	191.65
gr24_Q9FGK9.yaml	1350	1350	0	0	1	46.666	24473	81920	29.87	100	63	True	191.65
gr24_Q9FGK9.yaml	1350	1350	0	0	1	47.201	24473	81920	29.87	100	65	True	191.65
gr24_Q9FGK9.yaml	1350	1350	0	0	1	47.731	24473	81920	29.87	100	65	True	191.65
gr24_Q9FGK9.yaml	1350	1350	0	0	1	48.263	24473	81920	29.87	100	66	True	191.65
gr24_Q9FGK9.yaml	1350	1350	0	0	1	48.824	24473	81920	29.87	100	67	True	191.65
gr24_Q9FGK9.yaml	1350	1350	0	0	1	49.354	24473	81920	29.87	100	68	True	191.65
gr24_Q9FGK9.yaml	1350	1350	0	0	1	49.885	24473	81920	29.87	100	68	True	191.65
gr24_Q9FGK9.yaml	1350	1350	0	0	1	50.418	24473	81920	29.87	100	68	True	191.65
gr24_Q9FGK9.yaml	1350	1350	0	0	1	50.945	24473	81920	29.87	100	69	True	191.65
gr24_Q9FGK9.yaml	1350	1350	0	0	1	51.479	24473	81920	29.87	100	69	True	191.65
gr24_Q9FGK9.yaml	1350	1350	0	0	1	52.009	24473	81920	29.87	100	70	True	191.65
gr24_Q9FGK9.yaml	1350	1350	0	0	1	52.538	24473	81920	29.87	100	70	True	191.65
gr24_Q9FGK9.yaml	1350	1350	0	0	1	53.067	24473	81920	29.87	100	70	True	191.65
gr24_Q9FGK9.yaml	1350	1350	0	0	1	53.596	24473	81920	29.87	100	71	True	191.65
gr24_Q9FGK9.yaml	1350	1350	0	0	1	54.125	24473	81920	29.87	100	71	True	191.65
gr24_Q9FGK9.yaml	1350	1350	0	0	1	54.655	24473	81920	29.87	100	71	True	191.65
gr24_Q9FGK9.yaml	1350	1350	0	0	1	55.188	24473	81920	29.87	100	71	True	191.65
gr24_Q9FGK9.yaml	1350	1350	0	0	1	55.721	24473	81920	29.87	100	72	True	191.65
gr24_Q9FGK9.yaml	1350	1350	0	0	1	56.252	24473	81920	29.87	100	71	True	191.65
gr24_Q9FGK9.yaml	1350	1350	0	0	1	56.782	24473	81920	29.87	100	72	True	191.65
gr24_Q9FGK9.yaml	1350	1350	0	0	1	57.313	24473	81920	29.87	100	71	True	191.65
gr24_Q9FGK9.yaml	1350	1350	0	0	1	57.843	24473	81920	29.87	100	72	True	191.65
gr24_Q9FGK9.yaml	1350	1350	0	0	1	58.381	24473	81920	29.87	100	72	True	191.65
gr24_Q9FGK9.yaml	1350	1350	0	0	1	58.912	24473	81920	29.87	100	72	True	191.65
gr24_Q9FGK9.yaml	1350	1350	0	0	1	59.44	24473	81920	29.87	100	72	True	191.65
gr24_Q9FGK9.yaml	1350	1350	0	0	1	59.972	24473	81920	29.87	100	72	True	191.65
gr24_Q9FGK9.yaml	1350	1350	0	0	1	60.507	24473	81920	29.87	100	72	True	191.65
gr24_Q9FGK9.yaml	1350	1350	0	0	1	61.039	24473	81920	29.87	100	72	True	191.65
gr24_Q9FGK9.yaml	1350	1350	0	0	1	61.57	24473	81920	29.87	100	72	True	191.65
gr24_Q9FGK9.yaml	1350	1350	0	0	1	62.111	24473	81920	29.87	100	73	True	191.65
gr24_Q9FGK9.yaml	1350	1350	0	0	1	62.65	24473	81920	29.87	100	72	True	191.65
gr24_Q9FGK9.yaml	1350	1350	0	0	1	63.179	24473	81920	29.87	100	73	True	191.65
gr24_Q9FGK9.yaml	1350	1350	0	0	1	63.709	24473	81920	29.87	100	72	True	191.65
gr24_Q9FGK9.yaml	1350	1350	0	0	1	64.234	24473	81920	29.87	100	73	True	191.65
gr24_Q9FGK9.yaml	1350	1350	0	0	1	64.765	24473	81920	29.87	100	73	True	191.65
gr24_Q9FGK9.yaml	1350	1350	0	0	1	65.3	24473	81920	29.87	100	73	True	191.65
gr24_Q9FGK9.yaml	1350	1350	0	0	1	65.832	24473	81920	29.87	100	73	True	191.65
gr24_Q9FGK9.yaml	1350	1350	0	0	1	66.364	24473	81920	29.87	100	73	True	191.65
gr24_Q9FGK9.yaml	1350	1350	0	0	1	66.895	24473	81920	29.87	100	73	True	191.65
gr24_Q9FGK9.yaml	1350	1350	0	0	1	67.425	24473	81920	29.87	100	73	True	191.65
gr24_Q9FGK9.yaml	1350	1350	0	0	1	67.96	24473	81920	29.87	100	73	True	191.65
gr24_Q9FGK9.yaml	1350	1350	0	0	1	68.507	24473	81920	29.87	100	73	True	191.65
gr24_Q9FGK9.yaml	1350	1350	0	0	1	69.039	24473	81920	29.87	100	73	True	191.65
gr24_Q9FGK9.yaml	1350	1350	0	0	1	69.568	24473	81920	29.87	100	73	True	191.65
gr24_Q9FGK9.yaml	1350	1350	0	0	1	70.096	24473	81920	29.87	100	73	True	191.65
gr24_Q9FGK9.yaml	1350	1350	0	0	1	70.638	24473	81920	29.87	100	73	True	191.65
gr24_Q9FGK9.yaml	1350	1350	0	0	1	71.17	24473	81920	29.87	100	73	True	191.65
gr24_Q9FGK9.yaml	1350	1350	0	0	1	71.701	24473	81920	29.87	100	73	True	191.65
gr24_Q9FGK9.yaml	1350	1350	0	0	1	72.229	24473	81920	29.87	100	73	True	191.65
gr24_Q9FGK9.yaml	1350	1350	0	0	1	72.772	24473	81920	29.87	100	73	True	191.65
gr24_Q9FGK9.yaml	1350	1350	0	0	1	73.305	24473	81920	29.87	100	73	True	191.65
gr24_Q9FGK9.yaml	1350	1350	0	0	1	73.837	24473	81920	29.87	100	73	True	191.65
gr24_Q9FGK9.yaml	1350	1350	0	0	1	74.373	24473	81920	29.87	100	73	True	191.65
gr24_Q9FGK9.yaml	1350	1350	0	0	1	74.905	24473	81920	29.87	100	73	True	191.65
gr24_Q9FGK9.yaml	1350	1350	0	0	1	75.435	24473	81920	29.87	100	73	True	191.65
gr24_Q9FGK9.yaml	1350	1350	0	0	1	75.964	24473	81920	29.87	100	73	True	191.65
gr24_Q9FGK9.yaml	1350	1350	0	0	1	76.497	24473	81920	29.87	100	73	True	191.65
gr24_Q9FGK9.yaml	1350	1350	0	0	1	77.027	24473	81920	29.87	100	74	True	191.65
gr24_Q9FGK9.yaml	1350	1350	0	0	1	77.559	24473	81920	29.87	100	73	True	191.65
gr24_Q9FGK9.yaml	1350	1350	0	0	1	78.088	24473	81920	29.87	100	74	True	191.65
gr24_Q9FGK9.yaml	1350	1350	0	0	1	78.616	24473	81920	29.87	100	73	True	191.65
gr24_Q9FGK9.yaml	1350	1350	0	0	1	79.15	24473	81920	29.87	100	74	True	191.65
gr24_Q9FGK9.yaml	1350	1350	0	0	1	79.681	24473	81920	29.87	100	73	True	191.65
gr24_Q9FGK9.yaml	1350	1350	0	0	1	80.219	24473	81920	29.87	100	74	True	191.65
gr24_Q9FGK9.yaml	1350	1350	0	0	1	80.751	24473	81920	29.87	100	74	True	191.65
gr24_Q9FGK9.yaml	1350	1350	0	0	1	81.28	24473	81920	29.87	100	74	True	191.65
gr24_Q9FGK9.yaml	1350	1350	0	0	1	81.816	24473	81920	29.87	100	74	True	191.65
gr24_Q9FGK9.yaml	1350	1350	0	0	1	82.348	24473	81920	29.87	100	74	True	191.65
gr24_Q9FGK9.yaml	1350	1350	0	0	1	82.88	24473	81920	29.87	100	74	True	191.65
gr24_Q9FGK9.yaml	1350	1350	0	0	1	83.413	24473	81920	29.87	100	74	True	191.65
gr24_Q9FGK9.yaml	1350	1350	0	0	1	83.945	24473	81920	29.87	100	73	True	191.65
gr24_Q9FGK9.yaml	1350	1350	0	0	1	84.475	24473	81920	29.87	100	74	True	191.65
gr24_Q9FGK9.yaml	1350	1350	0	0	1	85.006	24473	81920	29.87	100	73	True	191.65
gr24_Q9FGK9.yaml	1350	1350	0	0	1	85.537	24473	81920	29.87	100	74	True	191.65
gr24_Q9FGK9.yaml	1350	1350	0	0	1	86.076	24473	81920	29.87	100	74	True	191.65
gr24_Q9FGK9.yaml	1350	1350	0	0	1	86.617	24473	81920	29.87	100	73	True	191.65
gr24_Q9FGK9.yaml	1350	1350	0	0	1	87.148	24473	81920	29.87	100	74	True	191.65
gr24_Q9FGK9.yaml	1350	1350	0	0	1	87.682	24473	81920	29.87	100	74	True	191.65
gr24_Q9FGK9.yaml	1350	1350	0	0	1	88.215	24473	81920	29.87	100	74	True	191.65
gr24_Q9FGK9.yaml	1350	1350	0	0	1	88.743	24473	81920	29.87	100	74	True	191.65
gr24_Q9FGK9.yaml	1350	1350	0	0	1	89.275	24473	81920	29.87	100	74	True	191.65
gr24_Q9FGK9.yaml	1350	1350	0	0	1	89.807	24473	81920	29.87	100	74	True	191.65
gr24_Q9FGK9.yaml	1350	1350	0	0	1	90.344	24473	81920	29.87	100	74	True	191.65
gr24_Q9FGK9.yaml	1350	1350	0	0	1	90.874	24473	81920	29.87	100	74	True	191.65
gr24_Q9FGK9.yaml	1350	1350	0	0	1	91.4	24473	81920	29.87	100	74	True	191.65
gr24_Q9FGK9.yaml	1350	1350	0	0	1	91.931	24473	81920	29.87	100	74	True	191.65
gr24_Q9FGK9.yaml	1350	1350	0	0	1	92.464	24473	81920	29.87	100	74	True	191.65
gr24_Q9FGK9.yaml	1350	1350	0	0	1	92.996	24473	81920	29.87	100	74	True	191.65
gr24_Q9FGK9.yaml	1350	1350	0	0	1	93.529	24473	81920	29.87	100	74	True	191.65
gr24_Q9FGK9.yaml	1350	1350	0	0	1	94.059	24473	81920	29.87	100	74	True	191.65
gr24_Q9FGK9.yaml	1350	1350	0	0	1	94.587	24473	81920	29.87	100	74	True	191.65
gr24_Q9FGK9.yaml	1350	1350	0	0	1	95.116	24473	81920	29.87	100	74	True	191.65
gr24_Q9FGK9.yaml	1350	1350	0	0	1	95.647	24473	81920	29.87	100	74	True	191.65
gr24_Q9FGK9.yaml	1350	1350	0	0	1	96.182	24473	81920	29.87	100	74	True	191.65
gr24_Q9FGK9.yaml	1350	1350	0	0	1	96.71	24473	81920	29.87	100	74	True	191.65
gr24_Q9FGK9.yaml	1350	1350	0	0	1	97.239	24473	81920	29.87	100	74	True	191.65
gr24_Q9FGK9.yaml	1350	1350	0	0	1	97.772	27269	81920	33.29	52	71	True	191.65
gr24_Q9FGK9.yaml	1350	1350	0	0	1	98.302	27269	81920	33.29	99	73	True	191.65
gr24_Q9FGK9.yaml	1350	1350	0	0	1	98.833	27269	81920	33.29	99	73	True	191.65
gr24_Q9FGK9.yaml	1350	1350	0	0	1	99.361	27269	81920	33.29	98	74	True	191.65
gr24_Q9FGK9.yaml	1350	1350	0	0	1	99.89	27269	81920	33.29	99	74	True	191.65
gr24_Q9FGK9.yaml	1350	1350	0	0	1	100.419	27269	81920	33.29	98	75	True	191.65
gr24_Q9FGK9.yaml	1350	1350	0	0	1	100.948	27269	81920	33.29	99	74	True	191.65
gr24_Q9FGK9.yaml	1350	1350	0	0	1	101.478	27269	81920	33.29	98	75	True	191.65
gr24_Q9FGK9.yaml	1350	1350	0	0	1	102.01	27269	81920	33.29	99	75	True	191.65
gr24_Q9FGK9.yaml	1350	1350	0	0	1	102.542	27269	81920	33.29	99	75	True	191.65
gr24_Q9FGK9.yaml	1350	1350	0	0	1	103.071	27269	81920	33.29	98	75	True	191.65
gr24_Q9FGK9.yaml	1350	1350	0	0	1	103.605	27269	81920	33.29	99	75	True	191.65
gr24_Q9FGK9.yaml	1350	1350	0	0	1	104.135	27269	81920	33.29	99	75	True	191.65
gr24_Q9FGK9.yaml	1350	1350	0	0	1	104.665	27269	81920	33.29	98	75	True	191.65
gr24_Q9FGK9.yaml	1350	1350	0	0	1	105.201	27269	81920	33.29	99	75	True	191.65
gr24_Q9FGK9.yaml	1350	1350	0	0	1	105.734	27269	81920	33.29	99	75	True	191.65
gr24_Q9FGK9.yaml	1350	1350	0	0	1	106.264	27269	81920	33.29	99	75	True	191.65
gr24_Q9FGK9.yaml	1350	1350	0	0	1	106.794	27269	81920	33.29	98	75	True	191.65
gr24_Q9FGK9.yaml	1350	1350	0	0	1	107.325	27269	81920	33.29	99	75	True	191.65
gr24_Q9FGK9.yaml	1350	1350	0	0	1	107.858	27269	81920	33.29	99	75	True	191.65
gr24_Q9FGK9.yaml	1350	1350	0	0	1	108.39	27269	81920	33.29	98	75	True	191.65
gr24_Q9FGK9.yaml	1350	1350	0	0	1	108.923	27269	81920	33.29	99	75	True	191.65
gr24_Q9FGK9.yaml	1350	1350	0	0	1	109.454	27269	81920	33.29	99	75	True	191.65
gr24_Q9FGK9.yaml	1350	1350	0	0	1	109.986	27269	81920	33.29	99	75	True	191.65
gr24_Q9FGK9.yaml	1350	1350	0	0	1	110.514	27269	81920	33.29	99	75	True	191.65
gr24_Q9FGK9.yaml	1350	1350	0	0	1	111.046	27269	81920	33.29	99	75	True	191.65
gr24_Q9FGK9.yaml	1350	1350	0	0	1	111.577	27269	81920	33.29	99	75	True	191.65
gr24_Q9FGK9.yaml	1350	1350	0	0	1	112.107	27269	81920	33.29	99	75	True	191.65
gr24_Q9FGK9.yaml	1350	1350	0	0	1	112.634	27269	81920	33.29	99	75	True	191.65
gr24_Q9FGK9.yaml	1350	1350	0	0	1	113.162	27269	81920	33.29	99	75	True	191.65
gr24_Q9FGK9.yaml	1350	1350	0	0	1	113.692	27269	81920	33.29	98	75	True	191.65
gr24_Q9FGK9.yaml	1350	1350	0	0	1	114.225	27269	81920	33.29	99	75	True	191.65
gr24_Q9FGK9.yaml	1350	1350	0	0	1	114.763	27269	81920	33.29	99	75	True	191.65
gr24_Q9FGK9.yaml	1350	1350	0	0	1	115.295	27269	81920	33.29	99	75	True	191.65
gr24_Q9FGK9.yaml	1350	1350	0	0	1	115.823	27269	81920	33.29	99	75	True	191.65
gr24_Q9FGK9.yaml	1350	1350	0	0	1	116.353	27269	81920	33.29	99	75	True	191.65
gr24_Q9FGK9.yaml	1350	1350	0	0	1	116.882	27269	81920	33.29	99	75	True	191.65
gr24_Q9FGK9.yaml	1350	1350	0	0	1	117.413	27269	81920	33.29	98	75	True	191.65
gr24_Q9FGK9.yaml	1350	1350	0	0	1	117.948	27269	81920	33.29	99	75	True	191.65
gr24_Q9FGK9.yaml	1350	1350	0	0	1	118.475	27269	81920	33.29	99	75	True	191.65
gr24_Q9FGK9.yaml	1350	1350	0	0	1	119.004	27269	81920	33.29	98	75	True	191.65
gr24_Q9FGK9.yaml	1350	1350	0	0	1	119.536	27269	81920	33.29	99	75	True	191.65
gr24_Q9FGK9.yaml	1350	1350	0	0	1	120.068	27269	81920	33.29	99	75	True	191.65
gr24_Q9FGK9.yaml	1350	1350	0	0	1	120.599	27269	81920	33.29	98	75	True	191.65
gr24_Q9FGK9.yaml	1350	1350	0	0	1	121.133	27269	81920	33.29	99	75	True	191.65
gr24_Q9FGK9.yaml	1350	1350	0	0	1	121.664	27269	81920	33.29	99	75	True	191.65
gr24_Q9FGK9.yaml	1350	1350	0	0	1	122.195	27269	81920	33.29	99	75	True	191.65
gr24_Q9FGK9.yaml	1350	1350	0	0	1	122.725	27269	81920	33.29	99	75	True	191.65
gr24_Q9FGK9.yaml	1350	1350	0	0	1	123.254	27269	81920	33.29	99	75	True	191.65
gr24_Q9FGK9.yaml	1350	1350	0	0	1	123.783	27269	81920	33.29	99	75	True	191.65
gr24_Q9FGK9.yaml	1350	1350	0	0	1	124.313	27269	81920	33.29	98	75	True	191.65
gr24_Q9FGK9.yaml	1350	1350	0	0	1	124.843	27269	81920	33.29	99	75	True	191.65
gr24_Q9FGK9.yaml	1350	1350	0	0	1	125.383	27269	81920	33.29	99	75	True	191.65
gr24_Q9FGK9.yaml	1350	1350	0	0	1	125.92	27269	81920	33.29	99	75	True	191.65
gr24_Q9FGK9.yaml	1350	1350	0	0	1	126.449	27269	81920	33.29	99	75	True	191.65
gr24_Q9FGK9.yaml	1350	1350	0	0	1	126.978	27269	81920	33.29	99	75	True	191.65
gr24_Q9FGK9.yaml	1350	1350	0	0	1	127.505	27269	81920	33.29	99	75	True	191.65
gr24_Q9FGK9.yaml	1350	1350	0	0	1	128.037	27269	81920	33.29	99	75	True	191.65
gr24_Q9FGK9.yaml	1350	1350	0	0	1	128.571	27269	81920	33.29	99	75	True	191.65
gr24_Q9FGK9.yaml	1350	1350	0	0	1	129.101	27269	81920	33.29	98	75	True	191.65
gr24_Q9FGK9.yaml	1350	1350	0	0	1	129.635	27269	81920	33.29	99	75	True	191.65
gr24_Q9FGK9.yaml	1350	1350	0	0	1	130.162	27273	81920	33.29	100	75	True	191.65
gr24_Q9FGK9.yaml	1350	1350	0	0	1	130.694	27273	81920	33.29	100	74	True	191.65
gr24_Q9FGK9.yaml	1350	1350	0	0	1	131.222	27273	81920	33.29	100	72	True	191.65
gr24_Q9FGK9.yaml	1350	1350	0	0	1	131.754	27273	81920	33.29	4	68	True	191.65
gr24_Q9FGK9.yaml	1350	1350	0	0	1	132.283	27273	81920	33.29	3	64	True	191.65
gr24_Q9FGK9.yaml	1350	1350	0	0	1	132.811	27273	81920	33.29	0	62	True	191.65
gr24_Q9FGK9.yaml	1350	1350	0	0	1	133.34	27273	81920	33.29	4	61	True	191.65
gr24_Q9FGK9.yaml	1350	1350	0	0	1	133.87	27273	81920	33.29	6	59	True	191.65
gr24_Q9FGK9.yaml	1350	1350	0	0	1	134.399	559	81920	0.68	39	58	True	191.65
gr24_Q9FGK9.yaml	1350	1350	0	0	1	134.938	559	81920	0.68	100	57	True	191.65
gr24_Q9FGK9.yaml	1350	1350	0	0	1	135.466	559	81920	0.68	0	56	True	191.65
gr24_Q9FGK9.yaml	1350	1350	0	0	1	135.995	559	81920	0.68	0	55	True	191.65
gr24_Q9FGK9.yaml	1350	1350	0	0	1	136.525	559	81920	0.68	0	54	True	191.65
gr24_Q9FGK9.yaml	1350	1350	0	0	1	137.047	559	81920	0.68	0	54	True	191.65
gr24_Q9FGK9.yaml	1350	1350	0	0	1	137.566	559	81920	0.68	0	53	True	191.65
gr24_Q9FGK9.yaml	1350	1350	0	0	1	138.085	559	81920	0.68	0	52	True	191.65
gr24_Q9FGK9.yaml	1350	1350	0	0	1	138.604	559	81920	0.68	0	52	True	191.65
gr24_Q9FGK9.yaml	1350	1350	0	0	1	139.123	559	81920	0.68	0	51	True	191.65
gr24_Q9FGK9.yaml	1350	1350	0	0	1	139.644	559	81920	0.68	0	51	True	191.65
gr24_Q9FGK9.yaml	1350	1350	0	0	1	140.161	559	81920	0.68	0	51	True	191.65
gr24_Q9FGK9.yaml	1350	1350	0	0	1	140.68	559	81920	0.68	0	50	True	191.65
gr24_Q9FGK9.yaml	1350	1350	0	0	1	141.198	559	81920	0.68	0	50	True	191.65
gr24_Q9FGK9.yaml	1350	1350	0	0	1	141.726	559	81920	0.68	0	50	True	191.65
gr24_Q9FGK9.yaml	1350	1350	0	0	1	142.263	559	81920	0.68	0	49	True	191.65
gr24_Q9FGK9.yaml	1350	1350	0	0	1	142.779	559	81920	0.68	0	49	True	191.65
gr24_Q9FGK9.yaml	1350	1350	0	0	1	143.302	559	81920	0.68	0	49	True	191.65
gr24_Q9FGK9.yaml	1350	1350	0	0	1	143.817	559	81920	0.68	0	49	True	191.65
gr24_Q9FGK9.yaml	1350	1350	0	0	1	144.34	559	81920	0.68	0	48	True	191.65
gr24_Q9FGK9.yaml	1350	1350	0	0	1	144.871	559	81920	0.68	0	48	True	191.65
gr24_Q9FGK9.yaml	1350	1350	0	0	1	145.388	559	81920	0.68	0	48	True	191.65
gr24_Q9FGK9.yaml	1350	1350	0	0	1	145.91	559	81920	0.68	0	48	True	191.65
gr24_Q9FGK9.yaml	1350	1350	0	0	1	146.426	559	81920	0.68	0	48	True	191.65
gr24_Q9FGK9.yaml	1350	1350	0	0	1	146.942	559	81920	0.68	0	48	True	191.65
gr24_Q9FGK9.yaml	1350	1350	0	0	1	147.464	559	81920	0.68	0	48	True	191.65
gr24_Q9FGK9.yaml	1350	1350	0	0	1	147.981	559	81920	0.68	0	47	True	191.65
gr24_Q9FGK9.yaml	1350	1350	0	0	1	148.501	559	81920	0.68	0	47	True	191.65
gr24_Q9FGK9.yaml	1350	1350	0	0	1	149.032	559	81920	0.68	0	47	True	191.65
gr24_Q9FGK9.yaml	1350	1350	0	0	1	149.55	559	81920	0.68	0	47	True	191.65
gr24_Q9FGK9.yaml	1350	1350	0	0	1	150.067	559	81920	0.68	0	47	True	191.65
gr24_Q9FGK9.yaml	1350	1350	0	0	1	150.603	559	81920	0.68	0	47	True	191.65
gr24_Q9FGK9.yaml	1350	1350	0	0	1	151.128	559	81920	0.68	0	47	True	191.65
gr24_Q9FGK9.yaml	1350	1350	0	0	1	151.65	559	81920	0.68	0	47	True	191.65
gr24_Q9FGK9.yaml	1350	1350	0	0	1	152.166	559	81920	0.68	0	47	True	191.65
gr24_Q9FGK9.yaml	1350	1350	0	0	1	152.683	559	81920	0.68	0	47	True	191.65
gr24_Q9FGK9.yaml	1350	1350	0	0	1	153.199	559	81920	0.68	0	47	True	191.65
gr24_Q9FGK9.yaml	1350	1350	0	0	1	153.727	559	81920	0.68	0	47	True	191.65
gr24_Q9FGK9.yaml	1350	1350	0	0	1	154.245	559	81920	0.68	0	47	True	191.65
gr24_Q9FGK9.yaml	1350	1350	0	0	1	154.781	559	81920	0.68	0	47	True	191.65
gr24_Q9FGK9.yaml	1350	1350	0	0	1	155.311	559	81920	0.68	0	47	True	191.65
gr24_Q9FGK9.yaml	1350	1350	0	0	1	155.831	559	81920	0.68	0	47	True	191.65
gr24_Q9FGK9.yaml	1350	1350	0	0	1	156.349	559	81920	0.68	0	47	True	191.65
gr24_Q9FGK9.yaml	1350	1350	0	0	1	156.87	559	81920	0.68	0	47	True	191.65
gr24_Q9FGK9.yaml	1350	1350	0	0	1	157.388	559	81920	0.68	0	47	True	191.65
gr24_Q9FGK9.yaml	1350	1350	0	0	1	157.905	559	81920	0.68	0	47	True	191.65
gr24_Q9FGK9.yaml	1350	1350	0	0	1	158.438	559	81920	0.68	0	47	True	191.65
gr24_Q9FGK9.yaml	1350	1350	0	0	1	158.979	559	81920	0.68	0	47	True	191.65
gr24_Q9FGK9.yaml	1350	1350	0	0	1	159.513	559	81920	0.68	0	47	True	191.65
gr24_Q9FGK9.yaml	1350	1350	0	0	1	160.029	559	81920	0.68	0	47	True	191.65
gr24_Q9FGK9.yaml	1350	1350	0	0	1	160.567	559	81920	0.68	0	47	True	191.65
gr24_Q9FGK9.yaml	1350	1350	0	0	1	161.105	559	81920	0.68	0	47	True	191.65
gr24_Q9FGK9.yaml	1350	1350	0	0	1	161.636	559	81920	0.68	0	47	True	191.65
gr24_Q9FGK9.yaml	1350	1350	0	0	1	162.154	559	81920	0.68	0	47	True	191.65
gr24_Q9FGK9.yaml	1350	1350	0	0	1	162.686	559	81920	0.68	0	47	True	191.65
gr24_Q9FGK9.yaml	1350	1350	0	0	1	163.213	559	81920	0.68	0	47	True	191.65
gr24_Q9FGK9.yaml	1350	1350	0	0	1	163.747	559	81920	0.68	0	47	True	191.65
gr24_Q9FGK9.yaml	1350	1350	0	0	1	164.287	559	81920	0.68	0	47	True	191.65
gr24_Q9FGK9.yaml	1350	1350	0	0	1	164.817	559	81920	0.68	0	47	True	191.65
gr24_Q9FGK9.yaml	1350	1350	0	0	1	165.358	559	81920	0.68	0	47	True	191.65
gr24_Q9FGK9.yaml	1350	1350	0	0	1	165.903	559	81920	0.68	0	47	True	191.65
gr24_Q9FGK9.yaml	1350	1350	0	0	1	166.43	559	81920	0.68	0	47	True	191.65
gr24_Q9FGK9.yaml	1350	1350	0	0	1	166.965	559	81920	0.68	0	47	True	191.65
gr24_Q9FGK9.yaml	1350	1350	0	0	1	167.497	559	81920	0.68	0	47	True	191.65
gr24_Q9FGK9.yaml	1350	1350	0	0	1	168.034	559	81920	0.68	0	47	True	191.65
gr24_Q9FGK9.yaml	1350	1350	0	0	1	168.584	559	81920	0.68	0	46	True	191.65
gr24_Q9FGK9.yaml	1350	1350	0	0	1	169.105	2601	81920	3.18	19	46	True	191.65
gr24_Q9FGK9.yaml	1350	1350	0	0	1	169.627	2699	81920	3.29	0	46	True	191.65
gr24_Q9FGK9.yaml	1350	1350	0	0	1	170.156	2699	81920	3.29	0	46	True	191.65
gr24_Q9FGK9.yaml	1350	1350	0	0	1	170.683	4887	81920	5.97	36	52	True	191.65
gr24_Q9FGK9.yaml	1350	1350	0	0	1	171.215	4887	81920	5.97	100	56	True	191.65
gr24_Q9FGK9.yaml	1350	1350	0	0	1	171.745	4887	81920	5.97	100	59	True	191.65
gr24_Q9FGK9.yaml	1350	1350	0	0	1	172.276	4887	81920	5.97	100	61	True	191.65
gr24_Q9FGK9.yaml	1350	1350	0	0	1	172.805	4887	81920	5.97	100	62	True	191.65
gr24_Q9FGK9.yaml	1350	1350	0	0	1	173.334	4887	81920	5.97	100	64	True	191.65
gr24_Q9FGK9.yaml	1350	1350	0	0	1	173.865	4887	81920	5.97	94	66	True	191.65
gr24_Q9FGK9.yaml	1350	1350	0	0	1	174.394	4887	81920	5.97	98	68	True	191.65
gr24_Q9FGK9.yaml	1350	1350	0	0	1	174.926	4887	81920	5.97	98	69	True	191.65
gr24_Q9FGK9.yaml	1350	1350	0	0	1	175.498	4887	81920	5.97	97	70	True	191.65
gr24_Q9FGK9.yaml	1350	1350	0	0	1	176.029	4887	81920	5.97	98	71	True	191.65
gr24_Q9FGK9.yaml	1350	1350	0	0	1	176.565	4887	81920	5.97	98	72	True	191.65
gr24_Q9FGK9.yaml	1350	1350	0	0	1	177.096	4887	81920	5.97	98	72	True	191.65
gr24_Q9FGK9.yaml	1350	1350	0	0	1	177.63	4887	81920	5.97	98	72	True	191.65
gr24_Q9FGK9.yaml	1350	1350	0	0	1	178.161	4887	81920	5.97	98	73	True	191.65
gr24_Q9FGK9.yaml	1350	1350	0	0	1	178.691	4887	81920	5.97	97	74	True	191.65
gr24_Q9FGK9.yaml	1350	1350	0	0	1	179.224	4887	81920	5.97	98	75	True	191.65
gr24_Q9FGK9.yaml	1350	1350	0	0	1	179.755	4887	81920	5.97	98	75	True	191.65
gr24_Q9FGK9.yaml	1350	1350	0	0	1	180.283	4887	81920	5.97	98	75	True	191.65
gr24_Q9FGK9.yaml	1350	1350	0	0	1	180.813	4887	81920	5.97	98	76	True	191.65
gr24_Q9FGK9.yaml	1350	1350	0	0	1	181.349	4887	81920	5.97	98	76	True	191.65
gr24_Q9FGK9.yaml	1350	1350	0	0	1	181.884	4887	81920	5.97	98	76	True	191.65
gr24_Q9FGK9.yaml	1350	1350	0	0	1	182.416	4887	81920	5.97	98	76	True	191.65
gr24_Q9FGK9.yaml	1350	1350	0	0	1	182.944	4887	81920	5.97	98	76	True	191.65
gr24_Q9FGK9.yaml	1350	1350	0	0	1	183.479	4887	81920	5.97	98	76	True	191.65
gr24_Q9FGK9.yaml	1350	1350	0	0	1	184.011	4887	81920	5.97	98	76	True	191.65
gr24_Q9FGK9.yaml	1350	1350	0	0	1	184.541	4887	81920	5.97	98	76	True	191.65
gr24_Q9FGK9.yaml	1350	1350	0	0	1	185.071	4887	81920	5.97	98	77	True	191.65
gr24_Q9FGK9.yaml	1350	1350	0	0	1	185.598	4887	81920	5.97	98	77	True	191.65
gr24_Q9FGK9.yaml	1350	1350	0	0	1	186.127	4887	81920	5.97	98	77	True	191.65
gr24_Q9FGK9.yaml	1350	1350	0	0	1	186.654	4887	81920	5.97	98	77	True	191.65
gr24_Q9FGK9.yaml	1350	1350	0	0	1	187.181	4901	81920	5.98	95	76	True	191.65
gr24_Q9FGK9.yaml	1350	1350	0	0	1	187.714	4901	81920	5.98	7	69	True	191.65
gr24_Q9FGK9.yaml	1350	1350	0	0	1	188.244	4901	81920	5.98	7	65	True	191.65
gr24_Q9FGK9.yaml	1350	1350	0	0	1	188.773	557	81920	0.68	43	63	True	191.65
gr24_Q9FGK9.yaml	1350	1350	0	0	1	189.304	557	81920	0.68	0	61	True	191.65
gr24_Q9FGK9.yaml	1350	1350	0	0	1	189.835	521	81920	0.64	0	59	True	191.65
gr24_Q9FGK9.yaml	1350	1350	0	0	1	190.363	521	81920	0.64	0	58	True	191.65
gr24_Q9FGK9.yaml	1350	1350	0	0	1	190.894	521	81920	0.64	0	57	True	191.65
gr24_Q9FGK9.yaml	1350	1350	0	0	1	191.431	0	81920	0.0	8	56	True	191.65
gr24_Q8GZ52.yaml	1400	1400	0	0	1	0.0	0	81920	0.0	0	55	True	198.94
gr24_Q8GZ52.yaml	1400	1400	0	0	1	0.528	0	81920	0.0	0	54	True	198.94
gr24_Q8GZ52.yaml	1400	1400	0	0	1	1.058	0	81920	0.0	0	54	True	198.94
gr24_Q8GZ52.yaml	1400	1400	0	0	1	1.602	0	81920	0.0	0	53	True	198.94
gr24_Q8GZ52.yaml	1400	1400	0	0	1	2.131	0	81920	0.0	0	50	True	198.94
gr24_Q8GZ52.yaml	1400	1400	0	0	1	2.66	0	81920	0.0	0	49	True	198.94
gr24_Q8GZ52.yaml	1400	1400	0	0	1	3.189	0	81920	0.0	0	48	True	198.94
gr24_Q8GZ52.yaml	1400	1400	0	0	1	3.711	0	81920	0.0	0	48	True	198.94
gr24_Q8GZ52.yaml	1400	1400	0	0	1	4.242	0	81920	0.0	0	47	True	198.94
gr24_Q8GZ52.yaml	1400	1400	0	0	1	4.771	0	81920	0.0	0	46	True	198.94
gr24_Q8GZ52.yaml	1400	1400	0	0	1	5.305	0	81920	0.0	0	45	True	198.94
gr24_Q8GZ52.yaml	1400	1400	0	0	1	5.834	0	81920	0.0	0	45	True	198.94
gr24_Q8GZ52.yaml	1400	1400	0	0	1	6.428	0	81920	0.0	0	44	True	198.94
gr24_Q8GZ52.yaml	1400	1400	0	0	1	6.96	0	81920	0.0	0	44	True	198.94
gr24_Q8GZ52.yaml	1400	1400	0	0	1	7.488	0	81920	0.0	0	44	True	198.94
gr24_Q8GZ52.yaml	1400	1400	0	0	1	8.019	0	81920	0.0	0	43	True	198.94
gr24_Q8GZ52.yaml	1400	1400	0	0	1	8.548	0	81920	0.0	0	43	True	198.94
gr24_Q8GZ52.yaml	1400	1400	0	0	1	9.08	0	81920	0.0	0	43	True	198.94
gr24_Q8GZ52.yaml	1400	1400	0	0	1	9.612	0	81920	0.0	0	43	True	198.94
gr24_Q8GZ52.yaml	1400	1400	0	0	1	10.139	0	81920	0.0	0	42	True	198.94
gr24_Q8GZ52.yaml	1400	1400	0	0	1	10.668	0	81920	0.0	0	42	True	198.94
gr24_Q8GZ52.yaml	1400	1400	0	0	1	11.195	0	81920	0.0	0	42	True	198.94
gr24_Q8GZ52.yaml	1400	1400	0	0	1	11.723	0	81920	0.0	0	42	True	198.94
gr24_Q8GZ52.yaml	1400	1400	0	0	1	12.256	0	81920	0.0	0	41	True	198.94
gr24_Q8GZ52.yaml	1400	1400	0	0	1	12.786	0	81920	0.0	0	41	True	198.94
gr24_Q8GZ52.yaml	1400	1400	0	0	1	13.318	0	81920	0.0	0	41	True	198.94
gr24_Q8GZ52.yaml	1400	1400	0	0	1	13.844	0	81920	0.0	0	41	True	198.94
gr24_Q8GZ52.yaml	1400	1400	0	0	1	14.367	0	81920	0.0	0	41	True	198.94
gr24_Q8GZ52.yaml	1400	1400	0	0	1	14.886	0	81920	0.0	0	41	True	198.94
gr24_Q8GZ52.yaml	1400	1400	0	0	1	15.405	0	81920	0.0	0	41	True	198.94
gr24_Q8GZ52.yaml	1400	1400	0	0	1	15.922	0	81920	0.0	0	41	True	198.94
gr24_Q8GZ52.yaml	1400	1400	0	0	1	16.442	0	81920	0.0	0	41	True	198.94
gr24_Q8GZ52.yaml	1400	1400	0	0	1	16.963	0	81920	0.0	0	41	True	198.94
gr24_Q8GZ52.yaml	1400	1400	0	0	1	17.481	0	81920	0.0	0	40	True	198.94
gr24_Q8GZ52.yaml	1400	1400	0	0	1	17.999	0	81920	0.0	0	40	True	198.94
gr24_Q8GZ52.yaml	1400	1400	0	0	1	18.525	0	81920	0.0	0	40	True	198.94
gr24_Q8GZ52.yaml	1400	1400	0	0	1	19.043	0	81920	0.0	0	40	True	198.94
gr24_Q8GZ52.yaml	1400	1400	0	0	1	19.561	0	81920	0.0	0	40	True	198.94
gr24_Q8GZ52.yaml	1400	1400	0	0	1	20.092	0	81920	0.0	0	40	True	198.94
gr24_Q8GZ52.yaml	1400	1400	0	0	1	20.614	0	81920	0.0	0	40	True	198.94
gr24_Q8GZ52.yaml	1400	1400	0	0	1	21.141	0	81920	0.0	0	40	True	198.94
gr24_Q8GZ52.yaml	1400	1400	0	0	1	21.666	0	81920	0.0	0	40	True	198.94
gr24_Q8GZ52.yaml	1400	1400	0	0	1	22.183	0	81920	0.0	0	40	True	198.94
gr24_Q8GZ52.yaml	1400	1400	0	0	1	22.702	0	81920	0.0	0	40	True	198.94
gr24_Q8GZ52.yaml	1400	1400	0	0	1	23.218	0	81920	0.0	0	40	True	198.94
gr24_Q8GZ52.yaml	1400	1400	0	0	1	23.736	0	81920	0.0	0	40	True	198.94
gr24_Q8GZ52.yaml	1400	1400	0	0	1	24.253	0	81920	0.0	0	40	True	198.94
gr24_Q8GZ52.yaml	1400	1400	0	0	1	24.772	0	81920	0.0	0	40	True	198.94
gr24_Q8GZ52.yaml	1400	1400	0	0	1	25.291	0	81920	0.0	0	40	True	198.94
gr24_Q8GZ52.yaml	1400	1400	0	0	1	25.815	0	81920	0.0	0	40	True	198.94
gr24_Q8GZ52.yaml	1400	1400	0	0	1	26.335	0	81920	0.0	0	40	True	198.94
gr24_Q8GZ52.yaml	1400	1400	0	0	1	26.852	0	81920	0.0	0	40	True	198.94
gr24_Q8GZ52.yaml	1400	1400	0	0	1	27.528	0	81920	0.0	0	40	True	198.94
gr24_Q8GZ52.yaml	1400	1400	0	0	1	28.046	0	81920	0.0	0	40	True	198.94
gr24_Q8GZ52.yaml	1400	1400	0	0	1	28.564	0	81920	0.0	0	39	True	198.94
gr24_Q8GZ52.yaml	1400	1400	0	0	1	29.084	0	81920	0.0	0	39	True	198.94
gr24_Q8GZ52.yaml	1400	1400	0	0	1	29.605	0	81920	0.0	0	39	True	198.94
gr24_Q8GZ52.yaml	1400	1400	0	0	1	30.128	0	81920	0.0	0	39	True	198.94
gr24_Q8GZ52.yaml	1400	1400	0	0	1	30.66	0	81920	0.0	0	39	True	198.94
gr24_Q8GZ52.yaml	1400	1400	0	0	1	31.178	0	81920	0.0	0	39	True	198.94
gr24_Q8GZ52.yaml	1400	1400	0	0	1	31.696	0	81920	0.0	0	39	True	198.94
gr24_Q8GZ52.yaml	1400	1400	0	0	1	32.269	577	81920	0.7	1	40	True	198.94
gr24_Q8GZ52.yaml	1400	1400	0	0	1	32.787	2609	81920	3.18	30	41	True	198.94
gr24_Q8GZ52.yaml	1400	1400	0	0	1	33.305	2609	81920	3.18	0	41	True	198.94
gr24_Q8GZ52.yaml	1400	1400	0	0	1	33.834	2609	81920	3.18	0	41	True	198.94
gr24_Q8GZ52.yaml	1400	1400	0	0	1	34.363	2609	81920	3.18	0	42	True	198.94
gr24_Q8GZ52.yaml	1400	1400	0	0	1	34.893	2609	81920	3.18	0	42	True	198.94
gr24_Q8GZ52.yaml	1400	1400	0	0	1	35.42	2609	81920	3.18	0	42	True	198.94
gr24_Q8GZ52.yaml	1400	1400	0	0	1	35.949	2609	81920	3.18	0	42	True	198.94
gr24_Q8GZ52.yaml	1400	1400	0	0	1	36.48	2609	81920	3.18	0	42	True	198.94
gr24_Q8GZ52.yaml	1400	1400	0	0	1	37.019	2609	81920	3.18	0	42	True	198.94
gr24_Q8GZ52.yaml	1400	1400	0	0	1	37.547	2609	81920	3.18	0	43	True	198.94
gr24_Q8GZ52.yaml	1400	1400	0	0	1	38.077	2609	81920	3.18	0	43	True	198.94
gr24_Q8GZ52.yaml	1400	1400	0	0	1	38.606	2609	81920	3.18	0	43	True	198.94
gr24_Q8GZ52.yaml	1400	1400	0	0	1	39.134	2609	81920	3.18	0	43	True	198.94
gr24_Q8GZ52.yaml	1400	1400	0	0	1	39.665	2609	81920	3.18	0	43	True	198.94
gr24_Q8GZ52.yaml	1400	1400	0	0	1	40.199	2611	81920	3.19	0	43	True	198.94
gr24_Q8GZ52.yaml	1400	1400	0	0	1	40.728	4075	81920	4.97	29	43	True	198.94
gr24_Q8GZ52.yaml	1400	1400	0	0	1	41.258	4403	81920	5.37	5	43	True	198.94
gr24_Q8GZ52.yaml	1400	1400	0	0	1	41.785	10735	81920	13.1	20	44	True	198.94
gr24_Q8GZ52.yaml	1400	1400	0	0	1	42.317	10735	81920	13.1	0	43	True	198.94
gr24_Q8GZ52.yaml	1400	1400	0	0	1	42.847	10735	81920	13.1	0	43	True	198.94
gr24_Q8GZ52.yaml	1400	1400	0	0	1	43.377	10735	81920	13.1	0	43	True	198.94
gr24_Q8GZ52.yaml	1400	1400	0	0	1	43.909	10735	81920	13.1	0	43	True	198.94
gr24_Q8GZ52.yaml	1400	1400	0	0	1	44.437	10735	81920	13.1	0	43	True	198.94
gr24_Q8GZ52.yaml	1400	1400	0	0	1	44.965	30907	81920	37.73	9	47	True	198.94
gr24_Q8GZ52.yaml	1400	1400	0	0	1	45.499	30907	81920	37.73	100	52	True	198.94
gr24_Q8GZ52.yaml	1400	1400	0	0	1	46.031	37703	81920	46.02	100	55	True	198.94
gr24_Q8GZ52.yaml	1400	1400	0	0	1	46.564	37703	81920	46.02	100	56	True	198.94
gr24_Q8GZ52.yaml	1400	1400	0	0	1	47.096	37703	81920	46.02	100	58	True	198.94
gr24_Q8GZ52.yaml	1400	1400	0	0	1	47.622	37703	81920	46.02	100	61	True	198.94
gr24_Q8GZ52.yaml	1400	1400	0	0	1	48.152	37703	81920	46.02	100	61	True	198.94
gr24_Q8GZ52.yaml	1400	1400	0	0	1	48.68	37703	81920	46.02	100	62	True	198.94
gr24_Q8GZ52.yaml	1400	1400	0	0	1	49.212	37703	81920	46.02	100	63	True	198.94
gr24_Q8GZ52.yaml	1400	1400	0	0	1	49.741	37703	81920	46.02	100	64	True	198.94
gr24_Q8GZ52.yaml	1400	1400	0	0	1	50.272	37703	81920	46.02	100	65	True	198.94
gr24_Q8GZ52.yaml	1400	1400	0	0	1	50.8	37703	81920	46.02	100	66	True	198.94
gr24_Q8GZ52.yaml	1400	1400	0	0	1	51.332	37703	81920	46.02	100	66	True	198.94
gr24_Q8GZ52.yaml	1400	1400	0	0	1	51.916	37703	81920	46.02	100	67	True	198.94
gr24_Q8GZ52.yaml	1400	1400	0	0	1	52.445	37703	81920	46.02	100	68	True	198.94
gr24_Q8GZ52.yaml	1400	1400	0	0	1	52.979	37703	81920	46.02	100	68	True	198.94
gr24_Q8GZ52.yaml	1400	1400	0	0	1	53.517	37703	81920	46.02	100	68	True	198.94
gr24_Q8GZ52.yaml	1400	1400	0	0	1	54.049	37703	81920	46.02	100	69	True	198.94
gr24_Q8GZ52.yaml	1400	1400	0	0	1	54.583	37703	81920	46.02	100	69	True	198.94
gr24_Q8GZ52.yaml	1400	1400	0	0	1	55.118	37703	81920	46.02	100	70	True	198.94
gr24_Q8GZ52.yaml	1400	1400	0	0	1	55.648	37703	81920	46.02	100	70	True	198.94
gr24_Q8GZ52.yaml	1400	1400	0	0	1	56.179	37703	81920	46.02	100	70	True	198.94
gr24_Q8GZ52.yaml	1400	1400	0	0	1	56.708	37703	81920	46.02	100	70	True	198.94
gr24_Q8GZ52.yaml	1400	1400	0	0	1	57.237	37703	81920	46.02	100	71	True	198.94
gr24_Q8GZ52.yaml	1400	1400	0	0	1	57.768	37703	81920	46.02	100	71	True	198.94
gr24_Q8GZ52.yaml	1400	1400	0	0	1	58.296	37703	81920	46.02	100	71	True	198.94
gr24_Q8GZ52.yaml	1400	1400	0	0	1	58.829	37703	81920	46.02	100	71	True	198.94
gr24_Q8GZ52.yaml	1400	1400	0	0	1	59.361	37703	81920	46.02	100	71	True	198.94
gr24_Q8GZ52.yaml	1400	1400	0	0	1	59.889	37703	81920	46.02	100	72	True	198.94
gr24_Q8GZ52.yaml	1400	1400	0	0	1	60.419	37703	81920	46.02	100	72	True	198.94
gr24_Q8GZ52.yaml	1400	1400	0	0	1	60.949	37703	81920	46.02	100	72	True	198.94
gr24_Q8GZ52.yaml	1400	1400	0	0	1	61.484	37703	81920	46.02	100	72	True	198.94
gr24_Q8GZ52.yaml	1400	1400	0	0	1	62.014	37703	81920	46.02	100	72	True	198.94
gr24_Q8GZ52.yaml	1400	1400	0	0	1	62.543	37703	81920	46.02	100	73	True	198.94
gr24_Q8GZ52.yaml	1400	1400	0	0	1	63.074	37703	81920	46.02	100	73	True	198.94
gr24_Q8GZ52.yaml	1400	1400	0	0	1	63.64	37703	81920	46.02	100	72	True	198.94
gr24_Q8GZ52.yaml	1400	1400	0	0	1	64.179	37703	81920	46.02	100	73	True	198.94
gr24_Q8GZ52.yaml	1400	1400	0	0	1	64.705	37703	81920	46.02	100	72	True	198.94
gr24_Q8GZ52.yaml	1400	1400	0	0	1	65.239	37703	81920	46.02	100	72	True	198.94
gr24_Q8GZ52.yaml	1400	1400	0	0	1	65.771	37703	81920	46.02	100	72	True	198.94
gr24_Q8GZ52.yaml	1400	1400	0	0	1	66.308	37703	81920	46.02	100	73	True	198.94
gr24_Q8GZ52.yaml	1400	1400	0	0	1	66.837	37703	81920	46.02	100	72	True	198.94
gr24_Q8GZ52.yaml	1400	1400	0	0	1	67.365	37703	81920	46.02	100	72	True	198.94
gr24_Q8GZ52.yaml	1400	1400	0	0	1	67.896	37703	81920	46.02	100	73	True	198.94
gr24_Q8GZ52.yaml	1400	1400	0	0	1	68.427	37703	81920	46.02	100	73	True	198.94
gr24_Q8GZ52.yaml	1400	1400	0	0	1	68.958	37703	81920	46.02	100	73	True	198.94
gr24_Q8GZ52.yaml	1400	1400	0	0	1	69.503	37703	81920	46.02	100	73	True	198.94
gr24_Q8GZ52.yaml	1400	1400	0	0	1	70.032	37703	81920	46.02	100	73	True	198.94
gr24_Q8GZ52.yaml	1400	1400	0	0	1	70.56	37703	81920	46.02	100	73	True	198.94
gr24_Q8GZ52.yaml	1400	1400	0	0	1	71.09	37703	81920	46.02	100	73	True	198.94
gr24_Q8GZ52.yaml	1400	1400	0	0	1	71.622	37703	81920	46.02	100	73	True	198.94
gr24_Q8GZ52.yaml	1400	1400	0	0	1	72.157	37703	81920	46.02	100	73	True	198.94
gr24_Q8GZ52.yaml	1400	1400	0	0	1	72.688	37703	81920	46.02	100	73	True	198.94
gr24_Q8GZ52.yaml	1400	1400	0	0	1	73.219	37703	81920	46.02	100	73	True	198.94
gr24_Q8GZ52.yaml	1400	1400	0	0	1	73.75	37703	81920	46.02	100	73	True	198.94
gr24_Q8GZ52.yaml	1400	1400	0	0	1	74.281	37703	81920	46.02	100	73	True	198.94
gr24_Q8GZ52.yaml	1400	1400	0	0	1	74.815	37703	81920	46.02	100	73	True	198.94
gr24_Q8GZ52.yaml	1400	1400	0	0	1	75.347	37703	81920	46.02	100	73	True	198.94
gr24_Q8GZ52.yaml	1400	1400	0	0	1	75.875	37703	81920	46.02	100	74	True	198.94
gr24_Q8GZ52.yaml	1400	1400	0	0	1	76.405	37703	81920	46.02	100	73	True	198.94
gr24_Q8GZ52.yaml	1400	1400	0	0	1	76.935	37703	81920	46.02	100	73	True	198.94
gr24_Q8GZ52.yaml	1400	1400	0	0	1	77.463	37703	81920	46.02	100	74	True	198.94
gr24_Q8GZ52.yaml	1400	1400	0	0	1	78.006	37703	81920	46.02	100	74	True	198.94
gr24_Q8GZ52.yaml	1400	1400	0	0	1	78.536	37703	81920	46.02	100	74	True	198.94
gr24_Q8GZ52.yaml	1400	1400	0	0	1	79.065	37703	81920	46.02	100	73	True	198.94
gr24_Q8GZ52.yaml	1400	1400	0	0	1	79.599	37703	81920	46.02	100	73	True	198.94
gr24_Q8GZ52.yaml	1400	1400	0	0	1	80.138	37703	81920	46.02	100	73	True	198.94
gr24_Q8GZ52.yaml	1400	1400	0	0	1	80.67	37703	81920	46.02	100	73	True	198.94
gr24_Q8GZ52.yaml	1400	1400	0	0	1	81.202	37703	81920	46.02	100	73	True	198.94
gr24_Q8GZ52.yaml	1400	1400	0	0	1	81.735	37703	81920	46.02	100	74	True	198.94
gr24_Q8GZ52.yaml	1400	1400	0	0	1	82.264	37703	81920	46.02	100	73	True	198.94
gr24_Q8GZ52.yaml	1400	1400	0	0	1	82.794	37703	81920	46.02	100	74	True	198.94
gr24_Q8GZ52.yaml	1400	1400	0	0	1	83.324	37703	81920	46.02	100	73	True	198.94
gr24_Q8GZ52.yaml	1400	1400	0	0	1	83.853	37703	81920	46.02	100	73	True	198.94
gr24_Q8GZ52.yaml	1400	1400	0	0	1	84.386	37703	81920	46.02	100	74	True	198.94
gr24_Q8GZ52.yaml	1400	1400	0	0	1	84.921	37703	81920	46.02	100	73	True	198.94
gr24_Q8GZ52.yaml	1400	1400	0	0	1	85.449	37703	81920	46.02	100	73	True	198.94
gr24_Q8GZ52.yaml	1400	1400	0	0	1	85.977	37703	81920	46.02	100	74	True	198.94
gr24_Q8GZ52.yaml	1400	1400	0	0	1	86.508	37703	81920	46.02	100	74	True	198.94
gr24_Q8GZ52.yaml	1400	1400	0	0	1	87.038	37703	81920	46.02	100	74	True	198.94
gr24_Q8GZ52.yaml	1400	1400	0	0	1	87.567	37703	81920	46.02	100	73	True	198.94
gr24_Q8GZ52.yaml	1400	1400	0	0	1	88.096	37703	81920	46.02	100	73	True	198.94
gr24_Q8GZ52.yaml	1400	1400	0	0	1	88.629	37703	81920	46.02	100	74	True	198.94
gr24_Q8GZ52.yaml	1400	1400	0	0	1	89.162	37703	81920	46.02	100	74	True	198.94
gr24_Q8GZ52.yaml	1400	1400	0	0	1	89.692	37703	81920	46.02	100	73	True	198.94
gr24_Q8GZ52.yaml	1400	1400	0	0	1	90.226	37703	81920	46.02	100	74	True	198.94
gr24_Q8GZ52.yaml	1400	1400	0	0	1	90.767	37703	81920	46.02	100	74	True	198.94
gr24_Q8GZ52.yaml	1400	1400	0	0	1	91.301	37703	81920	46.02	100	74	True	198.94
gr24_Q8GZ52.yaml	1400	1400	0	0	1	91.834	37703	81920	46.02	100	74	True	198.94
gr24_Q8GZ52.yaml	1400	1400	0	0	1	92.364	37703	81920	46.02	100	74	True	198.94
gr24_Q8GZ52.yaml	1400	1400	0	0	1	92.899	37703	81920	46.02	100	74	True	198.94
gr24_Q8GZ52.yaml	1400	1400	0	0	1	93.43	37703	81920	46.02	100	74	True	198.94
gr24_Q8GZ52.yaml	1400	1400	0	0	1	93.959	37703	81920	46.02	100	74	True	198.94
gr24_Q8GZ52.yaml	1400	1400	0	0	1	94.495	37703	81920	46.02	100	74	True	198.94
gr24_Q8GZ52.yaml	1400	1400	0	0	1	95.029	37703	81920	46.02	100	74	True	198.94
gr24_Q8GZ52.yaml	1400	1400	0	0	1	95.561	37703	81920	46.02	100	74	True	198.94
gr24_Q8GZ52.yaml	1400	1400	0	0	1	96.089	37703	81920	46.02	100	74	True	198.94
gr24_Q8GZ52.yaml	1400	1400	0	0	1	96.624	37703	81920	46.02	100	74	True	198.94
gr24_Q8GZ52.yaml	1400	1400	0	0	1	97.155	37703	81920	46.02	100	74	True	198.94
gr24_Q8GZ52.yaml	1400	1400	0	0	1	97.692	37703	81920	46.02	100	74	True	198.94
gr24_Q8GZ52.yaml	1400	1400	0	0	1	98.226	37703	81920	46.02	100	74	True	198.94
gr24_Q8GZ52.yaml	1400	1400	0	0	1	98.756	37703	81920	46.02	100	73	True	198.94
gr24_Q8GZ52.yaml	1400	1400	0	0	1	99.285	37703	81920	46.02	100	74	True	198.94
gr24_Q8GZ52.yaml	1400	1400	0	0	1	99.821	37703	81920	46.02	100	74	True	198.94
gr24_Q8GZ52.yaml	1400	1400	0	0	1	100.352	37703	81920	46.02	100	74	True	198.94
gr24_Q8GZ52.yaml	1400	1400	0	0	1	100.88	37703	81920	46.02	100	74	True	198.94
gr24_Q8GZ52.yaml	1400	1400	0	0	1	101.41	37703	81920	46.02	100	74	True	198.94
gr24_Q8GZ52.yaml	1400	1400	0	0	1	101.94	37703	81920	46.02	100	74	True	198.94
gr24_Q8GZ52.yaml	1400	1400	0	0	1	102.472	37703	81920	46.02	100	74	True	198.94
gr24_Q8GZ52.yaml	1400	1400	0	0	1	103.015	37703	81920	46.02	100	74	True	198.94
gr24_Q8GZ52.yaml	1400	1400	0	0	1	103.547	37703	81920	46.02	100	74	True	198.94
gr24_Q8GZ52.yaml	1400	1400	0	0	1	104.078	37703	81920	46.02	100	74	True	198.94
gr24_Q8GZ52.yaml	1400	1400	0	0	1	104.609	37703	81920	46.02	100	74	True	198.94
gr24_Q8GZ52.yaml	1400	1400	0	0	1	105.137	37703	81920	46.02	100	74	True	198.94
gr24_Q8GZ52.yaml	1400	1400	0	0	1	105.668	37703	81920	46.02	100	74	True	198.94
gr24_Q8GZ52.yaml	1400	1400	0	0	1	106.198	37703	81920	46.02	100	74	True	198.94
gr24_Q8GZ52.yaml	1400	1400	0	0	1	106.727	37703	81920	46.02	100	74	True	198.94
gr24_Q8GZ52.yaml	1400	1400	0	0	1	107.259	37703	81920	46.02	100	74	True	198.94
gr24_Q8GZ52.yaml	1400	1400	0	0	1	107.788	37703	81920	46.02	100	74	True	198.94
gr24_Q8GZ52.yaml	1400	1400	0	0	1	108.317	37703	81920	46.02	100	74	True	198.94
gr24_Q8GZ52.yaml	1400	1400	0	0	1	108.845	37703	81920	46.02	100	74	True	198.94
gr24_Q8GZ52.yaml	1400	1400	0	0	1	109.373	37703	81920	46.02	100	74	True	198.94
gr24_Q8GZ52.yaml	1400	1400	0	0	1	109.901	37703	81920	46.02	100	74	True	198.94
gr24_Q8GZ52.yaml	1400	1400	0	0	1	110.433	37703	81920	46.02	100	75	True	198.94
gr24_Q8GZ52.yaml	1400	1400	0	0	1	110.964	37703	81920	46.02	100	74	True	198.94
gr24_Q8GZ52.yaml	1400	1400	0	0	1	111.493	37703	81920	46.02	100	75	True	198.94
gr24_Q8GZ52.yaml	1400	1400	0	0	1	112.025	37703	81920	46.02	100	74	True	198.94
gr24_Q8GZ52.yaml	1400	1400	0	0	1	112.556	37703	81920	46.02	100	74	True	198.94
gr24_Q8GZ52.yaml	1400	1400	0	0	1	113.084	37703	81920	46.02	100	74	True	198.94
gr24_Q8GZ52.yaml	1400	1400	0	0	1	113.616	37703	81920	46.02	100	75	True	198.94
gr24_Q8GZ52.yaml	1400	1400	0	0	1	114.143	37703	81920	46.02	100	74	True	198.94
gr24_Q8GZ52.yaml	1400	1400	0	0	1	114.673	37703	81920	46.02	100	75	True	198.94
gr24_Q8GZ52.yaml	1400	1400	0	0	1	115.206	40705	81920	49.69	81	70	True	198.94
gr24_Q8GZ52.yaml	1400	1400	0	0	1	115.737	40705	81920	49.69	99	73	True	198.94
gr24_Q8GZ52.yaml	1400	1400	0	0	1	116.266	40705	81920	49.69	99	74	True	198.94
gr24_Q8GZ52.yaml	1400	1400	0	0	1	116.795	40705	81920	49.69	99	74	True	198.94
gr24_Q8GZ52.yaml	1400	1400	0	0	1	117.33	40705	81920	49.69	99	75	True	198.94
gr24_Q8GZ52.yaml	1400	1400	0	0	1	117.867	40705	81920	49.69	99	75	True	198.94
gr24_Q8GZ52.yaml	1400	1400	0	0	1	118.399	40705	81920	49.69	99	75	True	198.94
gr24_Q8GZ52.yaml	1400	1400	0	0	1	118.937	40705	81920	49.69	99	75	True	198.94
gr24_Q8GZ52.yaml	1400	1400	0	0	1	119.466	40705	81920	49.69	98	76	True	198.94
gr24_Q8GZ52.yaml	1400	1400	0	0	1	119.994	40705	81920	49.69	99	75	True	198.94
gr24_Q8GZ52.yaml	1400	1400	0	0	1	120.524	40705	81920	49.69	99	76	True	198.94
gr24_Q8GZ52.yaml	1400	1400	0	0	1	121.058	40705	81920	49.69	99	76	True	198.94
gr24_Q8GZ52.yaml	1400	1400	0	0	1	121.586	40705	81920	49.69	99	76	True	198.94
gr24_Q8GZ52.yaml	1400	1400	0	0	1	122.116	40705	81920	49.69	99	76	True	198.94
gr24_Q8GZ52.yaml	1400	1400	0	0	1	122.646	40705	81920	49.69	99	76	True	198.94
gr24_Q8GZ52.yaml	1400	1400	0	0	1	123.174	40705	81920	49.69	99	76	True	198.94
gr24_Q8GZ52.yaml	1400	1400	0	0	1	123.702	40705	81920	49.69	99	76	True	198.94
gr24_Q8GZ52.yaml	1400	1400	0	0	1	124.234	40705	81920	49.69	99	76	True	198.94
gr24_Q8GZ52.yaml	1400	1400	0	0	1	124.763	40705	81920	49.69	99	76	True	198.94
gr24_Q8GZ52.yaml	1400	1400	0	0	1	125.296	40705	81920	49.69	98	76	True	198.94
gr24_Q8GZ52.yaml	1400	1400	0	0	1	125.823	40705	81920	49.69	99	76	True	198.94
gr24_Q8GZ52.yaml	1400	1400	0	0	1	126.358	40705	81920	49.69	99	76	True	198.94
gr24_Q8GZ52.yaml	1400	1400	0	0	1	126.888	40705	81920	49.69	99	76	True	198.94
gr24_Q8GZ52.yaml	1400	1400	0	0	1	127.423	40705	81920	49.69	98	76	True	198.94
gr24_Q8GZ52.yaml	1400	1400	0	0	1	127.953	40705	81920	49.69	99	76	True	198.94
gr24_Q8GZ52.yaml	1400	1400	0	0	1	128.484	40705	81920	49.69	99	76	True	198.94
gr24_Q8GZ52.yaml	1400	1400	0	0	1	129.018	40705	81920	49.69	99	76	True	198.94
gr24_Q8GZ52.yaml	1400	1400	0	0	1	129.548	40705	81920	49.69	99	75	True	198.94
gr24_Q8GZ52.yaml	1400	1400	0	0	1	130.088	40705	81920	49.69	99	76	True	198.94
gr24_Q8GZ52.yaml	1400	1400	0	0	1	130.618	40705	81920	49.69	99	76	True	198.94
gr24_Q8GZ52.yaml	1400	1400	0	0	1	131.149	40705	81920	49.69	99	76	True	198.94
gr24_Q8GZ52.yaml	1400	1400	0	0	1	131.683	40705	81920	49.69	99	76	True	198.94
gr24_Q8GZ52.yaml	1400	1400	0	0	1	132.216	40705	81920	49.69	99	76	True	198.94
gr24_Q8GZ52.yaml	1400	1400	0	0	1	132.749	40705	81920	49.69	99	76	True	198.94
gr24_Q8GZ52.yaml	1400	1400	0	0	1	133.281	40705	81920	49.69	98	76	True	198.94
gr24_Q8GZ52.yaml	1400	1400	0	0	1	133.81	40705	81920	49.69	99	76	True	198.94
gr24_Q8GZ52.yaml	1400	1400	0	0	1	134.342	40705	81920	49.69	99	75	True	198.94
gr24_Q8GZ52.yaml	1400	1400	0	0	1	134.871	40705	81920	49.69	99	75	True	198.94
gr24_Q8GZ52.yaml	1400	1400	0	0	1	135.403	40705	81920	49.69	99	76	True	198.94
gr24_Q8GZ52.yaml	1400	1400	0	0	1	135.94	40705	81920	49.69	99	76	True	198.94
gr24_Q8GZ52.yaml	1400	1400	0	0	1	136.471	40705	81920	49.69	99	75	True	198.94
gr24_Q8GZ52.yaml	1400	1400	0	0	1	137.005	40705	81920	49.69	99	75	True	198.94
gr24_Q8GZ52.yaml	1400	1400	0	0	1	137.535	40705	81920	49.69	99	76	True	198.94
gr24_Q8GZ52.yaml	1400	1400	0	0	1	138.062	40705	81920	49.69	99	76	True	198.94
gr24_Q8GZ52.yaml	1400	1400	0	0	1	138.595	40705	81920	49.69	99	76	True	198.94
gr24_Q8GZ52.yaml	1400	1400	0	0	1	139.128	40705	81920	49.69	99	76	True	198.94
gr24_Q8GZ52.yaml	1400	1400	0	0	1	139.659	40705	81920	49.69	99	76	True	198.94
gr24_Q8GZ52.yaml	1400	1400	0	0	1	140.19	40705	81920	49.69	98	76	True	198.94
gr24_Q8GZ52.yaml	1400	1400	0	0	1	140.721	40705	81920	49.69	99	75	True	198.94
gr24_Q8GZ52.yaml	1400	1400	0	0	1	141.249	40705	81920	49.69	98	76	True	198.94
gr24_Q8GZ52.yaml	1400	1400	0	0	1	141.789	40705	81920	49.69	99	76	True	198.94
gr24_Q8GZ52.yaml	1400	1400	0	0	1	142.319	40705	81920	49.69	99	76	True	198.94
gr24_Q8GZ52.yaml	1400	1400	0	0	1	142.847	40705	81920	49.69	99	76	True	198.94
gr24_Q8GZ52.yaml	1400	1400	0	0	1	143.381	40705	81920	49.69	99	75	True	198.94
gr24_Q8GZ52.yaml	1400	1400	0	0	1	143.916	40705	81920	49.69	99	75	True	198.94
gr24_Q8GZ52.yaml	1400	1400	0	0	1	144.449	40705	81920	49.69	99	75	True	198.94
gr24_Q8GZ52.yaml	1400	1400	0	0	1	144.976	40705	81920	49.69	99	75	True	198.94
gr24_Q8GZ52.yaml	1400	1400	0	0	1	145.505	40705	81920	49.69	99	75	True	198.94
gr24_Q8GZ52.yaml	1400	1400	0	0	1	146.036	40705	81920	49.69	98	75	True	198.94
gr24_Q8GZ52.yaml	1400	1400	0	0	1	146.567	40705	81920	49.69	99	75	True	198.94
gr24_Q8GZ52.yaml	1400	1400	0	0	1	147.099	40705	81920	49.69	99	76	True	198.94
gr24_Q8GZ52.yaml	1400	1400	0	0	1	147.629	40705	81920	49.69	99	75	True	198.94
gr24_Q8GZ52.yaml	1400	1400	0	0	1	148.158	40705	81920	49.69	99	75	True	198.94
gr24_Q8GZ52.yaml	1400	1400	0	0	1	148.685	40705	81920	49.69	99	75	True	198.94
gr24_Q8GZ52.yaml	1400	1400	0	0	1	149.213	40705	81920	49.69	99	76	True	198.94
gr24_Q8GZ52.yaml	1400	1400	0	0	1	149.74	40707	81920	49.69	100	75	True	198.94
gr24_Q8GZ52.yaml	1400	1400	0	0	1	150.272	40709	81920	49.69	100	74	True	198.94
gr24_Q8GZ52.yaml	1400	1400	0	0	1	150.797	40709	81920	49.69	100	74	True	198.94
gr24_Q8GZ52.yaml	1400	1400	0	0	1	151.329	40709	81920	49.69	39	72	True	198.94
gr24_Q8GZ52.yaml	1400	1400	0	0	1	151.857	40709	81920	49.69	3	67	True	198.94
gr24_Q8GZ52.yaml	1400	1400	0	0	1	152.385	40709	81920	49.69	1	65	True	198.94
gr24_Q8GZ52.yaml	1400	1400	0	0	1	152.913	40709	81920	49.69	0	63	True	198.94
gr24_Q8GZ52.yaml	1400	1400	0	0	1	153.448	40709	81920	49.69	7	61	True	198.94
gr24_Q8GZ52.yaml	1400	1400	0	0	1	153.976	40709	81920	49.69	7	59	True	198.94
gr24_Q8GZ52.yaml	1400	1400	0	0	1	154.511	559	81920	0.68	100	58	True	198.94
gr24_Q8GZ52.yaml	1400	1400	0	0	1	155.041	559	81920	0.68	100	57	True	198.94
gr24_Q8GZ52.yaml	1400	1400	0	0	1	155.572	559	81920	0.68	0	56	True	198.94
gr24_Q8GZ52.yaml	1400	1400	0	0	1	156.102	559	81920	0.68	0	55	True	198.94
gr24_Q8GZ52.yaml	1400	1400	0	0	1	156.639	559	81920	0.68	0	55	True	198.94
gr24_Q8GZ52.yaml	1400	1400	0	0	1	157.157	559	81920	0.68	0	54	True	198.94
gr24_Q8GZ52.yaml	1400	1400	0	0	1	157.675	559	81920	0.68	0	53	True	198.94
gr24_Q8GZ52.yaml	1400	1400	0	0	1	158.2	559	81920	0.68	0	53	True	198.94
gr24_Q8GZ52.yaml	1400	1400	0	0	1	158.717	559	81920	0.68	0	52	True	198.94
gr24_Q8GZ52.yaml	1400	1400	0	0	1	159.239	559	81920	0.68	0	52	True	198.94
gr24_Q8GZ52.yaml	1400	1400	0	0	1	159.757	559	81920	0.68	0	51	True	198.94
gr24_Q8GZ52.yaml	1400	1400	0	0	1	160.279	559	81920	0.68	0	51	True	198.94
gr24_Q8GZ52.yaml	1400	1400	0	0	1	160.797	559	81920	0.68	0	50	True	198.94
gr24_Q8GZ52.yaml	1400	1400	0	0	1	161.319	559	81920	0.68	0	50	True	198.94
gr24_Q8GZ52.yaml	1400	1400	0	0	1	161.842	559	81920	0.68	0	50	True	198.94
gr24_Q8GZ52.yaml	1400	1400	0	0	1	162.36	559	81920	0.68	0	49	True	198.94
gr24_Q8GZ52.yaml	1400	1400	0	0	1	162.878	559	81920	0.68	0	49	True	198.94
gr24_Q8GZ52.yaml	1400	1400	0	0	1	163.402	559	81920	0.68	0	49	True	198.94
gr24_Q8GZ52.yaml	1400	1400	0	0	1	163.926	559	81920	0.68	0	49	True	198.94
gr24_Q8GZ52.yaml	1400	1400	0	0	1	164.449	559	81920	0.68	0	48	True	198.94
gr24_Q8GZ52.yaml	1400	1400	0	0	1	164.968	559	81920	0.68	0	48	True	198.94
gr24_Q8GZ52.yaml	1400	1400	0	0	1	165.485	559	81920	0.68	0	48	True	198.94
gr24_Q8GZ52.yaml	1400	1400	0	0	1	166.006	559	81920	0.68	0	48	True	198.94
gr24_Q8GZ52.yaml	1400	1400	0	0	1	166.523	559	81920	0.68	0	48	True	198.94
gr24_Q8GZ52.yaml	1400	1400	0	0	1	167.05	559	81920	0.68	0	47	True	198.94
gr24_Q8GZ52.yaml	1400	1400	0	0	1	167.574	559	81920	0.68	0	47	True	198.94
gr24_Q8GZ52.yaml	1400	1400	0	0	1	168.1	559	81920	0.68	0	47	True	198.94
gr24_Q8GZ52.yaml	1400	1400	0	0	1	168.622	559	81920	0.68	0	47	True	198.94
gr24_Q8GZ52.yaml	1400	1400	0	0	1	169.14	559	81920	0.68	0	47	True	198.94
gr24_Q8GZ52.yaml	1400	1400	0	0	1	169.657	559	81920	0.68	0	47	True	198.94
gr24_Q8GZ52.yaml	1400	1400	0	0	1	170.175	559	81920	0.68	0	47	True	198.94
gr24_Q8GZ52.yaml	1400	1400	0	0	1	170.694	559	81920	0.68	0	47	True	198.94
gr24_Q8GZ52.yaml	1400	1400	0	0	1	171.215	559	81920	0.68	0	47	True	198.94
gr24_Q8GZ52.yaml	1400	1400	0	0	1	171.735	559	81920	0.68	0	47	True	198.94
gr24_Q8GZ52.yaml	1400	1400	0	0	1	172.26	559	81920	0.68	0	47	True	198.94
gr24_Q8GZ52.yaml	1400	1400	0	0	1	172.781	559	81920	0.68	0	46	True	198.94
gr24_Q8GZ52.yaml	1400	1400	0	0	1	173.304	559	81920	0.68	0	46	True	198.94
gr24_Q8GZ52.yaml	1400	1400	0	0	1	173.828	559	81920	0.68	0	46	True	198.94
gr24_Q8GZ52.yaml	1400	1400	0	0	1	174.357	559	81920	0.68	0	46	True	198.94
gr24_Q8GZ52.yaml	1400	1400	0	0	1	174.926	1961	81920	2.39	19	46	True	198.94
gr24_Q8GZ52.yaml	1400	1400	0	0	1	175.446	2699	81920	3.29	0	46	True	198.94
gr24_Q8GZ52.yaml	1400	1400	0	0	1	175.963	2699	81920	3.29	0	46	True	198.94
gr24_Q8GZ52.yaml	1400	1400	0	0	1	176.482	2699	81920	3.29	0	46	True	198.94
gr24_Q8GZ52.yaml	1400	1400	0	0	1	177.007	10011	81920	12.22	22	51	True	198.94
gr24_Q8GZ52.yaml	1400	1400	0	0	1	177.532	10011	81920	12.22	100	55	True	198.94
gr24_Q8GZ52.yaml	1400	1400	0	0	1	178.06	10011	81920	12.22	100	58	True	198.94
gr24_Q8GZ52.yaml	1400	1400	0	0	1	178.586	10011	81920	12.22	100	60	True	198.94
gr24_Q8GZ52.yaml	1400	1400	0	0	1	179.12	10011	81920	12.22	100	62	True	198.94
gr24_Q8GZ52.yaml	1400	1400	0	0	1	179.653	10011	81920	12.22	100	63	True	198.94
gr24_Q8GZ52.yaml	1400	1400	0	0	1	180.193	10011	81920	12.22	100	65	True	198.94
gr24_Q8GZ52.yaml	1400	1400	0	0	1	180.721	10011	81920	12.22	99	66	True	198.94
gr24_Q8GZ52.yaml	1400	1400	0	0	1	181.251	10011	81920	12.22	97	69	True	198.94
gr24_Q8GZ52.yaml	1400	1400	0	0	1	181.778	10011	81920	12.22	98	70	True	198.94
gr24_Q8GZ52.yaml	1400	1400	0	0	1	182.31	10011	81920	12.22	98	71	True	198.94
gr24_Q8GZ52.yaml	1400	1400	0	0	1	182.838	10011	81920	12.22	98	71	True	198.94
gr24_Q8GZ52.yaml	1400	1400	0	0	1	183.372	10011	81920	12.22	98	72	True	198.94
gr24_Q8GZ52.yaml	1400	1400	0	0	1	183.916	10011	81920	12.22	98	73	True	198.94
gr24_Q8GZ52.yaml	1400	1400	0	0	1	184.441	10011	81920	12.22	98	74	True	198.94
gr24_Q8GZ52.yaml	1400	1400	0	0	1	184.968	10011	81920	12.22	98	74	True	198.94
gr24_Q8GZ52.yaml	1400	1400	0	0	1	185.493	10011	81920	12.22	97	74	True	198.94
gr24_Q8GZ52.yaml	1400	1400	0	0	1	186.02	10011	81920	12.22	98	74	True	198.94
gr24_Q8GZ52.yaml	1400	1400	0	0	1	186.56	10011	81920	12.22	98	75	True	198.94
gr24_Q8GZ52.yaml	1400	1400	0	0	1	187.088	10011	81920	12.22	97	75	True	198.94
gr24_Q8GZ52.yaml	1400	1400	0	0	1	187.618	10011	81920	12.22	98	76	True	198.94
gr24_Q8GZ52.yaml	1400	1400	0	0	1	188.145	10011	81920	12.22	98	76	True	198.94
gr24_Q8GZ52.yaml	1400	1400	0	0	1	188.672	10011	81920	12.22	98	76	True	198.94
gr24_Q8GZ52.yaml	1400	1400	0	0	1	189.2	10011	81920	12.22	98	76	True	198.94
gr24_Q8GZ52.yaml	1400	1400	0	0	1	189.73	10011	81920	12.22	98	76	True	198.94
gr24_Q8GZ52.yaml	1400	1400	0	0	1	190.261	10011	81920	12.22	98	77	True	198.94
gr24_Q8GZ52.yaml	1400	1400	0	0	1	190.789	10011	81920	12.22	98	76	True	198.94
gr24_Q8GZ52.yaml	1400	1400	0	0	1	191.318	10011	81920	12.22	97	77	True	198.94
gr24_Q8GZ52.yaml	1400	1400	0	0	1	191.846	10011	81920	12.22	98	77	True	198.94
gr24_Q8GZ52.yaml	1400	1400	0	0	1	192.373	10011	81920	12.22	98	77	True	198.94
gr24_Q8GZ52.yaml	1400	1400	0	0	1	192.902	10011	81920	12.22	98	77	True	198.94
gr24_Q8GZ52.yaml	1400	1400	0	0	1	193.431	10011	81920	12.22	98	77	True	198.94
gr24_Q8GZ52.yaml	1400	1400	0	0	1	193.964	10011	81920	12.22	98	77	True	198.94
gr24_Q8GZ52.yaml	1400	1400	0	0	1	194.493	10025	81920	12.24	95	75	True	198.94
gr24_Q8GZ52.yaml	1400	1400	0	0	1	195.021	10025	81920	12.24	8	69	True	198.94
gr24_Q8GZ52.yaml	1400	1400	0	0	1	195.583	10025	81920	12.24	8	65	True	198.94
gr24_Q8GZ52.yaml	1400	1400	0	0	1	196.113	557	81920	0.68	56	62	True	198.94
gr24_Q8GZ52.yaml	1400	1400	0	0	1	196.647	557	81920	0.68	0	61	True	198.94
gr24_Q8GZ52.yaml	1400	1400	0	0	1	197.175	521	81920	0.64	0	59	True	198.94
gr24_Q8GZ52.yaml	1400	1400	0	0	1	197.703	521	81920	0.64	0	58	True	198.94
gr24_Q8GZ52.yaml	1400	1400	0	0	1	198.232	521	81920	0.64	0	57	True	198.94
gr24_Q8GZ52.yaml	1400	1400	0	0	1	198.762	0	81920	0.0	0	56	True	198.94
gr24_F4I460.yaml	1500	1500	0	0	1	0.0	0	81920	0.0	0	55	True	218.17
gr24_F4I460.yaml	1500	1500	0	0	1	0.531	0	81920	0.0	0	54	True	218.17
gr24_F4I460.yaml	1500	1500	0	0	1	1.068	0	81920	0.0	0	53	True	218.17
gr24_F4I460.yaml	1500	1500	0	0	1	1.597	0	81920	0.0	0	51	True	218.17
gr24_F4I460.yaml	1500	1500	0	0	1	2.126	0	81920	0.0	0	50	True	218.17
gr24_F4I460.yaml	1500	1500	0	0	1	2.656	0	81920	0.0	0	49	True	218.17
gr24_F4I460.yaml	1500	1500	0	0	1	3.184	0	81920	0.0	0	48	True	218.17
gr24_F4I460.yaml	1500	1500	0	0	1	3.706	0	81920	0.0	0	47	True	218.17
gr24_F4I460.yaml	1500	1500	0	0	1	4.231	0	81920	0.0	0	46	True	218.17
gr24_F4I460.yaml	1500	1500	0	0	1	4.753	0	81920	0.0	0	46	True	218.17
gr24_F4I460.yaml	1500	1500	0	0	1	5.277	0	81920	0.0	0	45	True	218.17
gr24_F4I460.yaml	1500	1500	0	0	1	5.808	0	81920	0.0	0	45	True	218.17
gr24_F4I460.yaml	1500	1500	0	0	1	6.329	0	81920	0.0	0	44	True	218.17
gr24_F4I460.yaml	1500	1500	0	0	1	6.853	0	81920	0.0	0	44	True	218.17
gr24_F4I460.yaml	1500	1500	0	0	1	7.378	0	81920	0.0	0	44	True	218.17
gr24_F4I460.yaml	1500	1500	0	0	1	7.907	0	81920	0.0	0	43	True	218.17
gr24_F4I460.yaml	1500	1500	0	0	1	8.436	0	81920	0.0	0	43	True	218.17
gr24_F4I460.yaml	1500	1500	0	0	1	8.967	0	81920	0.0	0	43	True	218.17
gr24_F4I460.yaml	1500	1500	0	0	1	9.494	0	81920	0.0	0	42	True	218.17
gr24_F4I460.yaml	1500	1500	0	0	1	10.025	0	81920	0.0	0	42	True	218.17
gr24_F4I460.yaml	1500	1500	0	0	1	10.578	0	81920	0.0	0	42	True	218.17
gr24_F4I460.yaml	1500	1500	0	0	1	11.11	0	81920	0.0	0	42	True	218.17
gr24_F4I460.yaml	1500	1500	0	0	1	11.64	0	81920	0.0	0	41	True	218.17
gr24_F4I460.yaml	1500	1500	0	0	1	12.17	0	81920	0.0	0	41	True	218.17
gr24_F4I460.yaml	1500	1500	0	0	1	12.7	0	81920	0.0	0	41	True	218.17
gr24_F4I460.yaml	1500	1500	0	0	1	13.23	0	81920	0.0	0	41	True	218.17
gr24_F4I460.yaml	1500	1500	0	0	1	13.761	0	81920	0.0	0	41	True	218.17
gr24_F4I460.yaml	1500	1500	0	0	1	14.3	0	81920	0.0	0	41	True	218.17
gr24_F4I460.yaml	1500	1500	0	0	1	14.825	0	81920	0.0	0	41	True	218.17
gr24_F4I460.yaml	1500	1500	0	0	1	15.351	0	81920	0.0	0	41	True	218.17
gr24_F4I460.yaml	1500	1500	0	0	1	15.869	0	81920	0.0	0	40	True	218.17
gr24_F4I460.yaml	1500	1500	0	0	1	16.387	0	81920	0.0	0	40	True	218.17
gr24_F4I460.yaml	1500	1500	0	0	1	16.919	0	81920	0.0	0	40	True	218.17
gr24_F4I460.yaml	1500	1500	0	0	1	17.441	0	81920	0.0	0	40	True	218.17
gr24_F4I460.yaml	1500	1500	0	0	1	17.96	0	81920	0.0	0	40	True	218.17
gr24_F4I460.yaml	1500	1500	0	0	1	18.483	0	81920	0.0	0	40	True	218.17
gr24_F4I460.yaml	1500	1500	0	0	1	19.006	0	81920	0.0	0	40	True	218.17
gr24_F4I460.yaml	1500	1500	0	0	1	19.528	0	81920	0.0	0	40	True	218.17
gr24_F4I460.yaml	1500	1500	0	0	1	20.044	0	81920	0.0	0	40	True	218.17
gr24_F4I460.yaml	1500	1500	0	0	1	20.565	0	81920	0.0	0	40	True	218.17
gr24_F4I460.yaml	1500	1500	0	0	1	21.088	0	81920	0.0	0	40	True	218.17
gr24_F4I460.yaml	1500	1500	0	0	1	21.611	0	81920	0.0	0	40	True	218.17
gr24_F4I460.yaml	1500	1500	0	0	1	22.129	0	81920	0.0	0	40	True	218.17
gr24_F4I460.yaml	1500	1500	0	0	1	22.648	0	81920	0.0	0	40	True	218.17
gr24_F4I460.yaml	1500	1500	0	0	1	23.18	0	81920	0.0	0	40	True	218.17
gr24_F4I460.yaml	1500	1500	0	0	1	23.7	0	81920	0.0	0	40	True	218.17
gr24_F4I460.yaml	1500	1500	0	0	1	24.22	0	81920	0.0	0	40	True	218.17
gr24_F4I460.yaml	1500	1500	0	0	1	24.74	0	81920	0.0	0	40	True	218.17
gr24_F4I460.yaml	1500	1500	0	0	1	25.267	0	81920	0.0	0	39	True	218.17
gr24_F4I460.yaml	1500	1500	0	0	1	25.786	0	81920	0.0	0	39	True	218.17
gr24_F4I460.yaml	1500	1500	0	0	1	26.31	0	81920	0.0	0	39	True	218.17
gr24_F4I460.yaml	1500	1500	0	0	1	26.828	0	81920	0.0	0	39	True	218.17
gr24_F4I460.yaml	1500	1500	0	0	1	27.345	0	81920	0.0	0	39	True	218.17
gr24_F4I460.yaml	1500	1500	0	0	1	27.873	0	81920	0.0	0	39	True	218.17
gr24_F4I460.yaml	1500	1500	0	0	1	28.393	0	81920	0.0	0	39	True	218.17
gr24_F4I460.yaml	1500	1500	0	0	1	28.922	0	81920	0.0	0	39	True	218.17
gr24_F4I460.yaml	1500	1500	0	0	1	29.443	0	81920	0.0	0	39	True	218.17
gr24_F4I460.yaml	1500	1500	0	0	1	29.967	0	81920	0.0	0	39	True	218.17
gr24_F4I460.yaml	1500	1500	0	0	1	30.488	0	81920	0.0	0	39	True	218.17
gr24_F4I460.yaml	1500	1500	0	0	1	31.006	0	81920	0.0	0	39	True	218.17
gr24_F4I460.yaml	1500	1500	0	0	1	31.527	0	81920	0.0	0	39	True	218.17
gr24_F4I460.yaml	1500	1500	0	0	1	32.046	0	81920	0.0	0	39	True	218.17
gr24_F4I460.yaml	1500	1500	0	0	1	32.615	647	81920	0.79	0	40	True	218.17
gr24_F4I460.yaml	1500	1500	0	0	1	33.132	2609	81920	3.18	27	40	True	218.17
gr24_F4I460.yaml	1500	1500	0	0	1	33.651	2609	81920	3.18	0	41	True	218.17
gr24_F4I460.yaml	1500	1500	0	0	1	34.171	2609	81920	3.18	0	41	True	218.17
gr24_F4I460.yaml	1500	1500	0	0	1	34.695	2609	81920	3.18	0	41	True	218.17
gr24_F4I460.yaml	1500	1500	0	0	1	35.218	2609	81920	3.18	0	42	True	218.17
gr24_F4I460.yaml	1500	1500	0	0	1	35.748	2609	81920	3.18	0	42	True	218.17
gr24_F4I460.yaml	1500	1500	0	0	1	36.276	2609	81920	3.18	0	42	True	218.17
gr24_F4I460.yaml	1500	1500	0	0	1	36.805	2609	81920	3.18	0	42	True	218.17
gr24_F4I460.yaml	1500	1500	0	0	1	37.336	2609	81920	3.18	0	42	True	218.17
gr24_F4I460.yaml	1500	1500	0	0	1	37.864	2609	81920	3.18	0	42	True	218.17
gr24_F4I460.yaml	1500	1500	0	0	1	38.757	2609	81920	3.18	0	43	True	218.17
gr24_F4I460.yaml	1500	1500	0	0	1	39.283	2609	81920	3.18	0	43	True	218.17
gr24_F4I460.yaml	1500	1500	0	0	1	39.812	2609	81920	3.18	0	43	True	218.17
gr24_F4I460.yaml	1500	1500	0	0	1	40.342	2609	81920	3.18	0	43	True	218.17
gr24_F4I460.yaml	1500	1500	0	0	1	40.869	2609	81920	3.18	1	43	True	218.17
gr24_F4I460.yaml	1500	1500	0	0	1	41.4	2613	81920	3.19	2	43	True	218.17
gr24_F4I460.yaml	1500	1500	0	0	1	41.927	4221	81920	5.15	0	43	True	218.17
gr24_F4I460.yaml	1500	1500	0	0	1	42.462	4603	81920	5.62	2	43	True	218.17
gr24_F4I460.yaml	1500	1500	0	0	1	42.992	11831	81920	14.44	20	44	True	218.17
gr24_F4I460.yaml	1500	1500	0	0	1	43.52	11831	81920	14.44	0	44	True	218.17
gr24_F4I460.yaml	1500	1500	0	0	1	44.058	11831	81920	14.44	0	43	True	218.17
gr24_F4I460.yaml	1500	1500	0	0	1	44.587	11831	81920	14.44	0	43	True	218.17
gr24_F4I460.yaml	1500	1500	0	0	1	45.115	11831	81920	14.44	0	43	True	218.17
gr24_F4I460.yaml	1500	1500	0	0	1	45.644	11831	81920	14.44	0	43	True	218.17
gr24_F4I460.yaml	1500	1500	0	0	1	46.172	33851	81920	41.32	0	46	True	218.17
gr24_F4I460.yaml	1500	1500	0	0	1	46.703	33851	81920	41.32	100	52	True	218.17
gr24_F4I460.yaml	1500	1500	0	0	1	47.233	33851	81920	41.32	100	55	True	218.17
gr24_F4I460.yaml	1500	1500	0	0	1	47.781	41423	81920	50.57	100	56	True	218.17
gr24_F4I460.yaml	1500	1500	0	0	1	48.316	41423	81920	50.57	100	59	True	218.17
gr24_F4I460.yaml	1500	1500	0	0	1	48.846	41423	81920	50.57	100	60	True	218.17
gr24_F4I460.yaml	1500	1500	0	0	1	49.38	41423	81920	50.57	100	61	True	218.17
gr24_F4I460.yaml	1500	1500	0	0	1	49.913	41423	81920	50.57	100	62	True	218.17
gr24_F4I460.yaml	1500	1500	0	0	1	50.441	41423	81920	50.57	100	63	True	218.17
gr24_F4I460.yaml	1500	1500	0	0	1	50.963	41423	81920	50.57	100	64	True	218.17
gr24_F4I460.yaml	1500	1500	0	0	1	51.492	41423	81920	50.57	100	64	True	218.17
gr24_F4I460.yaml	1500	1500	0	0	1	52.026	41423	81920	50.57	100	65	True	218.17
gr24_F4I460.yaml	1500	1500	0	0	1	52.576	41423	81920	50.57	100	66	True	218.17
gr24_F4I460.yaml	1500	1500	0	0	1	53.106	41423	81920	50.57	100	66	True	218.17
gr24_F4I460.yaml	1500	1500	0	0	1	53.628	41423	81920	50.57	100	67	True	218.17
gr24_F4I460.yaml	1500	1500	0	0	1	54.15	41423	81920	50.57	100	67	True	218.17
gr24_F4I460.yaml	1500	1500	0	0	1	54.676	41423	81920	50.57	100	68	True	218.17
gr24_F4I460.yaml	1500	1500	0	0	1	55.206	41423	81920	50.57	100	68	True	218.17
gr24_F4I460.yaml	1500	1500	0	0	1	55.734	41423	81920	50.57	100	69	True	218.17
gr24_F4I460.yaml	1500	1500	0	0	1	56.272	41423	81920	50.57	100	69	True	218.17
gr24_F4I460.yaml	1500	1500	0	0	1	56.806	41423	81920	50.57	100	69	True	218.17
gr24_F4I460.yaml	1500	1500	0	0	1	57.335	41423	81920	50.57	100	69	True	218.17
gr24_F4I460.yaml	1500	1500	0	0	1	57.863	41423	81920	50.57	100	69	True	218.17
gr24_F4I460.yaml	1500	1500	0	0	1	58.396	41423	81920	50.57	100	70	True	218.17
gr24_F4I460.yaml	1500	1500	0	0	1	58.924	41423	81920	50.57	100	70	True	218.17
gr24_F4I460.yaml	1500	1500	0	0	1	59.451	41423	81920	50.57	100	70	True	218.17
gr24_F4I460.yaml	1500	1500	0	0	1	59.982	41423	81920	50.57	100	71	True	218.17
gr24_F4I460.yaml	1500	1500	0	0	1	60.51	41423	81920	50.57	100	71	True	218.17
gr24_F4I460.yaml	1500	1500	0	0	1	61.039	41423	81920	50.57	100	71	True	218.17
gr24_F4I460.yaml	1500	1500	0	0	1	61.575	41423	81920	50.57	100	71	True	218.17
gr24_F4I460.yaml	1500	1500	0	0	1	62.106	41423	81920	50.57	100	71	True	218.17
gr24_F4I460.yaml	1500	1500	0	0	1	62.636	41423	81920	50.57	100	71	True	218.17
gr24_F4I460.yaml	1500	1500	0	0	1	63.168	41423	81920	50.57	100	71	True	218.17
gr24_F4I460.yaml	1500	1500	0	0	1	63.698	41423	81920	50.57	100	71	True	218.17
gr24_F4I460.yaml	1500	1500	0	0	1	64.227	41423	81920	50.57	100	71	True	218.17
gr24_F4I460.yaml	1500	1500	0	0	1	64.755	41423	81920	50.57	100	71	True	218.17
gr24_F4I460.yaml	1500	1500	0	0	1	65.284	41423	81920	50.57	100	72	True	218.17
gr24_F4I460.yaml	1500	1500	0	0	1	65.818	41423	81920	50.57	100	72	True	218.17
gr24_F4I460.yaml	1500	1500	0	0	1	66.346	41423	81920	50.57	100	72	True	218.17
gr24_F4I460.yaml	1500	1500	0	0	1	66.896	41423	81920	50.57	100	72	True	218.17
gr24_F4I460.yaml	1500	1500	0	0	1	67.426	41423	81920	50.57	100	72	True	218.17
gr24_F4I460.yaml	1500	1500	0	0	1	67.956	41423	81920	50.57	100	72	True	218.17
gr24_F4I460.yaml	1500	1500	0	0	1	68.484	41423	81920	50.57	100	72	True	218.17
gr24_F4I460.yaml	1500	1500	0	0	1	69.016	41423	81920	50.57	100	72	True	218.17
gr24_F4I460.yaml	1500	1500	0	0	1	69.548	41423	81920	50.57	100	72	True	218.17
gr24_F4I460.yaml	1500	1500	0	0	1	70.08	41423	81920	50.57	100	71	True	218.17
gr24_F4I460.yaml	1500	1500	0	0	1	70.61	41423	81920	50.57	100	72	True	218.17
gr24_F4I460.yaml	1500	1500	0	0	1	71.139	41423	81920	50.57	100	72	True	218.17
gr24_F4I460.yaml	1500	1500	0	0	1	71.669	41423	81920	50.57	100	73	True	218.17
gr24_F4I460.yaml	1500	1500	0	0	1	72.21	41423	81920	50.57	100	73	True	218.17
gr24_F4I460.yaml	1500	1500	0	0	1	72.74	41423	81920	50.57	100	72	True	218.17
gr24_F4I460.yaml	1500	1500	0	0	1	73.269	41423	81920	50.57	100	72	True	218.17
gr24_F4I460.yaml	1500	1500	0	0	1	73.797	41423	81920	50.57	100	72	True	218.17
gr24_F4I460.yaml	1500	1500	0	0	1	74.325	41423	81920	50.57	100	72	True	218.17
gr24_F4I460.yaml	1500	1500	0	0	1	74.856	41423	81920	50.57	100	72	True	218.17
gr24_F4I460.yaml	1500	1500	0	0	1	75.391	41423	81920	50.57	100	72	True	218.17
gr24_F4I460.yaml	1500	1500	0	0	1	75.919	41423	81920	50.57	100	73	True	218.17
gr24_F4I460.yaml	1500	1500	0	0	1	76.45	41423	81920	50.57	100	73	True	218.17
gr24_F4I460.yaml	1500	1500	0	0	1	76.98	41423	81920	50.57	100	73	True	218.17
gr24_F4I460.yaml	1500	1500	0	0	1	77.518	41423	81920	50.57	100	73	True	218.17
gr24_F4I460.yaml	1500	1500	0	0	1	78.048	41423	81920	50.57	100	73	True	218.17
gr24_F4I460.yaml	1500	1500	0	0	1	78.579	41423	81920	50.57	100	73	True	218.17
gr24_F4I460.yaml	1500	1500	0	0	1	79.108	41423	81920	50.57	100	73	True	218.17
gr24_F4I460.yaml	1500	1500	0	0	1	79.639	41423	81920	50.57	100	73	True	218.17
gr24_F4I460.yaml	1500	1500	0	0	1	80.172	41423	81920	50.57	100	73	True	218.17
gr24_F4I460.yaml	1500	1500	0	0	1	80.701	41423	81920	50.57	100	73	True	218.17
gr24_F4I460.yaml	1500	1500	0	0	1	81.228	41423	81920	50.57	100	73	True	218.17
gr24_F4I460.yaml	1500	1500	0	0	1	81.763	41423	81920	50.57	100	73	True	218.17
gr24_F4I460.yaml	1500	1500	0	0	1	82.299	41423	81920	50.57	100	73	True	218.17
gr24_F4I460.yaml	1500	1500	0	0	1	82.829	41423	81920	50.57	100	73	True	218.17
gr24_F4I460.yaml	1500	1500	0	0	1	83.359	41423	81920	50.57	100	73	True	218.17
gr24_F4I460.yaml	1500	1500	0	0	1	83.89	41423	81920	50.57	100	73	True	218.17
gr24_F4I460.yaml	1500	1500	0	0	1	84.42	41423	81920	50.57	100	73	True	218.17
gr24_F4I460.yaml	1500	1500	0	0	1	84.957	41423	81920	50.57	100	73	True	218.17
gr24_F4I460.yaml	1500	1500	0	0	1	85.486	41423	81920	50.57	100	73	True	218.17
gr24_F4I460.yaml	1500	1500	0	0	1	86.017	41423	81920	50.57	100	73	True	218.17
gr24_F4I460.yaml	1500	1500	0	0	1	86.548	41423	81920	50.57	100	73	True	218.17
gr24_F4I460.yaml	1500	1500	0	0	1	87.076	41423	81920	50.57	100	73	True	218.17
gr24_F4I460.yaml	1500	1500	0	0	1	87.608	41423	81920	50.57	100	73	True	218.17
gr24_F4I460.yaml	1500	1500	0	0	1	88.144	41423	81920	50.57	100	73	True	218.17
gr24_F4I460.yaml	1500	1500	0	0	1	88.682	41423	81920	50.57	100	73	True	218.17
gr24_F4I460.yaml	1500	1500	0	0	1	89.212	41423	81920	50.57	100	73	True	218.17
gr24_F4I460.yaml	1500	1500	0	0	1	89.737	41423	81920	50.57	100	73	True	218.17
gr24_F4I460.yaml	1500	1500	0	0	1	90.268	41423	81920	50.57	100	74	True	218.17
gr24_F4I460.yaml	1500	1500	0	0	1	90.802	41423	81920	50.57	100	73	True	218.17
gr24_F4I460.yaml	1500	1500	0	0	1	91.333	41423	81920	50.57	100	75	True	218.17
gr24_F4I460.yaml	1500	1500	0	0	1	91.862	41423	81920	50.57	100	74	True	218.17
gr24_F4I460.yaml	1500	1500	0	0	1	92.395	41423	81920	50.57	100	74	True	218.17
gr24_F4I460.yaml	1500	1500	0	0	1	92.928	41423	81920	50.57	100	73	True	218.17
gr24_F4I460.yaml	1500	1500	0	0	1	93.461	41423	81920	50.57	100	73	True	218.17
gr24_F4I460.yaml	1500	1500	0	0	1	93.99	41423	81920	50.57	100	73	True	218.17
gr24_F4I460.yaml	1500	1500	0	0	1	94.521	41423	81920	50.57	100	74	True	218.17
gr24_F4I460.yaml	1500	1500	0	0	1	95.051	41423	81920	50.57	100	74	True	218.17
gr24_F4I460.yaml	1500	1500	0	0	1	95.584	41423	81920	50.57	100	73	True	218.17
gr24_F4I460.yaml	1500	1500	0	0	1	96.113	41423	81920	50.57	100	74	True	218.17
gr24_F4I460.yaml	1500	1500	0	0	1	96.642	41423	81920	50.57	100	74	True	218.17
gr24_F4I460.yaml	1500	1500	0	0	1	97.174	41423	81920	50.57	100	74	True	218.17
gr24_F4I460.yaml	1500	1500	0	0	1	97.705	41423	81920	50.57	100	74	True	218.17
gr24_F4I460.yaml	1500	1500	0	0	1	98.235	41423	81920	50.57	100	74	True	218.17
gr24_F4I460.yaml	1500	1500	0	0	1	98.767	41423	81920	50.57	100	74	True	218.17
gr24_F4I460.yaml	1500	1500	0	0	1	99.299	41423	81920	50.57	100	73	True	218.17
gr24_F4I460.yaml	1500	1500	0	0	1	99.83	41423	81920	50.57	100	73	True	218.17
gr24_F4I460.yaml	1500	1500	0	0	1	100.361	41423	81920	50.57	100	73	True	218.17
gr24_F4I460.yaml	1500	1500	0	0	1	100.894	41423	81920	50.57	100	74	True	218.17
gr24_F4I460.yaml	1500	1500	0	0	1	101.425	41423	81920	50.57	100	74	True	218.17
gr24_F4I460.yaml	1500	1500	0	0	1	101.955	41423	81920	50.57	100	74	True	218.17
gr24_F4I460.yaml	1500	1500	0	0	1	102.484	41423	81920	50.57	100	73	True	218.17
gr24_F4I460.yaml	1500	1500	0	0	1	103.017	41423	81920	50.57	100	74	True	218.17
gr24_F4I460.yaml	1500	1500	0	0	1	103.547	41423	81920	50.57	100	74	True	218.17
gr24_F4I460.yaml	1500	1500	0	0	1	104.076	41423	81920	50.57	100	74	True	218.17
gr24_F4I460.yaml	1500	1500	0	0	1	104.608	41423	81920	50.57	100	74	True	218.17
gr24_F4I460.yaml	1500	1500	0	0	1	105.136	41423	81920	50.57	100	74	True	218.17
gr24_F4I460.yaml	1500	1500	0	0	1	105.665	41423	81920	50.57	100	74	True	218.17
gr24_F4I460.yaml	1500	1500	0	0	1	106.192	41423	81920	50.57	100	74	True	218.17
gr24_F4I460.yaml	1500	1500	0	0	1	106.723	41423	81920	50.57	100	74	True	218.17
gr24_F4I460.yaml	1500	1500	0	0	1	107.253	41423	81920	50.57	100	74	True	218.17
gr24_F4I460.yaml	1500	1500	0	0	1	107.784	41423	81920	50.57	100	74	True	218.17
gr24_F4I460.yaml	1500	1500	0	0	1	108.315	41423	81920	50.57	100	74	True	218.17
gr24_F4I460.yaml	1500	1500	0	0	1	108.846	41423	81920	50.57	100	74	True	218.17
gr24_F4I460.yaml	1500	1500	0	0	1	109.376	41423	81920	50.57	100	75	True	218.17
gr24_F4I460.yaml	1500	1500	0	0	1	109.908	41423	81920	50.57	100	74	True	218.17
gr24_F4I460.yaml	1500	1500	0	0	1	110.437	41423	81920	50.57	100	74	True	218.17
gr24_F4I460.yaml	1500	1500	0	0	1	110.97	41423	81920	50.57	100	74	True	218.17
gr24_F4I460.yaml	1500	1500	0	0	1	111.506	41423	81920	50.57	100	74	True	218.17
gr24_F4I460.yaml	1500	1500	0	0	1	112.036	41423	81920	50.57	100	74	True	218.17
gr24_F4I460.yaml	1500	1500	0	0	1	112.566	41423	81920	50.57	100	74	True	218.17
gr24_F4I460.yaml	1500	1500	0	0	1	113.093	41423	81920	50.57	100	74	True	218.17
gr24_F4I460.yaml	1500	1500	0	0	1	113.636	41423	81920	50.57	100	74	True	218.17
gr24_F4I460.yaml	1500	1500	0	0	1	114.173	41423	81920	50.57	100	74	True	218.17
gr24_F4I460.yaml	1500	1500	0	0	1	114.704	41423	81920	50.57	100	74	True	218.17
gr24_F4I460.yaml	1500	1500	0	0	1	115.236	41423	81920	50.57	100	74	True	218.17
gr24_F4I460.yaml	1500	1500	0	0	1	115.769	41423	81920	50.57	100	74	True	218.17
gr24_F4I460.yaml	1500	1500	0	0	1	116.3	41423	81920	50.57	100	74	True	218.17
gr24_F4I460.yaml	1500	1500	0	0	1	116.828	41423	81920	50.57	100	74	True	218.17
gr24_F4I460.yaml	1500	1500	0	0	1	117.36	41423	81920	50.57	100	74	True	218.17
gr24_F4I460.yaml	1500	1500	0	0	1	117.893	41423	81920	50.57	100	74	True	218.17
gr24_F4I460.yaml	1500	1500	0	0	1	118.424	41423	81920	50.57	100	74	True	218.17
gr24_F4I460.yaml	1500	1500	0	0	1	118.956	41423	81920	50.57	100	74	True	218.17
gr24_F4I460.yaml	1500	1500	0	0	1	119.486	41423	81920	50.57	100	74	True	218.17
gr24_F4I460.yaml	1500	1500	0	0	1	120.015	41423	81920	50.57	100	74	True	218.17
gr24_F4I460.yaml	1500	1500	0	0	1	120.544	41423	81920	50.57	100	74	True	218.17
gr24_F4I460.yaml	1500	1500	0	0	1	121.084	41423	81920	50.57	100	74	True	218.17
gr24_F4I460.yaml	1500	1500	0	0	1	121.614	41423	81920	50.57	100	74	True	218.17
gr24_F4I460.yaml	1500	1500	0	0	1	122.145	41423	81920	50.57	100	74	True	218.17
gr24_F4I460.yaml	1500	1500	0	0	1	122.674	41423	81920	50.57	100	74	True	218.17
gr24_F4I460.yaml	1500	1500	0	0	1	123.21	41423	81920	50.57	100	74	True	218.17
gr24_F4I460.yaml	1500	1500	0	0	1	123.74	41423	81920	50.57	100	74	True	218.17
gr24_F4I460.yaml	1500	1500	0	0	1	124.271	41423	81920	50.57	100	74	True	218.17
gr24_F4I460.yaml	1500	1500	0	0	1	124.807	41423	81920	50.57	100	74	True	218.17
gr24_F4I460.yaml	1500	1500	0	0	1	125.348	41423	81920	50.57	100	74	True	218.17
gr24_F4I460.yaml	1500	1500	0	0	1	125.878	41423	81920	50.57	100	74	True	218.17
gr24_F4I460.yaml	1500	1500	0	0	1	126.422	41423	81920	50.57	100	74	True	218.17
gr24_F4I460.yaml	1500	1500	0	0	1	126.954	41423	81920	50.57	100	74	True	218.17
gr24_F4I460.yaml	1500	1500	0	0	1	127.483	41423	81920	50.57	100	74	True	218.17
gr24_F4I460.yaml	1500	1500	0	0	1	128.014	41423	81920	50.57	100	74	True	218.17
gr24_F4I460.yaml	1500	1500	0	0	1	128.546	41423	81920	50.57	100	74	True	218.17
gr24_F4I460.yaml	1500	1500	0	0	1	129.08	41423	81920	50.57	100	74	True	218.17
gr24_F4I460.yaml	1500	1500	0	0	1	129.61	41423	81920	50.57	100	74	True	218.17
gr24_F4I460.yaml	1500	1500	0	0	1	130.141	41423	81920	50.57	100	75	True	218.17
gr24_F4I460.yaml	1500	1500	0	0	1	130.67	44855	81920	54.75	87	71	True	218.17
gr24_F4I460.yaml	1500	1500	0	0	1	131.2	44855	81920	54.75	98	74	True	218.17
gr24_F4I460.yaml	1500	1500	0	0	1	131.729	44855	81920	54.75	98	74	True	218.17
gr24_F4I460.yaml	1500	1500	0	0	1	132.263	44855	81920	54.75	99	75	True	218.17
gr24_F4I460.yaml	1500	1500	0	0	1	132.791	44855	81920	54.75	99	75	True	218.17
gr24_F4I460.yaml	1500	1500	0	0	1	133.322	44855	81920	54.75	99	75	True	218.17
gr24_F4I460.yaml	1500	1500	0	0	1	133.85	44855	81920	54.75	99	75	True	218.17
gr24_F4I460.yaml	1500	1500	0	0	1	134.386	44855	81920	54.75	99	75	True	218.17
gr24_F4I460.yaml	1500	1500	0	0	1	134.916	44855	81920	54.75	99	76	True	218.17
gr24_F4I460.yaml	1500	1500	0	0	1	135.444	44855	81920	54.75	99	76	True	218.17
gr24_F4I460.yaml	1500	1500	0	0	1	135.975	44855	81920	54.75	98	76	True	218.17
gr24_F4I460.yaml	1500	1500	0	0	1	136.506	44855	81920	54.75	99	76	True	218.17
gr24_F4I460.yaml	1500	1500	0	0	1	137.041	44855	81920	54.75	99	76	True	218.17
gr24_F4I460.yaml	1500	1500	0	0	1	137.573	44855	81920	54.75	99	76	True	218.17
gr24_F4I460.yaml	1500	1500	0	0	1	138.105	44855	81920	54.75	99	76	True	218.17
gr24_F4I460.yaml	1500	1500	0	0	1	138.637	44855	81920	54.75	99	76	True	218.17
gr24_F4I460.yaml	1500	1500	0	0	1	139.168	44855	81920	54.75	99	76	True	218.17
gr24_F4I460.yaml	1500	1500	0	0	1	139.698	44855	81920	54.75	99	76	True	218.17
gr24_F4I460.yaml	1500	1500	0	0	1	140.229	44855	81920	54.75	99	76	True	218.17
gr24_F4I460.yaml	1500	1500	0	0	1	140.762	44855	81920	54.75	98	76	True	218.17
gr24_F4I460.yaml	1500	1500	0	0	1	141.295	44855	81920	54.75	99	76	True	218.17
gr24_F4I460.yaml	1500	1500	0	0	1	141.824	44855	81920	54.75	99	76	True	218.17
gr24_F4I460.yaml	1500	1500	0	0	1	142.356	44855	81920	54.75	99	76	True	218.17
gr24_F4I460.yaml	1500	1500	0	0	1	142.886	44855	81920	54.75	99	76	True	218.17
gr24_F4I460.yaml	1500	1500	0	0	1	143.418	44855	81920	54.75	99	76	True	218.17
gr24_F4I460.yaml	1500	1500	0	0	1	143.948	44855	81920	54.75	99	76	True	218.17
gr24_F4I460.yaml	1500	1500	0	0	1	144.48	44855	81920	54.75	99	76	True	218.17
gr24_F4I460.yaml	1500	1500	0	0	1	145.01	44855	81920	54.75	99	76	True	218.17
gr24_F4I460.yaml	1500	1500	0	0	1	145.544	44855	81920	54.75	98	76	True	218.17
gr24_F4I460.yaml	1500	1500	0	0	1	146.077	44855	81920	54.75	99	76	True	218.17
gr24_F4I460.yaml	1500	1500	0	0	1	146.609	44855	81920	54.75	99	76	True	218.17
gr24_F4I460.yaml	1500	1500	0	0	1	147.14	44855	81920	54.75	99	76	True	218.17
gr24_F4I460.yaml	1500	1500	0	0	1	147.674	44855	81920	54.75	99	76	True	218.17
gr24_F4I460.yaml	1500	1500	0	0	1	148.21	44855	81920	54.75	99	76	True	218.17
gr24_F4I460.yaml	1500	1500	0	0	1	148.742	44855	81920	54.75	99	76	True	218.17
gr24_F4I460.yaml	1500	1500	0	0	1	149.27	44855	81920	54.75	99	76	True	218.17
gr24_F4I460.yaml	1500	1500	0	0	1	149.802	44855	81920	54.75	99	76	True	218.17
gr24_F4I460.yaml	1500	1500	0	0	1	150.333	44855	81920	54.75	98	76	True	218.17
gr24_F4I460.yaml	1500	1500	0	0	1	150.867	44855	81920	54.75	99	76	True	218.17
gr24_F4I460.yaml	1500	1500	0	0	1	151.398	44855	81920	54.75	99	76	True	218.17
gr24_F4I460.yaml	1500	1500	0	0	1	151.928	44855	81920	54.75	99	76	True	218.17
gr24_F4I460.yaml	1500	1500	0	0	1	152.46	44855	81920	54.75	99	76	True	218.17
gr24_F4I460.yaml	1500	1500	0	0	1	152.991	44855	81920	54.75	99	76	True	218.17
gr24_F4I460.yaml	1500	1500	0	0	1	153.523	44855	81920	54.75	99	76	True	218.17
gr24_F4I460.yaml	1500	1500	0	0	1	154.057	44855	81920	54.75	99	76	True	218.17
gr24_F4I460.yaml	1500	1500	0	0	1	154.589	44855	81920	54.75	99	76	True	218.17
gr24_F4I460.yaml	1500	1500	0	0	1	155.119	44855	81920	54.75	99	76	True	218.17
gr24_F4I460.yaml	1500	1500	0	0	1	155.651	44855	81920	54.75	99	76	True	218.17
gr24_F4I460.yaml	1500	1500	0	0	1	156.182	44855	81920	54.75	99	76	True	218.17
gr24_F4I460.yaml	1500	1500	0	0	1	156.712	44855	81920	54.75	99	76	True	218.17
gr24_F4I460.yaml	1500	1500	0	0	1	157.248	44855	81920	54.75	99	76	True	218.17
gr24_F4I460.yaml	1500	1500	0	0	1	157.783	44855	81920	54.75	99	76	True	218.17
gr24_F4I460.yaml	1500	1500	0	0	1	158.313	44855	81920	54.75	99	76	True	218.17
gr24_F4I460.yaml	1500	1500	0	0	1	158.843	44855	81920	54.75	99	76	True	218.17
gr24_F4I460.yaml	1500	1500	0	0	1	159.373	44855	81920	54.75	99	76	True	218.17
gr24_F4I460.yaml	1500	1500	0	0	1	159.905	44855	81920	54.75	99	76	True	218.17
gr24_F4I460.yaml	1500	1500	0	0	1	160.438	44855	81920	54.75	99	76	True	218.17
gr24_F4I460.yaml	1500	1500	0	0	1	160.972	44855	81920	54.75	99	76	True	218.17
gr24_F4I460.yaml	1500	1500	0	0	1	161.503	44855	81920	54.75	99	76	True	218.17
gr24_F4I460.yaml	1500	1500	0	0	1	162.034	44855	81920	54.75	99	76	True	218.17
gr24_F4I460.yaml	1500	1500	0	0	1	162.562	44855	81920	54.75	98	76	True	218.17
gr24_F4I460.yaml	1500	1500	0	0	1	163.091	44855	81920	54.75	99	76	True	218.17
gr24_F4I460.yaml	1500	1500	0	0	1	163.622	44855	81920	54.75	99	76	True	218.17
gr24_F4I460.yaml	1500	1500	0	0	1	164.151	44855	81920	54.75	99	76	True	218.17
gr24_F4I460.yaml	1500	1500	0	0	1	164.683	44855	81920	54.75	99	76	True	218.17
gr24_F4I460.yaml	1500	1500	0	0	1	165.212	44855	81920	54.75	99	76	True	218.17
gr24_F4I460.yaml	1500	1500	0	0	1	165.742	44855	81920	54.75	99	75	True	218.17
gr24_F4I460.yaml	1500	1500	0	0	1	166.275	44855	81920	54.75	99	76	True	218.17
gr24_F4I460.yaml	1500	1500	0	0	1	166.802	44855	81920	54.75	99	76	True	218.17
gr24_F4I460.yaml	1500	1500	0	0	1	167.329	44855	81920	54.75	98	75	True	218.17
gr24_F4I460.yaml	1500	1500	0	0	1	167.862	44857	81920	54.76	99	75	True	218.17
gr24_F4I460.yaml	1500	1500	0	0	1	168.392	44859	81920	54.76	100	74	True	218.17
gr24_F4I460.yaml	1500	1500	0	0	1	168.922	44859	81920	54.76	100	74	True	218.17
gr24_F4I460.yaml	1500	1500	0	0	1	169.453	44859	81920	54.76	100	74	True	218.17
gr24_F4I460.yaml	1500	1500	0	0	1	169.985	44859	81920	54.76	100	72	True	218.17
gr24_F4I460.yaml	1500	1500	0	0	1	170.514	44859	81920	54.76	3	67	True	218.17
gr24_F4I460.yaml	1500	1500	0	0	1	171.043	44859	81920	54.76	3	65	True	218.17
gr24_F4I460.yaml	1500	1500	0	0	1	171.572	44859	81920	54.76	0	63	True	218.17
gr24_F4I460.yaml	1500	1500	0	0	1	172.103	44859	81920	54.76	8	61	True	218.17
gr24_F4I460.yaml	1500	1500	0	0	1	172.653	44859	81920	54.76	6	60	True	218.17
gr24_F4I460.yaml	1500	1500	0	0	1	173.2	561	81920	0.68	7	59	True	218.17
gr24_F4I460.yaml	1500	1500	0	0	1	173.729	561	81920	0.68	100	58	True	218.17
gr24_F4I460.yaml	1500	1500	0	0	1	174.262	561	81920	0.68	100	57	True	218.17
gr24_F4I460.yaml	1500	1500	0	0	1	174.795	561	81920	0.68	0	56	True	218.17
gr24_F4I460.yaml	1500	1500	0	0	1	175.327	561	81920	0.68	0	55	True	218.17
gr24_F4I460.yaml	1500	1500	0	0	1	175.849	561	81920	0.68	0	54	True	218.17
gr24_F4I460.yaml	1500	1500	0	0	1	176.371	561	81920	0.68	0	54	True	218.17
gr24_F4I460.yaml	1500	1500	0	0	1	176.893	561	81920	0.68	0	53	True	218.17
gr24_F4I460.yaml	1500	1500	0	0	1	177.414	561	81920	0.68	0	52	True	218.17
gr24_F4I460.yaml	1500	1500	0	0	1	177.94	561	81920	0.68	0	52	True	218.17
gr24_F4I460.yaml	1500	1500	0	0	1	178.458	561	81920	0.68	0	52	True	218.17
gr24_F4I460.yaml	1500	1500	0	0	1	178.976	561	81920	0.68	0	51	True	218.17
gr24_F4I460.yaml	1500	1500	0	0	1	179.495	561	81920	0.68	0	51	True	218.17
gr24_F4I460.yaml	1500	1500	0	0	1	180.018	561	81920	0.68	0	50	True	218.17
gr24_F4I460.yaml	1500	1500	0	0	1	180.544	561	81920	0.68	0	50	True	218.17
gr24_F4I460.yaml	1500	1500	0	0	1	181.06	561	81920	0.68	0	50	True	218.17
gr24_F4I460.yaml	1500	1500	0	0	1	181.576	561	81920	0.68	0	50	True	218.17
gr24_F4I460.yaml	1500	1500	0	0	1	182.095	561	81920	0.68	0	49	True	218.17
gr24_F4I460.yaml	1500	1500	0	0	1	182.614	561	81920	0.68	0	49	True	218.17
gr24_F4I460.yaml	1500	1500	0	0	1	183.142	561	81920	0.68	0	49	True	218.17
gr24_F4I460.yaml	1500	1500	0	0	1	183.662	561	81920	0.68	0	49	True	218.17
gr24_F4I460.yaml	1500	1500	0	0	1	184.2	561	81920	0.68	0	49	True	218.17
gr24_F4I460.yaml	1500	1500	0	0	1	184.72	561	81920	0.68	0	49	True	218.17
gr24_F4I460.yaml	1500	1500	0	0	1	185.238	561	81920	0.68	0	48	True	218.17
gr24_F4I460.yaml	1500	1500	0	0	1	185.755	561	81920	0.68	0	48	True	218.17
gr24_F4I460.yaml	1500	1500	0	0	1	186.278	561	81920	0.68	0	48	True	218.17
gr24_F4I460.yaml	1500	1500	0	0	1	186.809	561	81920	0.68	0	48	True	218.17
gr24_F4I460.yaml	1500	1500	0	0	1	187.33	561	81920	0.68	0	48	True	218.17
gr24_F4I460.yaml	1500	1500	0	0	1	187.854	561	81920	0.68	0	48	True	218.17
gr24_F4I460.yaml	1500	1500	0	0	1	188.371	561	81920	0.68	0	48	True	218.17
gr24_F4I460.yaml	1500	1500	0	0	1	188.892	561	81920	0.68	0	48	True	218.17
gr24_F4I460.yaml	1500	1500	0	0	1	189.414	561	81920	0.68	0	48	True	218.17
gr24_F4I460.yaml	1500	1500	0	0	1	189.932	561	81920	0.68	0	48	True	218.17
gr24_F4I460.yaml	1500	1500	0	0	1	190.452	561	81920	0.68	0	48	True	218.17
gr24_F4I460.yaml	1500	1500	0	0	1	190.977	561	81920	0.68	0	48	True	218.17
gr24_F4I460.yaml	1500	1500	0	0	1	191.492	561	81920	0.68	0	48	True	218.17
gr24_F4I460.yaml	1500	1500	0	0	1	192.018	561	81920	0.68	0	48	True	218.17
gr24_F4I460.yaml	1500	1500	0	0	1	192.536	561	81920	0.68	0	48	True	218.17
gr24_F4I460.yaml	1500	1500	0	0	1	193.056	561	81920	0.68	0	48	True	218.17
gr24_F4I460.yaml	1500	1500	0	0	1	193.575	561	81920	0.68	0	48	True	218.17
gr24_F4I460.yaml	1500	1500	0	0	1	194.1	1135	81920	1.39	2	48	True	218.17
gr24_F4I460.yaml	1500	1500	0	0	1	194.616	2701	81920	3.3	27	48	True	218.17
gr24_F4I460.yaml	1500	1500	0	0	1	195.136	2701	81920	3.3	0	48	True	218.17
gr24_F4I460.yaml	1500	1500	0	0	1	195.655	2701	81920	3.3	0	48	True	218.17
gr24_F4I460.yaml	1500	1500	0	0	1	196.174	9903	81920	12.09	0	51	True	218.17
gr24_F4I460.yaml	1500	1500	0	0	1	196.694	9903	81920	12.09	100	56	True	218.17
gr24_F4I460.yaml	1500	1500	0	0	1	197.216	9903	81920	12.09	100	59	True	218.17
gr24_F4I460.yaml	1500	1500	0	0	1	197.742	9903	81920	12.09	100	61	True	218.17
gr24_F4I460.yaml	1500	1500	0	0	1	198.271	9903	81920	12.09	100	62	True	218.17
gr24_F4I460.yaml	1500	1500	0	0	1	198.802	9903	81920	12.09	100	64	True	218.17
gr24_F4I460.yaml	1500	1500	0	0	1	199.333	9903	81920	12.09	100	65	True	218.17
gr24_F4I460.yaml	1500	1500	0	0	1	199.864	9903	81920	12.09	100	66	True	218.17
gr24_F4I460.yaml	1500	1500	0	0	1	200.397	9903	81920	12.09	98	69	True	218.17
gr24_F4I460.yaml	1500	1500	0	0	1	200.927	9903	81920	12.09	98	71	True	218.17
gr24_F4I460.yaml	1500	1500	0	0	1	201.456	9903	81920	12.09	98	72	True	218.17
gr24_F4I460.yaml	1500	1500	0	0	1	201.985	9903	81920	12.09	98	73	True	218.17
gr24_F4I460.yaml	1500	1500	0	0	1	202.514	9903	81920	12.09	97	73	True	218.17
gr24_F4I460.yaml	1500	1500	0	0	1	203.042	9903	81920	12.09	98	74	True	218.17
gr24_F4I460.yaml	1500	1500	0	0	1	203.57	9903	81920	12.09	97	75	True	218.17
gr24_F4I460.yaml	1500	1500	0	0	1	204.099	9903	81920	12.09	98	75	True	218.17
gr24_F4I460.yaml	1500	1500	0	0	1	204.627	9903	81920	12.09	98	75	True	218.17
gr24_F4I460.yaml	1500	1500	0	0	1	205.155	9903	81920	12.09	98	76	True	218.17
gr24_F4I460.yaml	1500	1500	0	0	1	205.682	9903	81920	12.09	98	76	True	218.17
gr24_F4I460.yaml	1500	1500	0	0	1	206.211	9903	81920	12.09	98	76	True	218.17
gr24_F4I460.yaml	1500	1500	0	0	1	206.742	9903	81920	12.09	98	76	True	218.17
gr24_F4I460.yaml	1500	1500	0	0	1	207.268	9903	81920	12.09	98	77	True	218.17
gr24_F4I460.yaml	1500	1500	0	0	1	207.798	9903	81920	12.09	98	76	True	218.17
gr24_F4I460.yaml	1500	1500	0	0	1	208.329	9903	81920	12.09	98	77	True	218.17
gr24_F4I460.yaml	1500	1500	0	0	1	208.861	9903	81920	12.09	98	77	True	218.17
gr24_F4I460.yaml	1500	1500	0	0	1	209.39	9903	81920	12.09	98	77	True	218.17
gr24_F4I460.yaml	1500	1500	0	0	1	209.919	9903	81920	12.09	98	77	True	218.17
gr24_F4I460.yaml	1500	1500	0	0	1	210.452	9903	81920	12.09	98	78	True	218.17
gr24_F4I460.yaml	1500	1500	0	0	1	210.983	9903	81920	12.09	98	78	True	218.17
gr24_F4I460.yaml	1500	1500	0	0	1	211.513	9903	81920	12.09	98	77	True	218.17
gr24_F4I460.yaml	1500	1500	0	0	1	212.043	9903	81920	12.09	98	78	True	218.17
gr24_F4I460.yaml	1500	1500	0	0	1	212.572	9903	81920	12.09	98	78	True	218.17
gr24_F4I460.yaml	1500	1500	0	0	1	213.108	9903	81920	12.09	98	77	True	218.17
gr24_F4I460.yaml	1500	1500	0	0	1	213.637	9919	81920	12.11	93	76	True	218.17
gr24_F4I460.yaml	1500	1500	0	0	1	214.168	9919	81920	12.11	7	69	True	218.17
gr24_F4I460.yaml	1500	1500	0	0	1	214.697	9919	81920	12.11	8	66	True	218.17
gr24_F4I460.yaml	1500	1500	0	0	1	215.227	559	81920	0.68	43	64	True	218.17
gr24_F4I460.yaml	1500	1500	0	0	1	215.753	559	81920	0.68	0	62	True	218.17
gr24_F4I460.yaml	1500	1500	0	0	1	216.283	523	81920	0.64	0	60	True	218.17
gr24_F4I460.yaml	1500	1500	0	0	1	216.81	523	81920	0.64	0	59	True	218.17
gr24_F4I460.yaml	1500	1500	0	0	1	217.338	523	81920	0.64	0	57	True	218.17
gr24_F4I460.yaml	1500	1500	0	0	1	217.866	0	81920	0.0	0	57	True	218.17
gr24_Q94KE2.yaml	1550	1550	0	0	1	0.0	0	81920	0.0	0	56	True	206.95
gr24_Q94KE2.yaml	1550	1550	0	0	1	0.528	0	81920	0.0	0	55	True	206.95
gr24_Q94KE2.yaml	1550	1550	0	0	1	1.055	0	81920	0.0	0	54	True	206.95
gr24_Q94KE2.yaml	1550	1550	0	0	1	1.583	0	81920	0.0	0	52	True	206.95
gr24_Q94KE2.yaml	1550	1550	0	0	1	2.113	0	81920	0.0	0	51	True	206.95
gr24_Q94KE2.yaml	1550	1550	0	0	1	2.642	0	81920	0.0	0	50	True	206.95
gr24_Q94KE2.yaml	1550	1550	0	0	1	3.17	0	81920	0.0	0	49	True	206.95
gr24_Q94KE2.yaml	1550	1550	0	0	1	3.698	0	81920	0.0	0	48	True	206.95
gr24_Q94KE2.yaml	1550	1550	0	0	1	4.226	0	81920	0.0	0	47	True	206.95
gr24_Q94KE2.yaml	1550	1550	0	0	1	4.754	0	81920	0.0	0	47	True	206.95
gr24_Q94KE2.yaml	1550	1550	0	0	1	5.288	0	81920	0.0	0	46	True	206.95
gr24_Q94KE2.yaml	1550	1550	0	0	1	5.819	0	81920	0.0	0	46	True	206.95
gr24_Q94KE2.yaml	1550	1550	0	0	1	6.342	0	81920	0.0	0	45	True	206.95
gr24_Q94KE2.yaml	1550	1550	0	0	1	6.873	0	81920	0.0	0	45	True	206.95
gr24_Q94KE2.yaml	1550	1550	0	0	1	7.401	0	81920	0.0	0	44	True	206.95
gr24_Q94KE2.yaml	1550	1550	0	0	1	7.93	0	81920	0.0	0	44	True	206.95
gr24_Q94KE2.yaml	1550	1550	0	0	1	8.462	0	81920	0.0	0	44	True	206.95
gr24_Q94KE2.yaml	1550	1550	0	0	1	8.991	0	81920	0.0	0	44	True	206.95
gr24_Q94KE2.yaml	1550	1550	0	0	1	9.522	0	81920	0.0	0	43	True	206.95
gr24_Q94KE2.yaml	1550	1550	0	0	1	10.049	0	81920	0.0	0	43	True	206.95
gr24_Q94KE2.yaml	1550	1550	0	0	1	10.577	0	81920	0.0	0	43	True	206.95
gr24_Q94KE2.yaml	1550	1550	0	0	1	11.111	0	81920	0.0	0	43	True	206.95
gr24_Q94KE2.yaml	1550	1550	0	0	1	11.64	0	81920	0.0	0	42	True	206.95
gr24_Q94KE2.yaml	1550	1550	0	0	1	12.162	0	81920	0.0	0	42	True	206.95
gr24_Q94KE2.yaml	1550	1550	0	0	1	12.683	0	81920	0.0	0	42	True	206.95
gr24_Q94KE2.yaml	1550	1550	0	0	1	13.206	0	81920	0.0	0	42	True	206.95
gr24_Q94KE2.yaml	1550	1550	0	0	1	13.727	0	81920	0.0	0	42	True	206.95
gr24_Q94KE2.yaml	1550	1550	0	0	1	14.253	0	81920	0.0	0	42	True	206.95
gr24_Q94KE2.yaml	1550	1550	0	0	1	14.777	0	81920	0.0	0	42	True	206.95
gr24_Q94KE2.yaml	1550	1550	0	0	1	15.294	0	81920	0.0	0	41	True	206.95
gr24_Q94KE2.yaml	1550	1550	0	0	1	15.81	0	81920	0.0	0	41	True	206.95
gr24_Q94KE2.yaml	1550	1550	0	0	1	16.329	0	81920	0.0	0	41	True	206.95
gr24_Q94KE2.yaml	1550	1550	0	0	1	16.845	0	81920	0.0	0	41	True	206.95
gr24_Q94KE2.yaml	1550	1550	0	0	1	17.366	0	81920	0.0	0	41	True	206.95
gr24_Q94KE2.yaml	1550	1550	0	0	1	17.889	0	81920	0.0	0	41	True	206.95
gr24_Q94KE2.yaml	1550	1550	0	0	1	18.406	0	81920	0.0	0	41	True	206.95
gr24_Q94KE2.yaml	1550	1550	0	0	1	18.925	0	81920	0.0	0	41	True	206.95
gr24_Q94KE2.yaml	1550	1550	0	0	1	19.443	0	81920	0.0	0	41	True	206.95
gr24_Q94KE2.yaml	1550	1550	0	0	1	19.964	0	81920	0.0	0	41	True	206.95
gr24_Q94KE2.yaml	1550	1550	0	0	1	20.482	0	81920	0.0	0	41	True	206.95
gr24_Q94KE2.yaml	1550	1550	0	0	1	21.002	0	81920	0.0	0	41	True	206.95
gr24_Q94KE2.yaml	1550	1550	0	0	1	21.522	0	81920	0.0	0	41	True	206.95
gr24_Q94KE2.yaml	1550	1550	0	0	1	22.047	0	81920	0.0	0	41	True	206.95
gr24_Q94KE2.yaml	1550	1550	0	0	1	22.57	0	81920	0.0	0	41	True	206.95
gr24_Q94KE2.yaml	1550	1550	0	0	1	23.098	0	81920	0.0	0	41	True	206.95
gr24_Q94KE2.yaml	1550	1550	0	0	1	23.621	0	81920	0.0	0	40	True	206.95
gr24_Q94KE2.yaml	1550	1550	0	0	1	24.154	0	81920	0.0	0	40	True	206.95
gr24_Q94KE2.yaml	1550	1550	0	0	1	24.682	0	81920	0.0	0	40	True	206.95
gr24_Q94KE2.yaml	1550	1550	0	0	1	25.207	0	81920	0.0	0	40	True	206.95
gr24_Q94KE2.yaml	1550	1550	0	0	1	25.729	0	81920	0.0	0	40	True	206.95
gr24_Q94KE2.yaml	1550	1550	0	0	1	26.248	0	81920	0.0	0	40	True	206.95
gr24_Q94KE2.yaml	1550	1550	0	0	1	26.766	0	81920	0.0	0	40	True	206.95
gr24_Q94KE2.yaml	1550	1550	0	0	1	27.286	0	81920	0.0	0	40	True	206.95
gr24_Q94KE2.yaml	1550	1550	0	0	1	27.812	0	81920	0.0	0	40	True	206.95
gr24_Q94KE2.yaml	1550	1550	0	0	1	28.336	0	81920	0.0	0	40	True	206.95
gr24_Q94KE2.yaml	1550	1550	0	0	1	28.859	0	81920	0.0	0	40	True	206.95
gr24_Q94KE2.yaml	1550	1550	0	0	1	29.377	0	81920	0.0	0	40	True	206.95
gr24_Q94KE2.yaml	1550	1550	0	0	1	29.896	0	81920	0.0	0	40	True	206.95
gr24_Q94KE2.yaml	1550	1550	0	0	1	30.468	439	81920	0.54	0	40	True	206.95
gr24_Q94KE2.yaml	1550	1550	0	0	1	30.985	2609	81920	3.18	26	41	True	206.95
gr24_Q94KE2.yaml	1550	1550	0	0	1	31.515	2609	81920	3.18	0	42	True	206.95
gr24_Q94KE2.yaml	1550	1550	0	0	1	32.043	2609	81920	3.18	0	42	True	206.95
gr24_Q94KE2.yaml	1550	1550	0	0	1	32.57	2609	81920	3.18	0	42	True	206.95
gr24_Q94KE2.yaml	1550	1550	0	0	1	33.099	2609	81920	3.18	0	43	True	206.95
gr24_Q94KE2.yaml	1550	1550	0	0	1	33.628	2609	81920	3.18	0	43	True	206.95
gr24_Q94KE2.yaml	1550	1550	0	0	1	34.157	2609	81920	3.18	0	43	True	206.95
gr24_Q94KE2.yaml	1550	1550	0	0	1	34.687	2609	81920	3.18	0	43	True	206.95
gr24_Q94KE2.yaml	1550	1550	0	0	1	35.219	2609	81920	3.18	0	43	True	206.95
gr24_Q94KE2.yaml	1550	1550	0	0	1	35.748	2609	81920	3.18	0	43	True	206.95
gr24_Q94KE2.yaml	1550	1550	0	0	1	36.277	2611	81920	3.19	1	43	True	206.95
gr24_Q94KE2.yaml	1550	1550	0	0	1	36.808	4009	81920	4.89	0	43	True	206.95
gr24_Q94KE2.yaml	1550	1550	0	0	1	37.336	4377	81920	5.34	4	43	True	206.95
gr24_Q94KE2.yaml	1550	1550	0	0	1	37.868	12187	81920	14.88	29	44	True	206.95
gr24_Q94KE2.yaml	1550	1550	0	0	1	38.399	12187	81920	14.88	0	44	True	206.95
gr24_Q94KE2.yaml	1550	1550	0	0	1	38.93	12187	81920	14.88	0	44	True	206.95
gr24_Q94KE2.yaml	1550	1550	0	0	1	39.459	12187	81920	14.88	0	44	True	206.95
gr24_Q94KE2.yaml	1550	1550	0	0	1	39.988	12187	81920	14.88	0	44	True	206.95
gr24_Q94KE2.yaml	1550	1550	0	0	1	40.516	12187	81920	14.88	0	44	True	206.95
gr24_Q94KE2.yaml	1550	1550	0	0	1	41.045	19133	81920	23.36	0	44	True	206.95
gr24_Q94KE2.yaml	1550	1550	0	0	1	41.576	23961	81920	29.25	100	52	True	206.95
gr24_Q94KE2.yaml	1550	1550	0	0	1	42.111	28789	81920	35.14	100	54	True	206.95
gr24_Q94KE2.yaml	1550	1550	0	0	1	42.65	28789	81920	35.14	100	56	True	206.95
gr24_Q94KE2.yaml	1550	1550	0	0	1	43.184	28789	81920	35.14	100	59	True	206.95
gr24_Q94KE2.yaml	1550	1550	0	0	1	43.712	28789	81920	35.14	100	60	True	206.95
gr24_Q94KE2.yaml	1550	1550	0	0	1	44.257	28789	81920	35.14	100	61	True	206.95
gr24_Q94KE2.yaml	1550	1550	0	0	1	44.785	28789	81920	35.14	100	62	True	206.95
gr24_Q94KE2.yaml	1550	1550	0	0	1	45.316	28789	81920	35.14	100	63	True	206.95
gr24_Q94KE2.yaml	1550	1550	0	0	1	45.85	28789	81920	35.14	100	64	True	206.95
gr24_Q94KE2.yaml	1550	1550	0	0	1	46.381	28789	81920	35.14	100	65	True	206.95
gr24_Q94KE2.yaml	1550	1550	0	0	1	46.914	28789	81920	35.14	100	66	True	206.95
gr24_Q94KE2.yaml	1550	1550	0	0	1	47.445	28789	81920	35.14	100	66	True	206.95
gr24_Q94KE2.yaml	1550	1550	0	0	1	47.973	28789	81920	35.14	100	66	True	206.95
gr24_Q94KE2.yaml	1550	1550	0	0	1	48.508	28789	81920	35.14	100	67	True	206.95
gr24_Q94KE2.yaml	1550	1550	0	0	1	49.037	28789	81920	35.14	100	67	True	206.95
gr24_Q94KE2.yaml	1550	1550	0	0	1	49.576	28789	81920	35.14	100	68	True	206.95
gr24_Q94KE2.yaml	1550	1550	0	0	1	50.105	28789	81920	35.14	100	69	True	206.95
gr24_Q94KE2.yaml	1550	1550	0	0	1	50.634	28789	81920	35.14	100	69	True	206.95
gr24_Q94KE2.yaml	1550	1550	0	0	1	51.166	28789	81920	35.14	100	69	True	206.95
gr24_Q94KE2.yaml	1550	1550	0	0	1	51.693	28789	81920	35.14	100	70	True	206.95
gr24_Q94KE2.yaml	1550	1550	0	0	1	52.228	28789	81920	35.14	100	70	True	206.95
gr24_Q94KE2.yaml	1550	1550	0	0	1	52.761	28789	81920	35.14	100	70	True	206.95
gr24_Q94KE2.yaml	1550	1550	0	0	1	53.29	28789	81920	35.14	100	71	True	206.95
gr24_Q94KE2.yaml	1550	1550	0	0	1	53.819	28789	81920	35.14	100	71	True	206.95
gr24_Q94KE2.yaml	1550	1550	0	0	1	54.346	28789	81920	35.14	100	71	True	206.95
gr24_Q94KE2.yaml	1550	1550	0	0	1	54.889	28789	81920	35.14	100	71	True	206.95
gr24_Q94KE2.yaml	1550	1550	0	0	1	55.417	28789	81920	35.14	100	71	True	206.95
gr24_Q94KE2.yaml	1550	1550	0	0	1	55.948	28789	81920	35.14	100	71	True	206.95
gr24_Q94KE2.yaml	1550	1550	0	0	1	56.475	28789	81920	35.14	100	72	True	206.95
gr24_Q94KE2.yaml	1550	1550	0	0	1	57.02	28789	81920	35.14	100	72	True	206.95
gr24_Q94KE2.yaml	1550	1550	0	0	1	57.55	28789	81920	35.14	100	71	True	206.95
gr24_Q94KE2.yaml	1550	1550	0	0	1	58.079	28789	81920	35.14	100	72	True	206.95
gr24_Q94KE2.yaml	1550	1550	0	0	1	58.61	28789	81920	35.14	100	72	True	206.95
gr24_Q94KE2.yaml	1550	1550	0	0	1	59.141	28789	81920	35.14	100	72	True	206.95
gr24_Q94KE2.yaml	1550	1550	0	0	1	59.671	28789	81920	35.14	100	72	True	206.95
gr24_Q94KE2.yaml	1550	1550	0	0	1	60.2	28789	81920	35.14	100	72	True	206.95
gr24_Q94KE2.yaml	1550	1550	0	0	1	60.738	28789	81920	35.14	100	73	True	206.95
gr24_Q94KE2.yaml	1550	1550	0	0	1	61.268	28789	81920	35.14	100	72	True	206.95
gr24_Q94KE2.yaml	1550	1550	0	0	1	61.798	28789	81920	35.14	100	72	True	206.95
gr24_Q94KE2.yaml	1550	1550	0	0	1	62.331	28789	81920	35.14	100	73	True	206.95
gr24_Q94KE2.yaml	1550	1550	0	0	1	62.861	28789	81920	35.14	100	73	True	206.95
gr24_Q94KE2.yaml	1550	1550	0	0	1	63.39	28789	81920	35.14	100	72	True	206.95
gr24_Q94KE2.yaml	1550	1550	0	0	1	63.919	28789	81920	35.14	100	72	True	206.95
gr24_Q94KE2.yaml	1550	1550	0	0	1	64.453	28789	81920	35.14	100	72	True	206.95
gr24_Q94KE2.yaml	1550	1550	0	0	1	64.982	28789	81920	35.14	100	73	True	206.95
gr24_Q94KE2.yaml	1550	1550	0	0	1	65.511	28789	81920	35.14	100	73	True	206.95
gr24_Q94KE2.yaml	1550	1550	0	0	1	66.041	28789	81920	35.14	100	73	True	206.95
gr24_Q94KE2.yaml	1550	1550	0	0	1	66.572	28789	81920	35.14	100	73	True	206.95
gr24_Q94KE2.yaml	1550	1550	0	0	1	67.102	28789	81920	35.14	100	73	True	206.95
gr24_Q94KE2.yaml	1550	1550	0	0	1	67.632	28789	81920	35.14	100	73	True	206.95
gr24_Q94KE2.yaml	1550	1550	0	0	1	68.163	28789	81920	35.14	100	73	True	206.95
gr24_Q94KE2.yaml	1550	1550	0	0	1	68.693	28789	81920	35.14	100	73	True	206.95
gr24_Q94KE2.yaml	1550	1550	0	0	1	69.227	28789	81920	35.14	100	73	True	206.95
gr24_Q94KE2.yaml	1550	1550	0	0	1	69.756	28789	81920	35.14	100	73	True	206.95
gr24_Q94KE2.yaml	1550	1550	0	0	1	70.288	28789	81920	35.14	100	73	True	206.95
gr24_Q94KE2.yaml	1550	1550	0	0	1	70.817	28789	81920	35.14	100	73	True	206.95
gr24_Q94KE2.yaml	1550	1550	0	0	1	71.349	28789	81920	35.14	100	73	True	206.95
gr24_Q94KE2.yaml	1550	1550	0	0	1	71.88	28789	81920	35.14	100	73	True	206.95
gr24_Q94KE2.yaml	1550	1550	0	0	1	72.41	28789	81920	35.14	100	73	True	206.95
gr24_Q94KE2.yaml	1550	1550	0	0	1	72.939	28789	81920	35.14	100	73	True	206.95
gr24_Q94KE2.yaml	1550	1550	0	0	1	73.47	28789	81920	35.14	100	73	True	206.95
gr24_Q94KE2.yaml	1550	1550	0	0	1	74.001	28789	81920	35.14	100	73	True	206.95
gr24_Q94KE2.yaml	1550	1550	0	0	1	74.533	28789	81920	35.14	100	73	True	206.95
gr24_Q94KE2.yaml	1550	1550	0	0	1	75.066	28789	81920	35.14	100	73	True	206.95
gr24_Q94KE2.yaml	1550	1550	0	0	1	75.594	28789	81920	35.14	100	73	True	206.95
gr24_Q94KE2.yaml	1550	1550	0	0	1	76.124	28789	81920	35.14	100	74	True	206.95
gr24_Q94KE2.yaml	1550	1550	0	0	1	76.652	28789	81920	35.14	100	73	True	206.95
gr24_Q94KE2.yaml	1550	1550	0	0	1	77.181	28789	81920	35.14	100	74	True	206.95
gr24_Q94KE2.yaml	1550	1550	0	0	1	77.715	28789	81920	35.14	100	74	True	206.95
gr24_Q94KE2.yaml	1550	1550	0	0	1	78.247	28789	81920	35.14	100	74	True	206.95
gr24_Q94KE2.yaml	1550	1550	0	0	1	78.776	28789	81920	35.14	100	73	True	206.95
gr24_Q94KE2.yaml	1550	1550	0	0	1	79.307	28789	81920	35.14	100	74	True	206.95
gr24_Q94KE2.yaml	1550	1550	0	0	1	79.837	28789	81920	35.14	100	74	True	206.95
gr24_Q94KE2.yaml	1550	1550	0	0	1	80.371	28789	81920	35.14	100	74	True	206.95
gr24_Q94KE2.yaml	1550	1550	0	0	1	80.909	28789	81920	35.14	100	74	True	206.95
gr24_Q94KE2.yaml	1550	1550	0	0	1	81.444	28789	81920	35.14	100	73	True	206.95
gr24_Q94KE2.yaml	1550	1550	0	0	1	81.976	28789	81920	35.14	100	74	True	206.95
gr24_Q94KE2.yaml	1550	1550	0	0	1	82.504	28789	81920	35.14	100	74	True	206.95
gr24_Q94KE2.yaml	1550	1550	0	0	1	83.033	28789	81920	35.14	100	73	True	206.95
gr24_Q94KE2.yaml	1550	1550	0	0	1	83.562	28789	81920	35.14	100	74	True	206.95
gr24_Q94KE2.yaml	1550	1550	0	0	1	84.092	28789	81920	35.14	100	74	True	206.95
gr24_Q94KE2.yaml	1550	1550	0	0	1	84.622	28789	81920	35.14	100	74	True	206.95
gr24_Q94KE2.yaml	1550	1550	0	0	1	85.151	28789	81920	35.14	100	74	True	206.95
gr24_Q94KE2.yaml	1550	1550	0	0	1	85.678	28789	81920	35.14	100	74	True	206.95
gr24_Q94KE2.yaml	1550	1550	0	0	1	86.208	28789	81920	35.14	100	74	True	206.95
gr24_Q94KE2.yaml	1550	1550	0	0	1	86.735	28789	81920	35.14	100	74	True	206.95
gr24_Q94KE2.yaml	1550	1550	0	0	1	87.274	28789	81920	35.14	100	74	True	206.95
gr24_Q94KE2.yaml	1550	1550	0	0	1	87.805	28789	81920	35.14	100	74	True	206.95
gr24_Q94KE2.yaml	1550	1550	0	0	1	88.332	28789	81920	35.14	100	73	True	206.95
gr24_Q94KE2.yaml	1550	1550	0	0	1	88.862	28789	81920	35.14	100	74	True	206.95
gr24_Q94KE2.yaml	1550	1550	0	0	1	89.39	28789	81920	35.14	100	74	True	206.95
gr24_Q94KE2.yaml	1550	1550	0	0	1	89.921	28789	81920	35.14	100	73	True	206.95
gr24_Q94KE2.yaml	1550	1550	0	0	1	90.462	28789	81920	35.14	100	74	True	206.95
gr24_Q94KE2.yaml	1550	1550	0	0	1	90.991	28789	81920	35.14	100	74	True	206.95
gr24_Q94KE2.yaml	1550	1550	0	0	1	91.517	28789	81920	35.14	100	74	True	206.95
gr24_Q94KE2.yaml	1550	1550	0	0	1	92.047	28789	81920	35.14	100	74	True	206.95
gr24_Q94KE2.yaml	1550	1550	0	0	1	92.577	28789	81920	35.14	100	74	True	206.95
gr24_Q94KE2.yaml	1550	1550	0	0	1	93.107	28789	81920	35.14	100	74	True	206.95
gr24_Q94KE2.yaml	1550	1550	0	0	1	93.637	28789	81920	35.14	100	74	True	206.95
gr24_Q94KE2.yaml	1550	1550	0	0	1	94.171	28789	81920	35.14	100	74	True	206.95
gr24_Q94KE2.yaml	1550	1550	0	0	1	94.7	28789	81920	35.14	100	74	True	206.95
gr24_Q94KE2.yaml	1550	1550	0	0	1	95.23	28789	81920	35.14	100	74	True	206.95
gr24_Q94KE2.yaml	1550	1550	0	0	1	95.758	28789	81920	35.14	100	74	True	206.95
gr24_Q94KE2.yaml	1550	1550	0	0	1	96.287	28789	81920	35.14	100	74	True	206.95
gr24_Q94KE2.yaml	1550	1550	0	0	1	96.815	28789	81920	35.14	100	74	True	206.95
gr24_Q94KE2.yaml	1550	1550	0	0	1	97.344	28789	81920	35.14	100	74	True	206.95
gr24_Q94KE2.yaml	1550	1550	0	0	1	97.878	28789	81920	35.14	100	74	True	206.95
gr24_Q94KE2.yaml	1550	1550	0	0	1	98.408	28789	81920	35.14	100	74	True	206.95
gr24_Q94KE2.yaml	1550	1550	0	0	1	98.937	28789	81920	35.14	100	74	True	206.95
gr24_Q94KE2.yaml	1550	1550	0	0	1	99.475	28789	81920	35.14	100	74	True	206.95
gr24_Q94KE2.yaml	1550	1550	0	0	1	100.014	28789	81920	35.14	100	74	True	206.95
gr24_Q94KE2.yaml	1550	1550	0	0	1	100.546	28789	81920	35.14	100	74	True	206.95
gr24_Q94KE2.yaml	1550	1550	0	0	1	101.076	28789	81920	35.14	100	74	True	206.95
gr24_Q94KE2.yaml	1550	1550	0	0	1	101.615	28789	81920	35.14	100	74	True	206.95
gr24_Q94KE2.yaml	1550	1550	0	0	1	102.144	28789	81920	35.14	100	74	True	206.95
gr24_Q94KE2.yaml	1550	1550	0	0	1	102.673	28789	81920	35.14	100	74	True	206.95
gr24_Q94KE2.yaml	1550	1550	0	0	1	103.21	28789	81920	35.14	100	74	True	206.95
gr24_Q94KE2.yaml	1550	1550	0	0	1	103.743	28789	81920	35.14	100	74	True	206.95
gr24_Q94KE2.yaml	1550	1550	0	0	1	104.273	28789	81920	35.14	100	74	True	206.95
gr24_Q94KE2.yaml	1550	1550	0	0	1	104.803	28789	81920	35.14	100	74	True	206.95
gr24_Q94KE2.yaml	1550	1550	0	0	1	105.338	28789	81920	35.14	100	74	True	206.95
gr24_Q94KE2.yaml	1550	1550	0	0	1	105.867	28789	81920	35.14	100	74	True	206.95
gr24_Q94KE2.yaml	1550	1550	0	0	1	106.398	28789	81920	35.14	100	74	True	206.95
gr24_Q94KE2.yaml	1550	1550	0	0	1	106.932	28789	81920	35.14	100	74	True	206.95
gr24_Q94KE2.yaml	1550	1550	0	0	1	107.463	28789	81920	35.14	100	74	True	206.95
gr24_Q94KE2.yaml	1550	1550	0	0	1	107.991	28789	81920	35.14	100	74	True	206.95
gr24_Q94KE2.yaml	1550	1550	0	0	1	108.522	28789	81920	35.14	100	74	True	206.95
gr24_Q94KE2.yaml	1550	1550	0	0	1	109.049	28789	81920	35.14	100	74	True	206.95
gr24_Q94KE2.yaml	1550	1550	0	0	1	109.584	28789	81920	35.14	100	74	True	206.95
gr24_Q94KE2.yaml	1550	1550	0	0	1	110.115	28789	81920	35.14	100	74	True	206.95
gr24_Q94KE2.yaml	1550	1550	0	0	1	110.644	28789	81920	35.14	100	74	True	206.95
gr24_Q94KE2.yaml	1550	1550	0	0	1	111.174	28789	81920	35.14	100	74	True	206.95
gr24_Q94KE2.yaml	1550	1550	0	0	1	111.703	28789	81920	35.14	100	74	True	206.95
gr24_Q94KE2.yaml	1550	1550	0	0	1	112.234	28789	81920	35.14	100	74	True	206.95
gr24_Q94KE2.yaml	1550	1550	0	0	1	112.765	28789	81920	35.14	100	74	True	206.95
gr24_Q94KE2.yaml	1550	1550	0	0	1	113.296	28789	81920	35.14	100	74	True	206.95
gr24_Q94KE2.yaml	1550	1550	0	0	1	113.825	28789	81920	35.14	100	75	True	206.95
gr24_Q94KE2.yaml	1550	1550	0	0	1	114.362	28789	81920	35.14	100	74	True	206.95
gr24_Q94KE2.yaml	1550	1550	0	0	1	114.89	28789	81920	35.14	100	74	True	206.95
gr24_Q94KE2.yaml	1550	1550	0	0	1	115.417	28789	81920	35.14	100	75	True	206.95
gr24_Q94KE2.yaml	1550	1550	0	0	1	115.949	28789	81920	35.14	100	74	True	206.95
gr24_Q94KE2.yaml	1550	1550	0	0	1	116.49	28789	81920	35.14	100	75	True	206.95
gr24_Q94KE2.yaml	1550	1550	0	0	1	117.019	28789	81920	35.14	100	74	True	206.95
gr24_Q94KE2.yaml	1550	1550	0	0	1	117.548	28789	81920	35.14	100	75	True	206.95
gr24_Q94KE2.yaml	1550	1550	0	0	1	118.078	28789	81920	35.14	100	74	True	206.95
gr24_Q94KE2.yaml	1550	1550	0	0	1	118.622	28789	81920	35.14	100	74	True	206.95
gr24_Q94KE2.yaml	1550	1550	0	0	1	119.155	28789	81920	35.14	100	74	True	206.95
gr24_Q94KE2.yaml	1550	1550	0	0	1	119.692	32411	81920	39.56	49	74	True	206.95
gr24_Q94KE2.yaml	1550	1550	0	0	1	120.224	32447	81920	39.61	0	72	True	206.95
gr24_Q94KE2.yaml	1550	1550	0	0	1	120.752	32449	81920	39.61	99	74	True	206.95
gr24_Q94KE2.yaml	1550	1550	0	0	1	121.286	32449	81920	39.61	99	75	True	206.95
gr24_Q94KE2.yaml	1550	1550	0	0	1	121.814	32449	81920	39.61	99	75	True	206.95
gr24_Q94KE2.yaml	1550	1550	0	0	1	122.346	32449	81920	39.61	99	75	True	206.95
gr24_Q94KE2.yaml	1550	1550	0	0	1	122.875	32449	81920	39.61	99	75	True	206.95
gr24_Q94KE2.yaml	1550	1550	0	0	1	123.404	32449	81920	39.61	99	76	True	206.95
gr24_Q94KE2.yaml	1550	1550	0	0	1	123.937	32449	81920	39.61	99	76	True	206.95
gr24_Q94KE2.yaml	1550	1550	0	0	1	124.467	32449	81920	39.61	99	76	True	206.95
gr24_Q94KE2.yaml	1550	1550	0	0	1	124.996	32449	81920	39.61	99	76	True	206.95
gr24_Q94KE2.yaml	1550	1550	0	0	1	125.528	32449	81920	39.61	99	76	True	206.95
gr24_Q94KE2.yaml	1550	1550	0	0	1	126.061	32449	81920	39.61	99	76	True	206.95
gr24_Q94KE2.yaml	1550	1550	0	0	1	126.59	32449	81920	39.61	99	76	True	206.95
gr24_Q94KE2.yaml	1550	1550	0	0	1	127.123	32449	81920	39.61	99	76	True	206.95
gr24_Q94KE2.yaml	1550	1550	0	0	1	127.65	32449	81920	39.61	99	76	True	206.95
gr24_Q94KE2.yaml	1550	1550	0	0	1	128.18	32449	81920	39.61	99	76	True	206.95
gr24_Q94KE2.yaml	1550	1550	0	0	1	128.708	32449	81920	39.61	99	76	True	206.95
gr24_Q94KE2.yaml	1550	1550	0	0	1	129.237	32449	81920	39.61	99	76	True	206.95
gr24_Q94KE2.yaml	1550	1550	0	0	1	129.771	32449	81920	39.61	99	76	True	206.95
gr24_Q94KE2.yaml	1550	1550	0	0	1	130.299	32449	81920	39.61	99	76	True	206.95
gr24_Q94KE2.yaml	1550	1550	0	0	1	130.832	32449	81920	39.61	99	76	True	206.95
gr24_Q94KE2.yaml	1550	1550	0	0	1	131.363	32449	81920	39.61	99	76	True	206.95
gr24_Q94KE2.yaml	1550	1550	0	0	1	131.893	32449	81920	39.61	99	76	True	206.95
gr24_Q94KE2.yaml	1550	1550	0	0	1	132.434	32449	81920	39.61	99	76	True	206.95
gr24_Q94KE2.yaml	1550	1550	0	0	1	132.966	32449	81920	39.61	99	76	True	206.95
gr24_Q94KE2.yaml	1550	1550	0	0	1	133.501	32449	81920	39.61	99	76	True	206.95
gr24_Q94KE2.yaml	1550	1550	0	0	1	134.033	32449	81920	39.61	99	76	True	206.95
gr24_Q94KE2.yaml	1550	1550	0	0	1	134.565	32449	81920	39.61	99	76	True	206.95
gr24_Q94KE2.yaml	1550	1550	0	0	1	135.093	32449	81920	39.61	99	76	True	206.95
gr24_Q94KE2.yaml	1550	1550	0	0	1	135.63	32449	81920	39.61	99	76	True	206.95
gr24_Q94KE2.yaml	1550	1550	0	0	1	136.159	32449	81920	39.61	99	76	True	206.95
gr24_Q94KE2.yaml	1550	1550	0	0	1	136.688	32449	81920	39.61	99	76	True	206.95
gr24_Q94KE2.yaml	1550	1550	0	0	1	137.217	32449	81920	39.61	99	76	True	206.95
gr24_Q94KE2.yaml	1550	1550	0	0	1	137.747	32449	81920	39.61	99	76	True	206.95
gr24_Q94KE2.yaml	1550	1550	0	0	1	138.275	32449	81920	39.61	99	76	True	206.95
gr24_Q94KE2.yaml	1550	1550	0	0	1	138.807	32449	81920	39.61	99	76	True	206.95
gr24_Q94KE2.yaml	1550	1550	0	0	1	139.34	32449	81920	39.61	99	76	True	206.95
gr24_Q94KE2.yaml	1550	1550	0	0	1	139.871	32449	81920	39.61	99	76	True	206.95
gr24_Q94KE2.yaml	1550	1550	0	0	1	140.398	32449	81920	39.61	99	76	True	206.95
gr24_Q94KE2.yaml	1550	1550	0	0	1	140.927	32449	81920	39.61	99	76	True	206.95
gr24_Q94KE2.yaml	1550	1550	0	0	1	141.459	32449	81920	39.61	99	76	True	206.95
gr24_Q94KE2.yaml	1550	1550	0	0	1	141.996	32449	81920	39.61	99	76	True	206.95
gr24_Q94KE2.yaml	1550	1550	0	0	1	142.54	32449	81920	39.61	99	76	True	206.95
gr24_Q94KE2.yaml	1550	1550	0	0	1	143.666	32449	81920	39.61	99	76	True	206.95
gr24_Q94KE2.yaml	1550	1550	0	0	1	144.198	32449	81920	39.61	99	76	True	206.95
gr24_Q94KE2.yaml	1550	1550	0	0	1	144.725	32449	81920	39.61	99	76	True	206.95
gr24_Q94KE2.yaml	1550	1550	0	0	1	145.255	32449	81920	39.61	99	76	True	206.95
gr24_Q94KE2.yaml	1550	1550	0	0	1	145.786	32449	81920	39.61	99	76	True	206.95
gr24_Q94KE2.yaml	1550	1550	0	0	1	146.319	32449	81920	39.61	99	76	True	206.95
gr24_Q94KE2.yaml	1550	1550	0	0	1	146.848	32449	81920	39.61	99	76	True	206.95
gr24_Q94KE2.yaml	1550	1550	0	0	1	147.38	32449	81920	39.61	99	76	True	206.95
gr24_Q94KE2.yaml	1550	1550	0	0	1	147.916	32449	81920	39.61	99	76	True	206.95
gr24_Q94KE2.yaml	1550	1550	0	0	1	148.447	32449	81920	39.61	99	76	True	206.95
gr24_Q94KE2.yaml	1550	1550	0	0	1	148.975	32449	81920	39.61	99	76	True	206.95
gr24_Q94KE2.yaml	1550	1550	0	0	1	149.51	32449	81920	39.61	99	76	True	206.95
gr24_Q94KE2.yaml	1550	1550	0	0	1	150.044	32449	81920	39.61	99	76	True	206.95
gr24_Q94KE2.yaml	1550	1550	0	0	1	150.572	32449	81920	39.61	99	76	True	206.95
gr24_Q94KE2.yaml	1550	1550	0	0	1	151.103	32449	81920	39.61	98	76	True	206.95
gr24_Q94KE2.yaml	1550	1550	0	0	1	151.631	32449	81920	39.61	99	76	True	206.95
gr24_Q94KE2.yaml	1550	1550	0	0	1	152.16	32449	81920	39.61	99	76	True	206.95
gr24_Q94KE2.yaml	1550	1550	0	0	1	152.694	32449	81920	39.61	99	76	True	206.95
gr24_Q94KE2.yaml	1550	1550	0	0	1	153.224	32449	81920	39.61	99	75	True	206.95
gr24_Q94KE2.yaml	1550	1550	0	0	1	153.756	32449	81920	39.61	99	76	True	206.95
gr24_Q94KE2.yaml	1550	1550	0	0	1	154.287	32449	81920	39.61	99	76	True	206.95
gr24_Q94KE2.yaml	1550	1550	0	0	1	154.825	32449	81920	39.61	99	76	True	206.95
gr24_Q94KE2.yaml	1550	1550	0	0	1	155.354	32449	81920	39.61	99	76	True	206.95
gr24_Q94KE2.yaml	1550	1550	0	0	1	155.89	32449	81920	39.61	99	76	True	206.95
gr24_Q94KE2.yaml	1550	1550	0	0	1	156.419	32449	81920	39.61	99	76	True	206.95
gr24_Q94KE2.yaml	1550	1550	0	0	1	156.946	32449	81920	39.61	99	76	True	206.95
gr24_Q94KE2.yaml	1550	1550	0	0	1	157.485	32449	81920	39.61	99	76	True	206.95
gr24_Q94KE2.yaml	1550	1550	0	0	1	158.012	32449	81920	39.61	99	76	True	206.95
gr24_Q94KE2.yaml	1550	1550	0	0	1	158.547	32451	81920	39.61	99	75	True	206.95
gr24_Q94KE2.yaml	1550	1550	0	0	1	159.077	32451	81920	39.61	100	75	True	206.95
gr24_Q94KE2.yaml	1550	1550	0	0	1	159.607	32453	81920	39.62	100	74	True	206.95
gr24_Q94KE2.yaml	1550	1550	0	0	1	160.136	32453	81920	39.62	100	74	True	206.95
gr24_Q94KE2.yaml	1550	1550	0	0	1	160.667	32453	81920	39.62	100	74	True	206.95
gr24_Q94KE2.yaml	1550	1550	0	0	1	161.199	32453	81920	39.62	3	68	True	206.95
gr24_Q94KE2.yaml	1550	1550	0	0	1	161.728	32453	81920	39.62	3	65	True	206.95
gr24_Q94KE2.yaml	1550	1550	0	0	1	162.256	32453	81920	39.62	0	63	True	206.95
gr24_Q94KE2.yaml	1550	1550	0	0	1	162.785	32453	81920	39.62	0	61	True	206.95
gr24_Q94KE2.yaml	1550	1550	0	0	1	163.313	32453	81920	39.62	7	60	True	206.95
gr24_Q94KE2.yaml	1550	1550	0	0	1	163.852	32453	81920	39.62	8	59	True	206.95
gr24_Q94KE2.yaml	1550	1550	0	0	1	164.379	561	81920	0.68	86	58	True	206.95
gr24_Q94KE2.yaml	1550	1550	0	0	1	164.908	561	81920	0.68	100	57	True	206.95
gr24_Q94KE2.yaml	1550	1550	0	0	1	165.439	561	81920	0.68	0	56	True	206.95
gr24_Q94KE2.yaml	1550	1550	0	0	1	165.973	561	81920	0.68	0	55	True	206.95
gr24_Q94KE2.yaml	1550	1550	0	0	1	166.519	561	81920	0.68	0	54	True	206.95
gr24_Q94KE2.yaml	1550	1550	0	0	1	167.039	561	81920	0.68	0	54	True	206.95
gr24_Q94KE2.yaml	1550	1550	0	0	1	167.559	561	81920	0.68	0	53	True	206.95
gr24_Q94KE2.yaml	1550	1550	0	0	1	168.076	561	81920	0.68	0	53	True	206.95
gr24_Q94KE2.yaml	1550	1550	0	0	1	168.602	561	81920	0.68	0	52	True	206.95
gr24_Q94KE2.yaml	1550	1550	0	0	1	169.124	561	81920	0.68	0	52	True	206.95
gr24_Q94KE2.yaml	1550	1550	0	0	1	169.65	561	81920	0.68	0	51	True	206.95
gr24_Q94KE2.yaml	1550	1550	0	0	1	170.169	561	81920	0.68	0	51	True	206.95
gr24_Q94KE2.yaml	1550	1550	0	0	1	170.689	561	81920	0.68	0	50	True	206.95
gr24_Q94KE2.yaml	1550	1550	0	0	1	171.207	561	81920	0.68	0	50	True	206.95
gr24_Q94KE2.yaml	1550	1550	0	0	1	171.725	561	81920	0.68	0	50	True	206.95
gr24_Q94KE2.yaml	1550	1550	0	0	1	172.244	561	81920	0.68	0	50	True	206.95
gr24_Q94KE2.yaml	1550	1550	0	0	1	172.769	561	81920	0.68	0	49	True	206.95
gr24_Q94KE2.yaml	1550	1550	0	0	1	173.295	561	81920	0.68	0	49	True	206.95
gr24_Q94KE2.yaml	1550	1550	0	0	1	173.812	561	81920	0.68	0	49	True	206.95
gr24_Q94KE2.yaml	1550	1550	0	0	1	174.336	561	81920	0.68	0	49	True	206.95
gr24_Q94KE2.yaml	1550	1550	0	0	1	174.854	561	81920	0.68	0	49	True	206.95
gr24_Q94KE2.yaml	1550	1550	0	0	1	175.371	561	81920	0.68	0	48	True	206.95
gr24_Q94KE2.yaml	1550	1550	0	0	1	175.902	561	81920	0.68	0	48	True	206.95
gr24_Q94KE2.yaml	1550	1550	0	0	1	176.426	561	81920	0.68	0	48	True	206.95
gr24_Q94KE2.yaml	1550	1550	0	0	1	176.954	561	81920	0.68	0	48	True	206.95
gr24_Q94KE2.yaml	1550	1550	0	0	1	177.472	561	81920	0.68	0	48	True	206.95
gr24_Q94KE2.yaml	1550	1550	0	0	1	177.995	561	81920	0.68	0	48	True	206.95
gr24_Q94KE2.yaml	1550	1550	0	0	1	178.514	561	81920	0.68	0	48	True	206.95
gr24_Q94KE2.yaml	1550	1550	0	0	1	179.031	561	81920	0.68	0	48	True	206.95
gr24_Q94KE2.yaml	1550	1550	0	0	1	179.555	561	81920	0.68	0	48	True	206.95
gr24_Q94KE2.yaml	1550	1550	0	0	1	180.078	561	81920	0.68	0	48	True	206.95
gr24_Q94KE2.yaml	1550	1550	0	0	1	180.603	561	81920	0.68	0	47	True	206.95
gr24_Q94KE2.yaml	1550	1550	0	0	1	181.12	561	81920	0.68	0	47	True	206.95
gr24_Q94KE2.yaml	1550	1550	0	0	1	181.639	561	81920	0.68	0	47	True	206.95
gr24_Q94KE2.yaml	1550	1550	0	0	1	182.166	561	81920	0.68	0	47	True	206.95
gr24_Q94KE2.yaml	1550	1550	0	0	1	182.686	561	81920	0.68	0	47	True	206.95
gr24_Q94KE2.yaml	1550	1550	0	0	1	183.209	561	81920	0.68	0	47	True	206.95
gr24_Q94KE2.yaml	1550	1550	0	0	1	183.739	561	81920	0.68	0	47	True	206.95
gr24_Q94KE2.yaml	1550	1550	0	0	1	184.261	561	81920	0.68	0	47	True	206.95
gr24_Q94KE2.yaml	1550	1550	0	0	1	184.778	681	81920	0.83	0	47	True	206.95
gr24_Q94KE2.yaml	1550	1550	0	0	1	185.294	2701	81920	3.3	28	47	True	206.95
gr24_Q94KE2.yaml	1550	1550	0	0	1	185.816	2701	81920	3.3	0	47	True	206.95
gr24_Q94KE2.yaml	1550	1550	0	0	1	186.336	3761	81920	4.59	100	54	True	206.95
gr24_Q94KE2.yaml	1550	1550	0	0	1	186.856	3761	81920	4.59	100	57	True	206.95
gr24_Q94KE2.yaml	1550	1550	0	0	1	187.382	3761	81920	4.59	100	60	True	206.95
gr24_Q94KE2.yaml	1550	1550	0	0	1	187.904	3761	81920	4.59	100	62	True	206.95
gr24_Q94KE2.yaml	1550	1550	0	0	1	188.432	3761	81920	4.59	100	63	True	206.95
gr24_Q94KE2.yaml	1550	1550	0	0	1	188.958	3761	81920	4.59	100	65	True	206.95
gr24_Q94KE2.yaml	1550	1550	0	0	1	189.492	3761	81920	4.59	98	68	True	206.95
gr24_Q94KE2.yaml	1550	1550	0	0	1	190.023	3761	81920	4.59	98	69	True	206.95
gr24_Q94KE2.yaml	1550	1550	0	0	1	190.552	3761	81920	4.59	98	70	True	206.95
gr24_Q94KE2.yaml	1550	1550	0	0	1	191.079	3761	81920	4.59	98	71	True	206.95
gr24_Q94KE2.yaml	1550	1550	0	0	1	191.608	3761	81920	4.59	98	72	True	206.95
gr24_Q94KE2.yaml	1550	1550	0	0	1	192.136	3761	81920	4.59	97	73	True	206.95
gr24_Q94KE2.yaml	1550	1550	0	0	1	192.664	3761	81920	4.59	98	73	True	206.95
gr24_Q94KE2.yaml	1550	1550	0	0	1	193.194	3761	81920	4.59	98	74	True	206.95
gr24_Q94KE2.yaml	1550	1550	0	0	1	193.721	3761	81920	4.59	98	74	True	206.95
gr24_Q94KE2.yaml	1550	1550	0	0	1	194.25	3761	81920	4.59	98	74	True	206.95
gr24_Q94KE2.yaml	1550	1550	0	0	1	194.78	3761	81920	4.59	98	76	True	206.95
gr24_Q94KE2.yaml	1550	1550	0	0	1	195.309	3761	81920	4.59	98	76	True	206.95
gr24_Q94KE2.yaml	1550	1550	0	0	1	195.839	3761	81920	4.59	98	76	True	206.95
gr24_Q94KE2.yaml	1550	1550	0	0	1	196.368	3761	81920	4.59	98	76	True	206.95
gr24_Q94KE2.yaml	1550	1550	0	0	1	196.896	3761	81920	4.59	98	77	True	206.95
gr24_Q94KE2.yaml	1550	1550	0	0	1	197.431	3761	81920	4.59	98	77	True	206.95
gr24_Q94KE2.yaml	1550	1550	0	0	1	197.959	3761	81920	4.59	98	77	True	206.95
gr24_Q94KE2.yaml	1550	1550	0	0	1	198.489	3761	81920	4.59	98	77	True	206.95
gr24_Q94KE2.yaml	1550	1550	0	0	1	199.023	3761	81920	4.59	98	77	True	206.95
gr24_Q94KE2.yaml	1550	1550	0	0	1	199.551	3761	81920	4.59	98	77	True	206.95
gr24_Q94KE2.yaml	1550	1550	0	0	1	200.084	3761	81920	4.59	98	77	True	206.95
gr24_Q94KE2.yaml	1550	1550	0	0	1	200.611	3761	81920	4.59	98	77	True	206.95
gr24_Q94KE2.yaml	1550	1550	0	0	1	201.139	3761	81920	4.59	98	77	True	206.95
gr24_Q94KE2.yaml	1550	1550	0	0	1	201.669	3761	81920	4.59	98	77	True	206.95
gr24_Q94KE2.yaml	1550	1550	0	0	1	202.201	3769	81920	4.6	98	77	True	206.95
gr24_Q94KE2.yaml	1550	1550	0	0	1	202.732	3937	81920	4.81	45	73	True	206.95
gr24_Q94KE2.yaml	1550	1550	0	0	1	203.261	3937	81920	4.81	8	68	True	206.95
gr24_Q94KE2.yaml	1550	1550	0	0	1	203.79	559	81920	0.68	9	64	True	206.95
gr24_Q94KE2.yaml	1550	1550	0	0	1	204.32	559	81920	0.68	0	62	True	206.95
gr24_Q94KE2.yaml	1550	1550	0	0	1	204.849	523	81920	0.64	0	60	True	206.95
gr24_Q94KE2.yaml	1550	1550	0	0	1	205.378	523	81920	0.64	0	59	True	206.95
gr24_Q94KE2.yaml	1550	1550	0	0	1	205.909	523	81920	0.64	0	58	True	206.95
gr24_Q94KE2.yaml	1550	1550	0	0	1	206.439	0	81920	0.0	9	56	True	206.95
gr24_Q9LPC5.yaml	1750	1750	0	0	1	0.0	0	81920	0.0	0	56	True	271.27
gr24_Q9LPC5.yaml	1750	1750	0	0	1	0.529	0	81920	0.0	0	55	True	271.27
gr24_Q9LPC5.yaml	1750	1750	0	0	1	1.076	0	81920	0.0	0	54	True	271.27
gr24_Q9LPC5.yaml	1750	1750	0	0	1	1.606	0	81920	0.0	0	52	True	271.27
gr24_Q9LPC5.yaml	1750	1750	0	0	1	2.136	0	81920	0.0	0	51	True	271.27
gr24_Q9LPC5.yaml	1750	1750	0	0	1	2.668	0	81920	0.0	0	49	True	271.27
gr24_Q9LPC5.yaml	1750	1750	0	0	1	3.196	0	81920	0.0	0	48	True	271.27
gr24_Q9LPC5.yaml	1750	1750	0	0	1	3.721	0	81920	0.0	0	48	True	271.27
gr24_Q9LPC5.yaml	1750	1750	0	0	1	4.244	0	81920	0.0	0	47	True	271.27
gr24_Q9LPC5.yaml	1750	1750	0	0	1	4.776	0	81920	0.0	0	46	True	271.27
gr24_Q9LPC5.yaml	1750	1750	0	0	1	5.306	0	81920	0.0	0	46	True	271.27
gr24_Q9LPC5.yaml	1750	1750	0	0	1	5.838	0	81920	0.0	0	45	True	271.27
gr24_Q9LPC5.yaml	1750	1750	0	0	1	6.359	0	81920	0.0	0	45	True	271.27
gr24_Q9LPC5.yaml	1750	1750	0	0	1	6.892	0	81920	0.0	0	44	True	271.27
gr24_Q9LPC5.yaml	1750	1750	0	0	1	7.419	0	81920	0.0	0	44	True	271.27
gr24_Q9LPC5.yaml	1750	1750	0	0	1	7.949	0	81920	0.0	0	44	True	271.27
gr24_Q9LPC5.yaml	1750	1750	0	0	1	8.477	0	81920	0.0	0	43	True	271.27
gr24_Q9LPC5.yaml	1750	1750	0	0	1	9.008	0	81920	0.0	0	43	True	271.27
gr24_Q9LPC5.yaml	1750	1750	0	0	1	9.539	0	81920	0.0	0	43	True	271.27
gr24_Q9LPC5.yaml	1750	1750	0	0	1	10.073	0	81920	0.0	0	42	True	271.27
gr24_Q9LPC5.yaml	1750	1750	0	0	1	10.604	0	81920	0.0	0	42	True	271.27
gr24_Q9LPC5.yaml	1750	1750	0	0	1	11.132	0	81920	0.0	0	42	True	271.27
gr24_Q9LPC5.yaml	1750	1750	0	0	1	11.666	0	81920	0.0	0	42	True	271.27
gr24_Q9LPC5.yaml	1750	1750	0	0	1	12.196	0	81920	0.0	0	42	True	271.27
gr24_Q9LPC5.yaml	1750	1750	0	0	1	12.725	0	81920	0.0	0	41	True	271.27
gr24_Q9LPC5.yaml	1750	1750	0	0	1	13.253	0	81920	0.0	0	41	True	271.27
gr24_Q9LPC5.yaml	1750	1750	0	0	1	13.786	0	81920	0.0	0	41	True	271.27
gr24_Q9LPC5.yaml	1750	1750	0	0	1	14.307	0	81920	0.0	0	41	True	271.27
gr24_Q9LPC5.yaml	1750	1750	0	0	1	14.843	0	81920	0.0	0	41	True	271.27
gr24_Q9LPC5.yaml	1750	1750	0	0	1	15.361	0	81920	0.0	0	41	True	271.27
gr24_Q9LPC5.yaml	1750	1750	0	0	1	15.879	0	81920	0.0	0	41	True	271.27
gr24_Q9LPC5.yaml	1750	1750	0	0	1	16.401	0	81920	0.0	0	41	True	271.27
gr24_Q9LPC5.yaml	1750	1750	0	0	1	16.922	0	81920	0.0	0	41	True	271.27
gr24_Q9LPC5.yaml	1750	1750	0	0	1	17.441	0	81920	0.0	0	41	True	271.27
gr24_Q9LPC5.yaml	1750	1750	0	0	1	17.962	0	81920	0.0	0	40	True	271.27
gr24_Q9LPC5.yaml	1750	1750	0	0	1	18.485	0	81920	0.0	0	40	True	271.27
gr24_Q9LPC5.yaml	1750	1750	0	0	1	19.01	0	81920	0.0	0	40	True	271.27
gr24_Q9LPC5.yaml	1750	1750	0	0	1	19.533	0	81920	0.0	0	40	True	271.27
gr24_Q9LPC5.yaml	1750	1750	0	0	1	20.056	0	81920	0.0	0	40	True	271.27
gr24_Q9LPC5.yaml	1750	1750	0	0	1	20.577	0	81920	0.0	0	40	True	271.27
gr24_Q9LPC5.yaml	1750	1750	0	0	1	21.094	0	81920	0.0	0	40	True	271.27
gr24_Q9LPC5.yaml	1750	1750	0	0	1	21.614	0	81920	0.0	0	40	True	271.27
gr24_Q9LPC5.yaml	1750	1750	0	0	1	22.132	0	81920	0.0	0	40	True	271.27
gr24_Q9LPC5.yaml	1750	1750	0	0	1	22.651	0	81920	0.0	0	40	True	271.27
gr24_Q9LPC5.yaml	1750	1750	0	0	1	23.173	0	81920	0.0	0	40	True	271.27
gr24_Q9LPC5.yaml	1750	1750	0	0	1	23.693	0	81920	0.0	0	40	True	271.27
gr24_Q9LPC5.yaml	1750	1750	0	0	1	24.212	0	81920	0.0	0	40	True	271.27
gr24_Q9LPC5.yaml	1750	1750	0	0	1	24.735	0	81920	0.0	0	40	True	271.27
gr24_Q9LPC5.yaml	1750	1750	0	0	1	25.252	0	81920	0.0	0	40	True	271.27
gr24_Q9LPC5.yaml	1750	1750	0	0	1	25.768	0	81920	0.0	0	40	True	271.27
gr24_Q9LPC5.yaml	1750	1750	0	0	1	26.286	0	81920	0.0	0	40	True	271.27
gr24_Q9LPC5.yaml	1750	1750	0	0	1	26.81	0	81920	0.0	0	40	True	271.27
gr24_Q9LPC5.yaml	1750	1750	0	0	1	27.331	0	81920	0.0	0	40	True	271.27
gr24_Q9LPC5.yaml	1750	1750	0	0	1	27.85	0	81920	0.0	0	40	True	271.27
gr24_Q9LPC5.yaml	1750	1750	0	0	1	28.377	0	81920	0.0	0	39	True	271.27
gr24_Q9LPC5.yaml	1750	1750	0	0	1	28.896	0	81920	0.0	0	39	True	271.27
gr24_Q9LPC5.yaml	1750	1750	0	0	1	29.414	0	81920	0.0	0	39	True	271.27
gr24_Q9LPC5.yaml	1750	1750	0	0	1	29.939	0	81920	0.0	0	39	True	271.27
gr24_Q9LPC5.yaml	1750	1750	0	0	1	30.457	0	81920	0.0	0	39	True	271.27
gr24_Q9LPC5.yaml	1750	1750	0	0	1	30.974	0	81920	0.0	0	39	True	271.27
gr24_Q9LPC5.yaml	1750	1750	0	0	1	31.492	0	81920	0.0	0	39	True	271.27
gr24_Q9LPC5.yaml	1750	1750	0	0	1	32.012	0	81920	0.0	0	39	True	271.27
gr24_Q9LPC5.yaml	1750	1750	0	0	1	32.604	807	81920	0.99	4	40	True	271.27
gr24_Q9LPC5.yaml	1750	1750	0	0	1	33.12	2609	81920	3.18	28	41	True	271.27
gr24_Q9LPC5.yaml	1750	1750	0	0	1	33.638	2609	81920	3.18	0	41	True	271.27
gr24_Q9LPC5.yaml	1750	1750	0	0	1	34.166	2609	81920	3.18	0	41	True	271.27
gr24_Q9LPC5.yaml	1750	1750	0	0	1	34.698	2609	81920	3.18	0	42	True	271.27
gr24_Q9LPC5.yaml	1750	1750	0	0	1	35.23	2609	81920	3.18	0	42	True	271.27
gr24_Q9LPC5.yaml	1750	1750	0	0	1	35.758	2609	81920	3.18	0	42	True	271.27
gr24_Q9LPC5.yaml	1750	1750	0	0	1	36.288	2609	81920	3.18	0	42	True	271.27
gr24_Q9LPC5.yaml	1750	1750	0	0	1	36.815	2609	81920	3.18	0	42	True	271.27
gr24_Q9LPC5.yaml	1750	1750	0	0	1	37.354	2609	81920	3.18	0	42	True	271.27
gr24_Q9LPC5.yaml	1750	1750	0	0	1	37.886	2609	81920	3.18	0	43	True	271.27
gr24_Q9LPC5.yaml	1750	1750	0	0	1	38.416	2609	81920	3.18	0	43	True	271.27
gr24_Q9LPC5.yaml	1750	1750	0	0	1	38.945	2609	81920	3.18	0	43	True	271.27
gr24_Q9LPC5.yaml	1750	1750	0	0	1	39.474	2609	81920	3.18	0	43	True	271.27
gr24_Q9LPC5.yaml	1750	1750	0	0	1	40.003	2609	81920	3.18	0	43	True	271.27
gr24_Q9LPC5.yaml	1750	1750	0	0	1	40.534	2609	81920	3.18	0	43	True	271.27
gr24_Q9LPC5.yaml	1750	1750	0	0	1	41.065	2609	81920	3.18	0	43	True	271.27
gr24_Q9LPC5.yaml	1750	1750	0	0	1	41.592	2609	81920	3.18	0	43	True	271.27
gr24_Q9LPC5.yaml	1750	1750	0	0	1	42.119	2609	81920	3.18	0	43	True	271.27
gr24_Q9LPC5.yaml	1750	1750	0	0	1	42.647	2611	81920	3.19	1	43	True	271.27
gr24_Q9LPC5.yaml	1750	1750	0	0	1	43.176	2613	81920	3.19	0	43	True	271.27
gr24_Q9LPC5.yaml	1750	1750	0	0	1	43.71	2627	81920	3.21	0	43	True	271.27
gr24_Q9LPC5.yaml	1750	1750	0	0	1	44.243	4813	81920	5.88	1	43	True	271.27
gr24_Q9LPC5.yaml	1750	1750	0	0	1	44.772	14933	81920	18.23	4	45	True	271.27
gr24_Q9LPC5.yaml	1750	1750	0	0	1	45.301	14933	81920	18.23	0	44	True	271.27
gr24_Q9LPC5.yaml	1750	1750	0	0	1	45.831	14933	81920	18.23	0	44	True	271.27
gr24_Q9LPC5.yaml	1750	1750	0	0	1	46.358	14933	81920	18.23	0	44	True	271.27
gr24_Q9LPC5.yaml	1750	1750	0	0	1	46.886	14933	81920	18.23	0	44	True	271.27
gr24_Q9LPC5.yaml	1750	1750	0	0	1	47.415	14933	81920	18.23	0	44	True	271.27
gr24_Q9LPC5.yaml	1750	1750	0	0	1	47.942	14933	81920	18.23	0	44	True	271.27
gr24_Q9LPC5.yaml	1750	1750	0	0	1	48.474	41815	81920	51.04	100	50	True	271.27
gr24_Q9LPC5.yaml	1750	1750	0	0	1	49.004	41815	81920	51.04	100	54	True	271.27
gr24_Q9LPC5.yaml	1750	1750	0	0	1	49.533	41815	81920	51.04	100	57	True	271.27
gr24_Q9LPC5.yaml	1750	1750	0	0	1	50.064	51495	81920	62.86	100	58	True	271.27
gr24_Q9LPC5.yaml	1750	1750	0	0	1	50.596	51495	81920	62.86	100	59	True	271.27
gr24_Q9LPC5.yaml	1750	1750	0	0	1	51.13	51495	81920	62.86	100	62	True	271.27
gr24_Q9LPC5.yaml	1750	1750	0	0	1	51.66	51495	81920	62.86	100	62	True	271.27
gr24_Q9LPC5.yaml	1750	1750	0	0	1	52.195	51495	81920	62.86	100	63	True	271.27
gr24_Q9LPC5.yaml	1750	1750	0	0	1	52.724	51495	81920	62.86	100	64	True	271.27
gr24_Q9LPC5.yaml	1750	1750	0	0	1	53.253	51495	81920	62.86	100	65	True	271.27
gr24_Q9LPC5.yaml	1750	1750	0	0	1	53.787	51495	81920	62.86	100	67	True	271.27
gr24_Q9LPC5.yaml	1750	1750	0	0	1	54.314	51495	81920	62.86	100	66	True	271.27
gr24_Q9LPC5.yaml	1750	1750	0	0	1	54.846	51495	81920	62.86	100	66	True	271.27
gr24_Q9LPC5.yaml	1750	1750	0	0	1	55.374	51495	81920	62.86	100	67	True	271.27
gr24_Q9LPC5.yaml	1750	1750	0	0	1	55.907	51495	81920	62.86	100	68	True	271.27
gr24_Q9LPC5.yaml	1750	1750	0	0	1	56.518	51495	81920	62.86	100	68	True	271.27
gr24_Q9LPC5.yaml	1750	1750	0	0	1	57.05	51495	81920	62.86	100	69	True	271.27
gr24_Q9LPC5.yaml	1750	1750	0	0	1	57.579	51495	81920	62.86	100	69	True	271.27
gr24_Q9LPC5.yaml	1750	1750	0	0	1	58.11	51495	81920	62.86	100	69	True	271.27
gr24_Q9LPC5.yaml	1750	1750	0	0	1	58.645	51495	81920	62.86	100	69	True	271.27
gr24_Q9LPC5.yaml	1750	1750	0	0	1	59.174	51495	81920	62.86	100	70	True	271.27
gr24_Q9LPC5.yaml	1750	1750	0	0	1	59.702	51495	81920	62.86	100	70	True	271.27
gr24_Q9LPC5.yaml	1750	1750	0	0	1	60.23	51495	81920	62.86	100	70	True	271.27
gr24_Q9LPC5.yaml	1750	1750	0	0	1	60.76	51495	81920	62.86	100	71	True	271.27
gr24_Q9LPC5.yaml	1750	1750	0	0	1	61.288	51495	81920	62.86	100	71	True	271.27
gr24_Q9LPC5.yaml	1750	1750	0	0	1	61.818	51495	81920	62.86	100	71	True	271.27
gr24_Q9LPC5.yaml	1750	1750	0	0	1	62.346	51495	81920	62.86	100	71	True	271.27
gr24_Q9LPC5.yaml	1750	1750	0	0	1	62.875	51495	81920	62.86	100	71	True	271.27
gr24_Q9LPC5.yaml	1750	1750	0	0	1	63.404	51495	81920	62.86	100	71	True	271.27
gr24_Q9LPC5.yaml	1750	1750	0	0	1	63.934	51495	81920	62.86	100	71	True	271.27
gr24_Q9LPC5.yaml	1750	1750	0	0	1	64.462	51495	81920	62.86	100	71	True	271.27
gr24_Q9LPC5.yaml	1750	1750	0	0	1	64.998	51495	81920	62.86	100	71	True	271.27
gr24_Q9LPC5.yaml	1750	1750	0	0	1	65.529	51495	81920	62.86	100	72	True	271.27
gr24_Q9LPC5.yaml	1750	1750	0	0	1	66.062	51495	81920	62.86	100	72	True	271.27
gr24_Q9LPC5.yaml	1750	1750	0	0	1	66.591	51495	81920	62.86	100	72	True	271.27
gr24_Q9LPC5.yaml	1750	1750	0	0	1	67.122	51495	81920	62.86	100	72	True	271.27
gr24_Q9LPC5.yaml	1750	1750	0	0	1	67.65	51495	81920	62.86	100	72	True	271.27
gr24_Q9LPC5.yaml	1750	1750	0	0	1	68.179	51495	81920	62.86	100	72	True	271.27
gr24_Q9LPC5.yaml	1750	1750	0	0	1	68.709	51495	81920	62.86	100	72	True	271.27
gr24_Q9LPC5.yaml	1750	1750	0	0	1	69.238	51495	81920	62.86	100	72	True	271.27
gr24_Q9LPC5.yaml	1750	1750	0	0	1	69.766	51495	81920	62.86	100	72	True	271.27
gr24_Q9LPC5.yaml	1750	1750	0	0	1	70.295	51495	81920	62.86	100	72	True	271.27
gr24_Q9LPC5.yaml	1750	1750	0	0	1	70.822	51495	81920	62.86	100	72	True	271.27
gr24_Q9LPC5.yaml	1750	1750	0	0	1	71.351	51495	81920	62.86	100	72	True	271.27
gr24_Q9LPC5.yaml	1750	1750	0	0	1	71.883	51495	81920	62.86	100	73	True	271.27
gr24_Q9LPC5.yaml	1750	1750	0	0	1	72.418	51495	81920	62.86	100	72	True	271.27
gr24_Q9LPC5.yaml	1750	1750	0	0	1	72.948	51495	81920	62.86	100	73	True	271.27
gr24_Q9LPC5.yaml	1750	1750	0	0	1	73.477	51495	81920	62.86	100	73	True	271.27
gr24_Q9LPC5.yaml	1750	1750	0	0	1	74.009	51495	81920	62.86	100	73	True	271.27
gr24_Q9LPC5.yaml	1750	1750	0	0	1	74.539	51495	81920	62.86	100	73	True	271.27
gr24_Q9LPC5.yaml	1750	1750	0	0	1	75.07	51495	81920	62.86	100	72	True	271.27
gr24_Q9LPC5.yaml	1750	1750	0	0	1	75.607	51495	81920	62.86	100	73	True	271.27
gr24_Q9LPC5.yaml	1750	1750	0	0	1	76.136	51495	81920	62.86	100	72	True	271.27
gr24_Q9LPC5.yaml	1750	1750	0	0	1	76.665	51495	81920	62.86	100	73	True	271.27
gr24_Q9LPC5.yaml	1750	1750	0	0	1	77.193	51495	81920	62.86	100	73	True	271.27
gr24_Q9LPC5.yaml	1750	1750	0	0	1	77.721	51495	81920	62.86	100	72	True	271.27
gr24_Q9LPC5.yaml	1750	1750	0	0	1	78.249	51495	81920	62.86	100	73	True	271.27
gr24_Q9LPC5.yaml	1750	1750	0	0	1	78.783	51495	81920	62.86	100	73	True	271.27
gr24_Q9LPC5.yaml	1750	1750	0	0	1	79.312	51495	81920	62.86	100	73	True	271.27
gr24_Q9LPC5.yaml	1750	1750	0	0	1	79.843	51495	81920	62.86	100	73	True	271.27
gr24_Q9LPC5.yaml	1750	1750	0	0	1	80.369	51495	81920	62.86	100	74	True	271.27
gr24_Q9LPC5.yaml	1750	1750	0	0	1	80.901	51495	81920	62.86	100	75	True	271.27
gr24_Q9LPC5.yaml	1750	1750	0	0	1	81.436	51495	81920	62.86	100	73	True	271.27
gr24_Q9LPC5.yaml	1750	1750	0	0	1	81.963	51495	81920	62.86	100	73	True	271.27
gr24_Q9LPC5.yaml	1750	1750	0	0	1	82.494	51495	81920	62.86	100	74	True	271.27
gr24_Q9LPC5.yaml	1750	1750	0	0	1	83.023	51495	81920	62.86	100	73	True	271.27
gr24_Q9LPC5.yaml	1750	1750	0	0	1	83.555	51495	81920	62.86	100	74	True	271.27
gr24_Q9LPC5.yaml	1750	1750	0	0	1	84.386	51495	81920	62.86	100	73	True	271.27
gr24_Q9LPC5.yaml	1750	1750	0	0	1	84.919	51495	81920	62.86	100	73	True	271.27
gr24_Q9LPC5.yaml	1750	1750	0	0	1	85.449	51495	81920	62.86	100	73	True	271.27
gr24_Q9LPC5.yaml	1750	1750	0	0	1	85.976	51495	81920	62.86	100	73	True	271.27
gr24_Q9LPC5.yaml	1750	1750	0	0	1	86.503	51495	81920	62.86	100	73	True	271.27
gr24_Q9LPC5.yaml	1750	1750	0	0	1	87.031	51495	81920	62.86	100	73	True	271.27
gr24_Q9LPC5.yaml	1750	1750	0	0	1	87.559	51495	81920	62.86	100	73	True	271.27
gr24_Q9LPC5.yaml	1750	1750	0	0	1	88.086	51495	81920	62.86	100	73	True	271.27
gr24_Q9LPC5.yaml	1750	1750	0	0	1	88.618	51495	81920	62.86	100	73	True	271.27
gr24_Q9LPC5.yaml	1750	1750	0	0	1	89.153	51495	81920	62.86	100	73	True	271.27
gr24_Q9LPC5.yaml	1750	1750	0	0	1	89.686	51495	81920	62.86	100	73	True	271.27
gr24_Q9LPC5.yaml	1750	1750	0	0	1	90.214	51495	81920	62.86	100	73	True	271.27
gr24_Q9LPC5.yaml	1750	1750	0	0	1	90.744	51495	81920	62.86	100	73	True	271.27
gr24_Q9LPC5.yaml	1750	1750	0	0	1	91.278	51495	81920	62.86	100	73	True	271.27
gr24_Q9LPC5.yaml	1750	1750	0	0	1	91.808	51495	81920	62.86	100	73	True	271.27
gr24_Q9LPC5.yaml	1750	1750	0	0	1	92.337	51495	81920	62.86	100	73	True	271.27
gr24_Q9LPC5.yaml	1750	1750	0	0	1	92.865	51495	81920	62.86	100	73	True	271.27
gr24_Q9LPC5.yaml	1750	1750	0	0	1	93.405	51495	81920	62.86	100	74	True	271.27
gr24_Q9LPC5.yaml	1750	1750	0	0	1	93.939	51495	81920	62.86	100	73	True	271.27
gr24_Q9LPC5.yaml	1750	1750	0	0	1	94.472	51495	81920	62.86	100	73	True	271.27
gr24_Q9LPC5.yaml	1750	1750	0	0	1	95.001	51495	81920	62.86	100	73	True	271.27
gr24_Q9LPC5.yaml	1750	1750	0	0	1	95.532	51495	81920	62.86	100	73	True	271.27
gr24_Q9LPC5.yaml	1750	1750	0	0	1	96.061	51495	81920	62.86	100	74	True	271.27
gr24_Q9LPC5.yaml	1750	1750	0	0	1	96.589	51495	81920	62.86	100	73	True	271.27
gr24_Q9LPC5.yaml	1750	1750	0	0	1	97.119	51495	81920	62.86	100	74	True	271.27
gr24_Q9LPC5.yaml	1750	1750	0	0	1	97.65	51495	81920	62.86	100	73	True	271.27
gr24_Q9LPC5.yaml	1750	1750	0	0	1	98.185	51495	81920	62.86	100	74	True	271.27
gr24_Q9LPC5.yaml	1750	1750	0	0	1	98.717	51495	81920	62.86	100	74	True	271.27
gr24_Q9LPC5.yaml	1750	1750	0	0	1	99.243	51495	81920	62.86	100	73	True	271.27
gr24_Q9LPC5.yaml	1750	1750	0	0	1	99.773	51495	81920	62.86	100	74	True	271.27
gr24_Q9LPC5.yaml	1750	1750	0	0	1	100.306	51495	81920	62.86	100	74	True	271.27
gr24_Q9LPC5.yaml	1750	1750	0	0	1	100.836	51495	81920	62.86	100	74	True	271.27
gr24_Q9LPC5.yaml	1750	1750	0	0	1	101.364	51495	81920	62.86	100	73	True	271.27
gr24_Q9LPC5.yaml	1750	1750	0	0	1	101.896	51495	81920	62.86	100	74	True	271.27
gr24_Q9LPC5.yaml	1750	1750	0	0	1	102.425	51495	81920	62.86	100	73	True	271.27
gr24_Q9LPC5.yaml	1750	1750	0	0	1	102.953	51495	81920	62.86	100	74	True	271.27
gr24_Q9LPC5.yaml	1750	1750	0	0	1	103.482	51495	81920	62.86	100	74	True	271.27
gr24_Q9LPC5.yaml	1750	1750	0	0	1	104.013	51495	81920	62.86	100	74	True	271.27
gr24_Q9LPC5.yaml	1750	1750	0	0	1	104.543	51495	81920	62.86	100	74	True	271.27
gr24_Q9LPC5.yaml	1750	1750	0	0	1	105.072	51495	81920	62.86	100	74	True	271.27
gr24_Q9LPC5.yaml	1750	1750	0	0	1	105.6	51495	81920	62.86	100	74	True	271.27
gr24_Q9LPC5.yaml	1750	1750	0	0	1	106.135	51495	81920	62.86	100	74	True	271.27
gr24_Q9LPC5.yaml	1750	1750	0	0	1	106.669	51495	81920	62.86	100	74	True	271.27
gr24_Q9LPC5.yaml	1750	1750	0	0	1	107.198	51495	81920	62.86	100	74	True	271.27
gr24_Q9LPC5.yaml	1750	1750	0	0	1	107.728	51495	81920	62.86	100	74	True	271.27
gr24_Q9LPC5.yaml	1750	1750	0	0	1	108.259	51495	81920	62.86	100	74	True	271.27
gr24_Q9LPC5.yaml	1750	1750	0	0	1	108.79	51495	81920	62.86	100	74	True	271.27
gr24_Q9LPC5.yaml	1750	1750	0	0	1	109.33	51495	81920	62.86	100	73	True	271.27
gr24_Q9LPC5.yaml	1750	1750	0	0	1	109.861	51495	81920	62.86	100	74	True	271.27
gr24_Q9LPC5.yaml	1750	1750	0	0	1	110.39	51495	81920	62.86	100	74	True	271.27
gr24_Q9LPC5.yaml	1750	1750	0	0	1	110.919	51495	81920	62.86	100	74	True	271.27
gr24_Q9LPC5.yaml	1750	1750	0	0	1	111.452	51495	81920	62.86	100	74	True	271.27
gr24_Q9LPC5.yaml	1750	1750	0	0	1	111.986	51495	81920	62.86	100	74	True	271.27
gr24_Q9LPC5.yaml	1750	1750	0	0	1	112.522	51495	81920	62.86	100	75	True	271.27
gr24_Q9LPC5.yaml	1750	1750	0	0	1	113.052	51495	81920	62.86	100	74	True	271.27
gr24_Q9LPC5.yaml	1750	1750	0	0	1	113.58	51495	81920	62.86	100	73	True	271.27
gr24_Q9LPC5.yaml	1750	1750	0	0	1	114.111	51495	81920	62.86	100	75	True	271.27
gr24_Q9LPC5.yaml	1750	1750	0	0	1	114.639	51495	81920	62.86	100	74	True	271.27
gr24_Q9LPC5.yaml	1750	1750	0	0	1	115.177	51495	81920	62.86	100	74	True	271.27
gr24_Q9LPC5.yaml	1750	1750	0	0	1	115.708	51495	81920	62.86	100	74	True	271.27
gr24_Q9LPC5.yaml	1750	1750	0	0	1	116.237	51495	81920	62.86	100	74	True	271.27
gr24_Q9LPC5.yaml	1750	1750	0	0	1	116.766	51495	81920	62.86	100	74	True	271.27
gr24_Q9LPC5.yaml	1750	1750	0	0	1	117.304	51495	81920	62.86	100	74	True	271.27
gr24_Q9LPC5.yaml	1750	1750	0	0	1	117.846	51495	81920	62.86	100	74	True	271.27
gr24_Q9LPC5.yaml	1750	1750	0	0	1	118.373	51495	81920	62.86	100	74	True	271.27
gr24_Q9LPC5.yaml	1750	1750	0	0	1	118.906	51495	81920	62.86	100	74	True	271.27
gr24_Q9LPC5.yaml	1750	1750	0	0	1	119.435	51495	81920	62.86	100	74	True	271.27
gr24_Q9LPC5.yaml	1750	1750	0	0	1	119.975	51495	81920	62.86	100	74	True	271.27
gr24_Q9LPC5.yaml	1750	1750	0	0	1	120.503	51495	81920	62.86	100	74	True	271.27
gr24_Q9LPC5.yaml	1750	1750	0	0	1	121.029	51495	81920	62.86	100	74	True	271.27
gr24_Q9LPC5.yaml	1750	1750	0	0	1	121.562	51495	81920	62.86	100	74	True	271.27
gr24_Q9LPC5.yaml	1750	1750	0	0	1	122.101	51495	81920	62.86	100	74	True	271.27
gr24_Q9LPC5.yaml	1750	1750	0	0	1	122.634	51495	81920	62.86	100	74	True	271.27
gr24_Q9LPC5.yaml	1750	1750	0	0	1	123.162	51495	81920	62.86	100	74	True	271.27
gr24_Q9LPC5.yaml	1750	1750	0	0	1	123.691	51495	81920	62.86	100	74	True	271.27
gr24_Q9LPC5.yaml	1750	1750	0	0	1	124.221	51495	81920	62.86	100	74	True	271.27
gr24_Q9LPC5.yaml	1750	1750	0	0	1	124.752	51495	81920	62.86	100	74	True	271.27
gr24_Q9LPC5.yaml	1750	1750	0	0	1	125.307	51495	81920	62.86	100	74	True	271.27
gr24_Q9LPC5.yaml	1750	1750	0	0	1	125.84	51495	81920	62.86	100	74	True	271.27
gr24_Q9LPC5.yaml	1750	1750	0	0	1	126.367	51495	81920	62.86	100	74	True	271.27
gr24_Q9LPC5.yaml	1750	1750	0	0	1	126.901	51495	81920	62.86	100	75	True	271.27
gr24_Q9LPC5.yaml	1750	1750	0	0	1	127.432	51495	81920	62.86	100	74	True	271.27
gr24_Q9LPC5.yaml	1750	1750	0	0	1	127.96	51495	81920	62.86	100	74	True	271.27
gr24_Q9LPC5.yaml	1750	1750	0	0	1	128.487	51495	81920	62.86	100	74	True	271.27
gr24_Q9LPC5.yaml	1750	1750	0	0	1	129.021	51495	81920	62.86	100	74	True	271.27
gr24_Q9LPC5.yaml	1750	1750	0	0	1	129.553	51495	81920	62.86	100	74	True	271.27
gr24_Q9LPC5.yaml	1750	1750	0	0	1	130.084	51495	81920	62.86	100	74	True	271.27
gr24_Q9LPC5.yaml	1750	1750	0	0	1	130.613	51495	81920	62.86	100	75	True	271.27
gr24_Q9LPC5.yaml	1750	1750	0	0	1	131.141	51495	81920	62.86	100	74	True	271.27
gr24_Q9LPC5.yaml	1750	1750	0	0	1	131.682	51495	81920	62.86	100	74	True	271.27
gr24_Q9LPC5.yaml	1750	1750	0	0	1	132.213	51495	81920	62.86	100	74	True	271.27
gr24_Q9LPC5.yaml	1750	1750	0	0	1	132.743	51495	81920	62.86	100	74	True	271.27
gr24_Q9LPC5.yaml	1750	1750	0	0	1	133.273	51495	81920	62.86	100	74	True	271.27
gr24_Q9LPC5.yaml	1750	1750	0	0	1	133.803	51495	81920	62.86	100	74	True	271.27
gr24_Q9LPC5.yaml	1750	1750	0	0	1	134.33	51495	81920	62.86	100	74	True	271.27
gr24_Q9LPC5.yaml	1750	1750	0	0	1	134.86	51495	81920	62.86	100	74	True	271.27
gr24_Q9LPC5.yaml	1750	1750	0	0	1	135.39	51495	81920	62.86	100	74	True	271.27
gr24_Q9LPC5.yaml	1750	1750	0	0	1	135.921	51495	81920	62.86	100	74	True	271.27
gr24_Q9LPC5.yaml	1750	1750	0	0	1	136.455	51495	81920	62.86	100	74	True	271.27
gr24_Q9LPC5.yaml	1750	1750	0	0	1	136.988	51495	81920	62.86	100	74	True	271.27
gr24_Q9LPC5.yaml	1750	1750	0	0	1	137.521	51495	81920	62.86	100	74	True	271.27
gr24_Q9LPC5.yaml	1750	1750	0	0	1	138.05	51495	81920	62.86	100	75	True	271.27
gr24_Q9LPC5.yaml	1750	1750	0	0	1	138.58	51495	81920	62.86	100	74	True	271.27
gr24_Q9LPC5.yaml	1750	1750	0	0	1	139.109	51495	81920	62.86	100	75	True	271.27
gr24_Q9LPC5.yaml	1750	1750	0	0	1	139.645	51495	81920	62.86	100	74	True	271.27
gr24_Q9LPC5.yaml	1750	1750	0	0	1	140.175	51495	81920	62.86	100	75	True	271.27
gr24_Q9LPC5.yaml	1750	1750	0	0	1	140.706	51495	81920	62.86	100	74	True	271.27
gr24_Q9LPC5.yaml	1750	1750	0	0	1	141.235	51495	81920	62.86	100	76	True	271.27
gr24_Q9LPC5.yaml	1750	1750	0	0	1	141.763	51495	81920	62.86	100	75	True	271.27
gr24_Q9LPC5.yaml	1750	1750	0	0	1	142.297	51495	81920	62.86	100	74	True	271.27
gr24_Q9LPC5.yaml	1750	1750	0	0	1	142.832	51495	81920	62.86	100	76	True	271.27
gr24_Q9LPC5.yaml	1750	1750	0	0	1	143.359	51495	81920	62.86	100	75	True	271.27
gr24_Q9LPC5.yaml	1750	1750	0	0	1	143.893	51495	81920	62.86	100	75	True	271.27
gr24_Q9LPC5.yaml	1750	1750	0	0	1	144.42	51495	81920	62.86	100	75	True	271.27
gr24_Q9LPC5.yaml	1750	1750	0	0	1	144.957	51495	81920	62.86	100	75	True	271.27
gr24_Q9LPC5.yaml	1750	1750	0	0	1	145.489	51495	81920	62.86	100	75	True	271.27
gr24_Q9LPC5.yaml	1750	1750	0	0	1	146.018	51495	81920	62.86	100	75	True	271.27
gr24_Q9LPC5.yaml	1750	1750	0	0	1	146.546	51495	81920	62.86	100	74	True	271.27
gr24_Q9LPC5.yaml	1750	1750	0	0	1	147.077	51495	81920	62.86	100	74	True	271.27
gr24_Q9LPC5.yaml	1750	1750	0	0	1	147.612	51495	81920	62.86	100	74	True	271.27
gr24_Q9LPC5.yaml	1750	1750	0	0	1	148.144	51495	81920	62.86	100	75	True	271.27
gr24_Q9LPC5.yaml	1750	1750	0	0	1	148.672	51495	81920	62.86	100	74	True	271.27
gr24_Q9LPC5.yaml	1750	1750	0	0	1	149.202	51495	81920	62.86	100	75	True	271.27
gr24_Q9LPC5.yaml	1750	1750	0	0	1	149.734	51495	81920	62.86	100	74	True	271.27
gr24_Q9LPC5.yaml	1750	1750	0	0	1	150.262	51495	81920	62.86	100	74	True	271.27
gr24_Q9LPC5.yaml	1750	1750	0	0	1	150.793	51495	81920	62.86	100	75	True	271.27
gr24_Q9LPC5.yaml	1750	1750	0	0	1	151.322	51495	81920	62.86	100	74	True	271.27
gr24_Q9LPC5.yaml	1750	1750	0	0	1	151.856	51495	81920	62.86	100	75	True	271.27
gr24_Q9LPC5.yaml	1750	1750	0	0	1	152.387	51495	81920	62.86	100	74	True	271.27
gr24_Q9LPC5.yaml	1750	1750	0	0	1	152.917	51495	81920	62.86	100	75	True	271.27
gr24_Q9LPC5.yaml	1750	1750	0	0	1	153.457	51495	81920	62.86	100	75	True	271.27
gr24_Q9LPC5.yaml	1750	1750	0	0	1	153.987	51495	81920	62.86	100	75	True	271.27
gr24_Q9LPC5.yaml	1750	1750	0	0	1	154.519	51495	81920	62.86	100	74	True	271.27
gr24_Q9LPC5.yaml	1750	1750	0	0	1	155.05	51495	81920	62.86	100	74	True	271.27
gr24_Q9LPC5.yaml	1750	1750	0	0	1	155.577	51495	81920	62.86	100	75	True	271.27
gr24_Q9LPC5.yaml	1750	1750	0	0	1	156.111	51495	81920	62.86	100	74	True	271.27
gr24_Q9LPC5.yaml	1750	1750	0	0	1	156.637	51495	81920	62.86	100	74	True	271.27
gr24_Q9LPC5.yaml	1750	1750	0	0	1	157.166	51495	81920	62.86	100	75	True	271.27
gr24_Q9LPC5.yaml	1750	1750	0	0	1	157.698	51495	81920	62.86	100	75	True	271.27
gr24_Q9LPC5.yaml	1750	1750	0	0	1	158.228	51495	81920	62.86	100	75	True	271.27
gr24_Q9LPC5.yaml	1750	1750	0	0	1	158.763	51495	81920	62.86	100	74	True	271.27
gr24_Q9LPC5.yaml	1750	1750	0	0	1	159.297	51495	81920	62.86	100	75	True	271.27
gr24_Q9LPC5.yaml	1750	1750	0	0	1	159.826	51495	81920	62.86	100	74	True	271.27
gr24_Q9LPC5.yaml	1750	1750	0	0	1	160.353	51495	81920	62.86	100	75	True	271.27
gr24_Q9LPC5.yaml	1750	1750	0	0	1	160.88	51495	81920	62.86	100	74	True	271.27
gr24_Q9LPC5.yaml	1750	1750	0	0	1	161.41	51495	81920	62.86	100	74	True	271.27
gr24_Q9LPC5.yaml	1750	1750	0	0	1	161.944	51495	81920	62.86	100	74	True	271.27
gr24_Q9LPC5.yaml	1750	1750	0	0	1	162.473	51495	81920	62.86	100	74	True	271.27
gr24_Q9LPC5.yaml	1750	1750	0	0	1	163.001	51495	81920	62.86	100	75	True	271.27
gr24_Q9LPC5.yaml	1750	1750	0	0	1	163.531	51495	81920	62.86	100	75	True	271.27
gr24_Q9LPC5.yaml	1750	1750	0	0	1	164.06	51495	81920	62.86	100	75	True	271.27
gr24_Q9LPC5.yaml	1750	1750	0	0	1	164.596	51495	81920	62.86	100	75	True	271.27
gr24_Q9LPC5.yaml	1750	1750	0	0	1	165.124	51495	81920	62.86	100	74	True	271.27
gr24_Q9LPC5.yaml	1750	1750	0	0	1	165.653	51495	81920	62.86	100	75	True	271.27
gr24_Q9LPC5.yaml	1750	1750	0	0	1	166.181	51495	81920	62.86	100	75	True	271.27
gr24_Q9LPC5.yaml	1750	1750	0	0	1	166.711	51495	81920	62.86	100	75	True	271.27
gr24_Q9LPC5.yaml	1750	1750	0	0	1	167.241	51495	81920	62.86	100	74	True	271.27
gr24_Q9LPC5.yaml	1750	1750	0	0	1	167.771	51495	81920	62.86	100	74	True	271.27
gr24_Q9LPC5.yaml	1750	1750	0	0	1	168.299	51495	81920	62.86	100	75	True	271.27
gr24_Q9LPC5.yaml	1750	1750	0	0	1	168.838	51495	81920	62.86	100	75	True	271.27
gr24_Q9LPC5.yaml	1750	1750	0	0	1	169.372	56135	81920	68.52	45	74	True	271.27
gr24_Q9LPC5.yaml	1750	1750	0	0	1	169.903	56137	81920	68.53	99	73	True	271.27
gr24_Q9LPC5.yaml	1750	1750	0	0	1	170.433	56137	81920	68.53	99	75	True	271.27
gr24_Q9LPC5.yaml	1750	1750	0	0	1	170.962	56137	81920	68.53	99	75	True	271.27
gr24_Q9LPC5.yaml	1750	1750	0	0	1	171.492	56137	81920	68.53	99	75	True	271.27
gr24_Q9LPC5.yaml	1750	1750	0	0	1	172.042	56137	81920	68.53	98	75	True	271.27
gr24_Q9LPC5.yaml	1750	1750	0	0	1	172.575	56137	81920	68.53	99	75	True	271.27
gr24_Q9LPC5.yaml	1750	1750	0	0	1	173.112	56137	81920	68.53	100	75	True	271.27
gr24_Q9LPC5.yaml	1750	1750	0	0	1	173.639	56137	81920	68.53	99	76	True	271.27
gr24_Q9LPC5.yaml	1750	1750	0	0	1	174.169	56137	81920	68.53	100	76	True	271.27
gr24_Q9LPC5.yaml	1750	1750	0	0	1	174.698	56137	81920	68.53	99	76	True	271.27
gr24_Q9LPC5.yaml	1750	1750	0	0	1	175.229	56137	81920	68.53	99	76	True	271.27
gr24_Q9LPC5.yaml	1750	1750	0	0	1	175.756	56137	81920	68.53	100	76	True	271.27
gr24_Q9LPC5.yaml	1750	1750	0	0	1	176.286	56137	81920	68.53	99	76	True	271.27
gr24_Q9LPC5.yaml	1750	1750	0	0	1	176.813	56137	81920	68.53	100	76	True	271.27
gr24_Q9LPC5.yaml	1750	1750	0	0	1	177.343	56137	81920	68.53	99	76	True	271.27
gr24_Q9LPC5.yaml	1750	1750	0	0	1	177.877	56137	81920	68.53	99	76	True	271.27
gr24_Q9LPC5.yaml	1750	1750	0	0	1	178.412	56137	81920	68.53	99	76	True	271.27
gr24_Q9LPC5.yaml	1750	1750	0	0	1	178.943	56137	81920	68.53	99	76	True	271.27
gr24_Q9LPC5.yaml	1750	1750	0	0	1	179.475	56137	81920	68.53	99	76	True	271.27
gr24_Q9LPC5.yaml	1750	1750	0	0	1	180.004	56137	81920	68.53	99	76	True	271.27
gr24_Q9LPC5.yaml	1750	1750	0	0	1	180.531	56137	81920	68.53	100	76	True	271.27
gr24_Q9LPC5.yaml	1750	1750	0	0	1	181.058	56137	81920	68.53	99	76	True	271.27
gr24_Q9LPC5.yaml	1750	1750	0	0	1	181.587	56137	81920	68.53	99	76	True	271.27
gr24_Q9LPC5.yaml	1750	1750	0	0	1	182.119	56137	81920	68.53	99	76	True	271.27
gr24_Q9LPC5.yaml	1750	1750	0	0	1	182.651	56137	81920	68.53	99	76	True	271.27
gr24_Q9LPC5.yaml	1750	1750	0	0	1	183.185	56137	81920	68.53	99	76	True	271.27
gr24_Q9LPC5.yaml	1750	1750	0	0	1	183.716	56137	81920	68.53	99	76	True	271.27
gr24_Q9LPC5.yaml	1750	1750	0	0	1	184.246	56137	81920	68.53	99	76	True	271.27
gr24_Q9LPC5.yaml	1750	1750	0	0	1	184.776	56137	81920	68.53	99	76	True	271.27
gr24_Q9LPC5.yaml	1750	1750	0	0	1	185.305	56137	81920	68.53	99	76	True	271.27
gr24_Q9LPC5.yaml	1750	1750	0	0	1	185.838	56137	81920	68.53	99	76	True	271.27
gr24_Q9LPC5.yaml	1750	1750	0	0	1	186.372	56137	81920	68.53	99	76	True	271.27
gr24_Q9LPC5.yaml	1750	1750	0	0	1	186.9	56137	81920	68.53	99	76	True	271.27
gr24_Q9LPC5.yaml	1750	1750	0	0	1	187.428	56137	81920	68.53	99	76	True	271.27
gr24_Q9LPC5.yaml	1750	1750	0	0	1	187.963	56137	81920	68.53	100	76	True	271.27
gr24_Q9LPC5.yaml	1750	1750	0	0	1	188.494	56137	81920	68.53	99	76	True	271.27
gr24_Q9LPC5.yaml	1750	1750	0	0	1	189.021	56137	81920	68.53	99	76	True	271.27
gr24_Q9LPC5.yaml	1750	1750	0	0	1	189.607	56137	81920	68.53	99	76	True	271.27
gr24_Q9LPC5.yaml	1750	1750	0	0	1	190.142	56137	81920	68.53	99	76	True	271.27
gr24_Q9LPC5.yaml	1750	1750	0	0	1	190.681	56137	81920	68.53	99	76	True	271.27
gr24_Q9LPC5.yaml	1750	1750	0	0	1	191.213	56137	81920	68.53	99	76	True	271.27
gr24_Q9LPC5.yaml	1750	1750	0	0	1	191.745	56137	81920	68.53	99	76	True	271.27
gr24_Q9LPC5.yaml	1750	1750	0	0	1	192.275	56137	81920	68.53	99	76	True	271.27
gr24_Q9LPC5.yaml	1750	1750	0	0	1	192.803	56137	81920	68.53	100	76	True	271.27
gr24_Q9LPC5.yaml	1750	1750	0	0	1	193.336	56137	81920	68.53	99	76	True	271.27
gr24_Q9LPC5.yaml	1750	1750	0	0	1	193.872	56137	81920	68.53	99	76	True	271.27
gr24_Q9LPC5.yaml	1750	1750	0	0	1	194.405	56137	81920	68.53	99	76	True	271.27
gr24_Q9LPC5.yaml	1750	1750	0	0	1	194.937	56137	81920	68.53	99	76	True	271.27
gr24_Q9LPC5.yaml	1750	1750	0	0	1	195.467	56137	81920	68.53	100	76	True	271.27
gr24_Q9LPC5.yaml	1750	1750	0	0	1	195.996	56137	81920	68.53	99	76	True	271.27
gr24_Q9LPC5.yaml	1750	1750	0	0	1	196.535	56137	81920	68.53	99	76	True	271.27
gr24_Q9LPC5.yaml	1750	1750	0	0	1	197.07	56137	81920	68.53	99	76	True	271.27
gr24_Q9LPC5.yaml	1750	1750	0	0	1	197.594	56137	81920	68.53	99	76	True	271.27
gr24_Q9LPC5.yaml	1750	1750	0	0	1	198.125	56137	81920	68.53	99	76	True	271.27
gr24_Q9LPC5.yaml	1750	1750	0	0	1	198.653	56137	81920	68.53	99	76	True	271.27
gr24_Q9LPC5.yaml	1750	1750	0	0	1	199.182	56137	81920	68.53	99	76	True	271.27
gr24_Q9LPC5.yaml	1750	1750	0	0	1	199.713	56137	81920	68.53	99	76	True	271.27
gr24_Q9LPC5.yaml	1750	1750	0	0	1	200.24	56137	81920	68.53	100	76	True	271.27
gr24_Q9LPC5.yaml	1750	1750	0	0	1	200.768	56137	81920	68.53	99	76	True	271.27
gr24_Q9LPC5.yaml	1750	1750	0	0	1	201.302	56137	81920	68.53	99	76	True	271.27
gr24_Q9LPC5.yaml	1750	1750	0	0	1	201.836	56137	81920	68.53	99	76	True	271.27
gr24_Q9LPC5.yaml	1750	1750	0	0	1	202.366	56137	81920	68.53	99	75	True	271.27
gr24_Q9LPC5.yaml	1750	1750	0	0	1	202.898	56137	81920	68.53	99	75	True	271.27
gr24_Q9LPC5.yaml	1750	1750	0	0	1	203.428	56137	81920	68.53	99	75	True	271.27
gr24_Q9LPC5.yaml	1750	1750	0	0	1	203.966	56137	81920	68.53	100	76	True	271.27
gr24_Q9LPC5.yaml	1750	1750	0	0	1	204.496	56137	81920	68.53	99	76	True	271.27
gr24_Q9LPC5.yaml	1750	1750	0	0	1	205.028	56137	81920	68.53	99	76	True	271.27
gr24_Q9LPC5.yaml	1750	1750	0	0	1	205.557	56137	81920	68.53	99	75	True	271.27
gr24_Q9LPC5.yaml	1750	1750	0	0	1	206.089	56137	81920	68.53	99	76	True	271.27
gr24_Q9LPC5.yaml	1750	1750	0	0	1	206.616	56137	81920	68.53	99	76	True	271.27
gr24_Q9LPC5.yaml	1750	1750	0	0	1	207.148	56137	81920	68.53	99	76	True	271.27
gr24_Q9LPC5.yaml	1750	1750	0	0	1	207.679	56137	81920	68.53	99	76	True	271.27
gr24_Q9LPC5.yaml	1750	1750	0	0	1	208.207	56137	81920	68.53	99	76	True	271.27
gr24_Q9LPC5.yaml	1750	1750	0	0	1	208.738	56137	81920	68.53	100	75	True	271.27
gr24_Q9LPC5.yaml	1750	1750	0	0	1	209.267	56137	81920	68.53	99	76	True	271.27
gr24_Q9LPC5.yaml	1750	1750	0	0	1	209.801	56137	81920	68.53	99	76	True	271.27
gr24_Q9LPC5.yaml	1750	1750	0	0	1	210.336	56137	81920	68.53	99	75	True	271.27
gr24_Q9LPC5.yaml	1750	1750	0	0	1	210.865	56137	81920	68.53	99	75	True	271.27
gr24_Q9LPC5.yaml	1750	1750	0	0	1	211.395	56137	81920	68.53	99	76	True	271.27
gr24_Q9LPC5.yaml	1750	1750	0	0	1	211.924	56137	81920	68.53	99	76	True	271.27
gr24_Q9LPC5.yaml	1750	1750	0	0	1	212.456	56137	81920	68.53	100	75	True	271.27
gr24_Q9LPC5.yaml	1750	1750	0	0	1	212.987	56137	81920	68.53	99	75	True	271.27
gr24_Q9LPC5.yaml	1750	1750	0	0	1	213.523	56137	81920	68.53	99	75	True	271.27
gr24_Q9LPC5.yaml	1750	1750	0	0	1	214.052	56137	81920	68.53	99	75	True	271.27
gr24_Q9LPC5.yaml	1750	1750	0	0	1	214.584	56137	81920	68.53	99	76	True	271.27
gr24_Q9LPC5.yaml	1750	1750	0	0	1	215.113	56137	81920	68.53	99	76	True	271.27
gr24_Q9LPC5.yaml	1750	1750	0	0	1	215.646	56137	81920	68.53	99	75	True	271.27
gr24_Q9LPC5.yaml	1750	1750	0	0	1	216.175	56137	81920	68.53	100	75	True	271.27
gr24_Q9LPC5.yaml	1750	1750	0	0	1	216.705	56137	81920	68.53	99	75	True	271.27
gr24_Q9LPC5.yaml	1750	1750	0	0	1	217.231	56137	81920	68.53	99	75	True	271.27
gr24_Q9LPC5.yaml	1750	1750	0	0	1	217.76	56137	81920	68.53	99	75	True	271.27
gr24_Q9LPC5.yaml	1750	1750	0	0	1	218.29	56139	81920	68.53	100	75	True	271.27
gr24_Q9LPC5.yaml	1750	1750	0	0	1	218.818	56139	81920	68.53	100	74	True	271.27
gr24_Q9LPC5.yaml	1750	1750	0	0	1	219.349	56139	81920	68.53	100	74	True	271.27
gr24_Q9LPC5.yaml	1750	1750	0	0	1	219.882	56139	81920	68.53	100	74	True	271.27
gr24_Q9LPC5.yaml	1750	1750	0	0	1	220.413	56139	81920	68.53	100	74	True	271.27
gr24_Q9LPC5.yaml	1750	1750	0	0	1	220.942	56139	81920	68.53	64	70	True	271.27
gr24_Q9LPC5.yaml	1750	1750	0	0	1	221.473	56139	81920	68.53	3	66	True	271.27
gr24_Q9LPC5.yaml	1750	1750	0	0	1	222.0	56139	81920	68.53	3	64	True	271.27
gr24_Q9LPC5.yaml	1750	1750	0	0	1	222.533	56139	81920	68.53	0	62	True	271.27
gr24_Q9LPC5.yaml	1750	1750	0	0	1	223.066	56139	81920	68.53	0	61	True	271.27
gr24_Q9LPC5.yaml	1750	1750	0	0	1	223.596	56139	81920	68.53	7	60	True	271.27
gr24_Q9LPC5.yaml	1750	1750	0	0	1	224.123	56139	81920	68.53	7	58	True	271.27
gr24_Q9LPC5.yaml	1750	1750	0	0	1	224.652	563	81920	0.69	100	57	True	271.27
gr24_Q9LPC5.yaml	1750	1750	0	0	1	225.184	563	81920	0.69	100	57	True	271.27
gr24_Q9LPC5.yaml	1750	1750	0	0	1	225.716	563	81920	0.69	100	56	True	271.27
gr24_Q9LPC5.yaml	1750	1750	0	0	1	226.249	563	81920	0.69	0	55	True	271.27
gr24_Q9LPC5.yaml	1750	1750	0	0	1	226.778	563	81920	0.69	0	54	True	271.27
gr24_Q9LPC5.yaml	1750	1750	0	0	1	227.301	563	81920	0.69	0	54	True	271.27
gr24_Q9LPC5.yaml	1750	1750	0	0	1	227.818	563	81920	0.69	0	53	True	271.27
gr24_Q9LPC5.yaml	1750	1750	0	0	1	228.334	563	81920	0.69	0	52	True	271.27
gr24_Q9LPC5.yaml	1750	1750	0	0	1	228.849	563	81920	0.69	0	52	True	271.27
gr24_Q9LPC5.yaml	1750	1750	0	0	1	229.366	563	81920	0.69	0	52	True	271.27
gr24_Q9LPC5.yaml	1750	1750	0	0	1	229.887	563	81920	0.69	0	51	True	271.27
gr24_Q9LPC5.yaml	1750	1750	0	0	1	230.407	563	81920	0.69	0	51	True	271.27
gr24_Q9LPC5.yaml	1750	1750	0	0	1	230.93	563	81920	0.69	0	50	True	271.27
gr24_Q9LPC5.yaml	1750	1750	0	0	1	231.448	563	81920	0.69	0	50	True	271.27
gr24_Q9LPC5.yaml	1750	1750	0	0	1	231.965	563	81920	0.69	0	50	True	271.27
gr24_Q9LPC5.yaml	1750	1750	0	0	1	232.485	563	81920	0.69	0	50	True	271.27
gr24_Q9LPC5.yaml	1750	1750	0	0	1	233.012	563	81920	0.69	0	49	True	271.27
gr24_Q9LPC5.yaml	1750	1750	0	0	1	233.53	563	81920	0.69	0	49	True	271.27
gr24_Q9LPC5.yaml	1750	1750	0	0	1	234.06	563	81920	0.69	0	49	True	271.27
gr24_Q9LPC5.yaml	1750	1750	0	0	1	234.594	563	81920	0.69	0	49	True	271.27
gr24_Q9LPC5.yaml	1750	1750	0	0	1	235.112	563	81920	0.69	0	49	True	271.27
gr24_Q9LPC5.yaml	1750	1750	0	0	1	235.647	563	81920	0.69	0	49	True	271.27
gr24_Q9LPC5.yaml	1750	1750	0	0	1	236.183	563	81920	0.69	0	48	True	271.27
gr24_Q9LPC5.yaml	1750	1750	0	0	1	236.72	563	81920	0.69	0	48	True	271.27
gr24_Q9LPC5.yaml	1750	1750	0	0	1	237.236	563	81920	0.69	0	48	True	271.27
gr24_Q9LPC5.yaml	1750	1750	0	0	1	237.753	563	81920	0.69	0	48	True	271.27
gr24_Q9LPC5.yaml	1750	1750	0	0	1	238.285	563	81920	0.69	0	48	True	271.27
gr24_Q9LPC5.yaml	1750	1750	0	0	1	238.803	563	81920	0.69	0	48	True	271.27
gr24_Q9LPC5.yaml	1750	1750	0	0	1	239.319	563	81920	0.69	0	48	True	271.27
gr24_Q9LPC5.yaml	1750	1750	0	0	1	239.84	563	81920	0.69	0	48	True	271.27
gr24_Q9LPC5.yaml	1750	1750	0	0	1	240.358	563	81920	0.69	0	48	True	271.27
gr24_Q9LPC5.yaml	1750	1750	0	0	1	240.888	563	81920	0.69	0	48	True	271.27
gr24_Q9LPC5.yaml	1750	1750	0	0	1	241.407	563	81920	0.69	0	48	True	271.27
gr24_Q9LPC5.yaml	1750	1750	0	0	1	241.935	563	81920	0.69	0	48	True	271.27
gr24_Q9LPC5.yaml	1750	1750	0	0	1	242.456	563	81920	0.69	0	48	True	271.27
gr24_Q9LPC5.yaml	1750	1750	0	0	1	242.978	563	81920	0.69	0	48	True	271.27
gr24_Q9LPC5.yaml	1750	1750	0	0	1	243.496	563	81920	0.69	0	48	True	271.27
gr24_Q9LPC5.yaml	1750	1750	0	0	1	244.023	563	81920	0.69	0	48	True	271.27
gr24_Q9LPC5.yaml	1750	1750	0	0	1	244.545	563	81920	0.69	0	48	True	271.27
gr24_Q9LPC5.yaml	1750	1750	0	0	1	245.068	563	81920	0.69	0	48	True	271.27
gr24_Q9LPC5.yaml	1750	1750	0	0	1	245.587	563	81920	0.69	0	48	True	271.27
gr24_Q9LPC5.yaml	1750	1750	0	0	1	246.108	563	81920	0.69	0	48	True	271.27
gr24_Q9LPC5.yaml	1750	1750	0	0	1	246.684	1945	81920	2.37	7	48	True	271.27
gr24_Q9LPC5.yaml	1750	1750	0	0	1	247.204	2703	81920	3.3	0	48	True	271.27
gr24_Q9LPC5.yaml	1750	1750	0	0	1	247.72	2703	81920	3.3	0	48	True	271.27
gr24_Q9LPC5.yaml	1750	1750	0	0	1	248.242	2703	81920	3.3	0	48	True	271.27
gr24_Q9LPC5.yaml	1750	1750	0	0	1	248.765	9973	81920	12.17	3	48	True	271.27
gr24_Q9LPC5.yaml	1750	1750	0	0	1	249.283	9973	81920	12.17	100	55	True	271.27
gr24_Q9LPC5.yaml	1750	1750	0	0	1	249.803	9973	81920	12.17	100	58	True	271.27
gr24_Q9LPC5.yaml	1750	1750	0	0	1	250.323	9973	81920	12.17	100	60	True	271.27
gr24_Q9LPC5.yaml	1750	1750	0	0	1	250.845	9973	81920	12.17	100	62	True	271.27
gr24_Q9LPC5.yaml	1750	1750	0	0	1	251.379	9973	81920	12.17	100	64	True	271.27
gr24_Q9LPC5.yaml	1750	1750	0	0	1	251.909	9973	81920	12.17	100	65	True	271.27
gr24_Q9LPC5.yaml	1750	1750	0	0	1	252.434	9973	81920	12.17	100	66	True	271.27
gr24_Q9LPC5.yaml	1750	1750	0	0	1	252.963	9973	81920	12.17	93	68	True	271.27
gr24_Q9LPC5.yaml	1750	1750	0	0	1	253.522	9973	81920	12.17	98	70	True	271.27
gr24_Q9LPC5.yaml	1750	1750	0	0	1	254.058	9973	81920	12.17	98	71	True	271.27
gr24_Q9LPC5.yaml	1750	1750	0	0	1	254.589	9973	81920	12.17	98	72	True	271.27
gr24_Q9LPC5.yaml	1750	1750	0	0	1	255.118	9973	81920	12.17	98	73	True	271.27
gr24_Q9LPC5.yaml	1750	1750	0	0	1	255.645	9973	81920	12.17	98	74	True	271.27
gr24_Q9LPC5.yaml	1750	1750	0	0	1	256.177	9973	81920	12.17	98	74	True	271.27
gr24_Q9LPC5.yaml	1750	1750	0	0	1	256.711	9973	81920	12.17	98	74	True	271.27
gr24_Q9LPC5.yaml	1750	1750	0	0	1	257.243	9973	81920	12.17	98	75	True	271.27
gr24_Q9LPC5.yaml	1750	1750	0	0	1	257.772	9973	81920	12.17	98	76	True	271.27
gr24_Q9LPC5.yaml	1750	1750	0	0	1	258.302	9973	81920	12.17	98	75	True	271.27
gr24_Q9LPC5.yaml	1750	1750	0	0	1	258.834	9973	81920	12.17	98	76	True	271.27
gr24_Q9LPC5.yaml	1750	1750	0	0	1	259.363	9973	81920	12.17	98	76	True	271.27
gr24_Q9LPC5.yaml	1750	1750	0	0	1	259.889	9973	81920	12.17	98	77	True	271.27
gr24_Q9LPC5.yaml	1750	1750	0	0	1	260.42	9973	81920	12.17	98	76	True	271.27
gr24_Q9LPC5.yaml	1750	1750	0	0	1	260.949	9973	81920	12.17	98	77	True	271.27
gr24_Q9LPC5.yaml	1750	1750	0	0	1	261.482	9973	81920	12.17	98	77	True	271.27
gr24_Q9LPC5.yaml	1750	1750	0	0	1	262.011	9973	81920	12.17	98	77	True	271.27
gr24_Q9LPC5.yaml	1750	1750	0	0	1	262.542	9973	81920	12.17	98	78	True	271.27
gr24_Q9LPC5.yaml	1750	1750	0	0	1	263.071	9973	81920	12.17	98	78	True	271.27
gr24_Q9LPC5.yaml	1750	1750	0	0	1	263.599	9973	81920	12.17	98	78	True	271.27
gr24_Q9LPC5.yaml	1750	1750	0	0	1	264.13	9973	81920	12.17	98	78	True	271.27
gr24_Q9LPC5.yaml	1750	1750	0	0	1	264.66	9973	81920	12.17	98	77	True	271.27
gr24_Q9LPC5.yaml	1750	1750	0	0	1	265.19	9973	81920	12.17	98	78	True	271.27
gr24_Q9LPC5.yaml	1750	1750	0	0	1	265.719	9973	81920	12.17	98	77	True	271.27
gr24_Q9LPC5.yaml	1750	1750	0	0	1	266.252	9981	81920	12.18	98	77	True	271.27
gr24_Q9LPC5.yaml	1750	1750	0	0	1	266.785	9987	81920	12.19	43	73	True	271.27
gr24_Q9LPC5.yaml	1750	1750	0	0	1	267.313	9987	81920	12.19	8	68	True	271.27
gr24_Q9LPC5.yaml	1750	1750	0	0	1	267.844	561	81920	0.68	8	65	True	271.27
gr24_Q9LPC5.yaml	1750	1750	0	0	1	268.376	561	81920	0.68	56	63	True	271.27
gr24_Q9LPC5.yaml	1750	1750	0	0	1	268.908	525	81920	0.64	0	61	True	271.27
gr24_Q9LPC5.yaml	1750	1750	0	0	1	269.438	525	81920	0.64	0	59	True	271.27
gr24_Q9LPC5.yaml	1750	1750	0	0	1	269.966	525	81920	0.64	0	58	True	271.27
gr24_Q9LPC5.yaml	1750	1750	0	0	1	270.495	517	81920	0.63	0	57	True	271.27
gr24_Q9LPC5.yaml	1750	1750	0	0	1	271.108	0	81920	0.0	0	56	True	271.27
gr24_Q9AUE0.yaml	1950	1950	0	0	1	0.0	0	81920	0.0	0	55	True	309.30
gr24_Q9AUE0.yaml	1950	1950	0	0	1	0.527	0	81920	0.0	0	55	True	309.30
gr24_Q9AUE0.yaml	1950	1950	0	0	1	1.06	0	81920	0.0	0	54	True	309.30
gr24_Q9AUE0.yaml	1950	1950	0	0	1	1.591	0	81920	0.0	0	52	True	309.30
gr24_Q9AUE0.yaml	1950	1950	0	0	1	2.12	0	81920	0.0	0	51	True	309.30
gr24_Q9AUE0.yaml	1950	1950	0	0	1	2.652	0	81920	0.0	0	50	True	309.30
gr24_Q9AUE0.yaml	1950	1950	0	0	1	3.184	0	81920	0.0	0	49	True	309.30
gr24_Q9AUE0.yaml	1950	1950	0	0	1	3.713	0	81920	0.0	0	48	True	309.30
gr24_Q9AUE0.yaml	1950	1950	0	0	1	4.242	0	81920	0.0	0	47	True	309.30
gr24_Q9AUE0.yaml	1950	1950	0	0	1	4.772	0	81920	0.0	0	46	True	309.30
gr24_Q9AUE0.yaml	1950	1950	0	0	1	5.299	0	81920	0.0	0	46	True	309.30
gr24_Q9AUE0.yaml	1950	1950	0	0	1	5.886	0	81920	0.0	0	45	True	309.30
gr24_Q9AUE0.yaml	1950	1950	0	0	1	6.41	0	81920	0.0	0	45	True	309.30
gr24_Q9AUE0.yaml	1950	1950	0	0	1	6.931	0	81920	0.0	0	44	True	309.30
gr24_Q9AUE0.yaml	1950	1950	0	0	1	7.455	0	81920	0.0	0	44	True	309.30
gr24_Q9AUE0.yaml	1950	1950	0	0	1	7.981	0	81920	0.0	0	44	True	309.30
gr24_Q9AUE0.yaml	1950	1950	0	0	1	8.51	0	81920	0.0	0	43	True	309.30
gr24_Q9AUE0.yaml	1950	1950	0	0	1	9.038	0	81920	0.0	0	43	True	309.30
gr24_Q9AUE0.yaml	1950	1950	0	0	1	9.567	0	81920	0.0	0	43	True	309.30
gr24_Q9AUE0.yaml	1950	1950	0	0	1	10.095	0	81920	0.0	0	43	True	309.30
gr24_Q9AUE0.yaml	1950	1950	0	0	1	10.629	0	81920	0.0	0	42	True	309.30
gr24_Q9AUE0.yaml	1950	1950	0	0	1	11.16	0	81920	0.0	0	42	True	309.30
gr24_Q9AUE0.yaml	1950	1950	0	0	1	11.689	0	81920	0.0	0	42	True	309.30
gr24_Q9AUE0.yaml	1950	1950	0	0	1	12.221	0	81920	0.0	0	42	True	309.30
gr24_Q9AUE0.yaml	1950	1950	0	0	1	12.753	0	81920	0.0	0	42	True	309.30
gr24_Q9AUE0.yaml	1950	1950	0	0	1	13.281	0	81920	0.0	0	41	True	309.30
gr24_Q9AUE0.yaml	1950	1950	0	0	1	13.807	0	81920	0.0	0	41	True	309.30
gr24_Q9AUE0.yaml	1950	1950	0	0	1	14.335	0	81920	0.0	0	41	True	309.30
gr24_Q9AUE0.yaml	1950	1950	0	0	1	14.86	0	81920	0.0	0	41	True	309.30
gr24_Q9AUE0.yaml	1950	1950	0	0	1	15.381	0	81920	0.0	0	41	True	309.30
gr24_Q9AUE0.yaml	1950	1950	0	0	1	15.902	0	81920	0.0	0	41	True	309.30
gr24_Q9AUE0.yaml	1950	1950	0	0	1	16.421	0	81920	0.0	0	41	True	309.30
gr24_Q9AUE0.yaml	1950	1950	0	0	1	16.939	0	81920	0.0	0	41	True	309.30
gr24_Q9AUE0.yaml	1950	1950	0	0	1	17.463	0	81920	0.0	0	41	True	309.30
gr24_Q9AUE0.yaml	1950	1950	0	0	1	17.985	0	81920	0.0	0	41	True	309.30
gr24_Q9AUE0.yaml	1950	1950	0	0	1	18.506	0	81920	0.0	0	41	True	309.30
gr24_Q9AUE0.yaml	1950	1950	0	0	1	19.029	0	81920	0.0	0	41	True	309.30
gr24_Q9AUE0.yaml	1950	1950	0	0	1	19.555	0	81920	0.0	0	40	True	309.30
gr24_Q9AUE0.yaml	1950	1950	0	0	1	20.097	0	81920	0.0	0	40	True	309.30
gr24_Q9AUE0.yaml	1950	1950	0	0	1	20.617	0	81920	0.0	0	40	True	309.30
gr24_Q9AUE0.yaml	1950	1950	0	0	1	21.137	0	81920	0.0	0	40	True	309.30
gr24_Q9AUE0.yaml	1950	1950	0	0	1	21.656	0	81920	0.0	0	40	True	309.30
gr24_Q9AUE0.yaml	1950	1950	0	0	1	22.175	0	81920	0.0	0	40	True	309.30
gr24_Q9AUE0.yaml	1950	1950	0	0	1	22.697	0	81920	0.0	0	40	True	309.30
gr24_Q9AUE0.yaml	1950	1950	0	0	1	23.225	0	81920	0.0	0	40	True	309.30
gr24_Q9AUE0.yaml	1950	1950	0	0	1	23.746	0	81920	0.0	0	40	True	309.30
gr24_Q9AUE0.yaml	1950	1950	0	0	1	24.265	0	81920	0.0	0	40	True	309.30
gr24_Q9AUE0.yaml	1950	1950	0	0	1	24.792	0	81920	0.0	0	40	True	309.30
gr24_Q9AUE0.yaml	1950	1950	0	0	1	25.312	0	81920	0.0	0	40	True	309.30
gr24_Q9AUE0.yaml	1950	1950	0	0	1	25.833	0	81920	0.0	0	40	True	309.30
gr24_Q9AUE0.yaml	1950	1950	0	0	1	26.353	0	81920	0.0	0	40	True	309.30
gr24_Q9AUE0.yaml	1950	1950	0	0	1	26.875	0	81920	0.0	0	40	True	309.30
gr24_Q9AUE0.yaml	1950	1950	0	0	1	27.396	0	81920	0.0	0	40	True	309.30
gr24_Q9AUE0.yaml	1950	1950	0	0	1	27.918	0	81920	0.0	0	40	True	309.30
gr24_Q9AUE0.yaml	1950	1950	0	0	1	28.438	0	81920	0.0	0	40	True	309.30
gr24_Q9AUE0.yaml	1950	1950	0	0	1	28.972	0	81920	0.0	0	40	True	309.30
gr24_Q9AUE0.yaml	1950	1950	0	0	1	29.499	0	81920	0.0	0	40	True	309.30
gr24_Q9AUE0.yaml	1950	1950	0	0	1	30.022	0	81920	0.0	0	40	True	309.30
gr24_Q9AUE0.yaml	1950	1950	0	0	1	30.54	0	81920	0.0	0	39	True	309.30
gr24_Q9AUE0.yaml	1950	1950	0	0	1	31.065	0	81920	0.0	0	39	True	309.30
gr24_Q9AUE0.yaml	1950	1950	0	0	1	31.584	0	81920	0.0	0	39	True	309.30
gr24_Q9AUE0.yaml	1950	1950	0	0	1	32.143	713	81920	0.87	0	40	True	309.30
gr24_Q9AUE0.yaml	1950	1950	0	0	1	32.661	2609	81920	3.18	26	41	True	309.30
gr24_Q9AUE0.yaml	1950	1950	0	0	1	33.186	2609	81920	3.18	0	41	True	309.30
gr24_Q9AUE0.yaml	1950	1950	0	0	1	33.714	2609	81920	3.18	0	42	True	309.30
gr24_Q9AUE0.yaml	1950	1950	0	0	1	34.243	2609	81920	3.18	0	42	True	309.30
gr24_Q9AUE0.yaml	1950	1950	0	0	1	34.776	2609	81920	3.18	0	42	True	309.30
gr24_Q9AUE0.yaml	1950	1950	0	0	1	35.307	2609	81920	3.18	0	42	True	309.30
gr24_Q9AUE0.yaml	1950	1950	0	0	1	35.836	2609	81920	3.18	0	42	True	309.30
gr24_Q9AUE0.yaml	1950	1950	0	0	1	36.366	2609	81920	3.18	0	42	True	309.30
gr24_Q9AUE0.yaml	1950	1950	0	0	1	36.893	2609	81920	3.18	0	43	True	309.30
gr24_Q9AUE0.yaml	1950	1950	0	0	1	37.424	2609	81920	3.18	0	43	True	309.30
gr24_Q9AUE0.yaml	1950	1950	0	0	1	37.952	2609	81920	3.18	0	43	True	309.30
gr24_Q9AUE0.yaml	1950	1950	0	0	1	38.48	2609	81920	3.18	0	43	True	309.30
gr24_Q9AUE0.yaml	1950	1950	0	0	1	39.011	2609	81920	3.18	0	43	True	309.30
gr24_Q9AUE0.yaml	1950	1950	0	0	1	39.542	2609	81920	3.18	0	43	True	309.30
gr24_Q9AUE0.yaml	1950	1950	0	0	1	40.073	2609	81920	3.18	0	43	True	309.30
gr24_Q9AUE0.yaml	1950	1950	0	0	1	40.606	2609	81920	3.18	0	43	True	309.30
gr24_Q9AUE0.yaml	1950	1950	0	0	1	41.135	2609	81920	3.18	0	43	True	309.30
gr24_Q9AUE0.yaml	1950	1950	0	0	1	41.661	2609	81920	3.18	0	43	True	309.30
gr24_Q9AUE0.yaml	1950	1950	0	0	1	42.19	2611	81920	3.19	1	43	True	309.30
gr24_Q9AUE0.yaml	1950	1950	0	0	1	42.723	2611	81920	3.19	0	43	True	309.30
gr24_Q9AUE0.yaml	1950	1950	0	0	1	43.252	2613	81920	3.19	0	43	True	309.30
gr24_Q9AUE0.yaml	1950	1950	0	0	1	43.78	5161	81920	6.3	51	43	True	309.30
gr24_Q9AUE0.yaml	1950	1950	0	0	1	44.309	5759	81920	7.03	5	43	True	309.30
gr24_Q9AUE0.yaml	1950	1950	0	0	1	44.837	17765	81920	21.69	32	45	True	309.30
gr24_Q9AUE0.yaml	1950	1950	0	0	1	45.365	17765	81920	21.69	0	44	True	309.30
gr24_Q9AUE0.yaml	1950	1950	0	0	1	45.892	17765	81920	21.69	0	44	True	309.30
gr24_Q9AUE0.yaml	1950	1950	0	0	1	46.42	17765	81920	21.69	0	44	True	309.30
gr24_Q9AUE0.yaml	1950	1950	0	0	1	46.949	17765	81920	21.69	0	44	True	309.30
gr24_Q9AUE0.yaml	1950	1950	0	0	1	47.477	17765	81920	21.69	0	44	True	309.30
gr24_Q9AUE0.yaml	1950	1950	0	0	1	48.008	37741	81920	46.07	9	46	True	309.30
gr24_Q9AUE0.yaml	1950	1950	0	0	1	48.538	37741	81920	46.07	100	53	True	309.30
gr24_Q9AUE0.yaml	1950	1950	0	0	1	49.098	39641	81920	48.39	100	55	True	309.30
gr24_Q9AUE0.yaml	1950	1950	0	0	1	49.63	51035	81920	62.3	100	58	True	309.30
gr24_Q9AUE0.yaml	1950	1950	0	0	1	50.159	51035	81920	62.3	100	59	True	309.30
gr24_Q9AUE0.yaml	1950	1950	0	0	1	50.692	51035	81920	62.3	100	60	True	309.30
gr24_Q9AUE0.yaml	1950	1950	0	0	1	51.224	51035	81920	62.3	100	61	True	309.30
gr24_Q9AUE0.yaml	1950	1950	0	0	1	51.754	51035	81920	62.3	100	63	True	309.30
gr24_Q9AUE0.yaml	1950	1950	0	0	1	52.287	51035	81920	62.3	100	64	True	309.30
gr24_Q9AUE0.yaml	1950	1950	0	0	1	52.816	51035	81920	62.3	100	64	True	309.30
gr24_Q9AUE0.yaml	1950	1950	0	0	1	53.348	51035	81920	62.3	100	64	True	309.30
gr24_Q9AUE0.yaml	1950	1950	0	0	1	53.878	51035	81920	62.3	100	66	True	309.30
gr24_Q9AUE0.yaml	1950	1950	0	0	1	54.408	51035	81920	62.3	100	66	True	309.30
gr24_Q9AUE0.yaml	1950	1950	0	0	1	54.938	51035	81920	62.3	100	66	True	309.30
gr24_Q9AUE0.yaml	1950	1950	0	0	1	55.47	51035	81920	62.3	100	67	True	309.30
gr24_Q9AUE0.yaml	1950	1950	0	0	1	56.006	51035	81920	62.3	100	68	True	309.30
gr24_Q9AUE0.yaml	1950	1950	0	0	1	56.606	51035	81920	62.3	100	67	True	309.30
gr24_Q9AUE0.yaml	1950	1950	0	0	1	57.135	51035	81920	62.3	100	68	True	309.30
gr24_Q9AUE0.yaml	1950	1950	0	0	1	57.663	51035	81920	62.3	100	68	True	309.30
gr24_Q9AUE0.yaml	1950	1950	0	0	1	58.194	51035	81920	62.3	100	68	True	309.30
gr24_Q9AUE0.yaml	1950	1950	0	0	1	58.728	51035	81920	62.3	100	69	True	309.30
gr24_Q9AUE0.yaml	1950	1950	0	0	1	59.262	51035	81920	62.3	100	69	True	309.30
gr24_Q9AUE0.yaml	1950	1950	0	0	1	59.795	51035	81920	62.3	100	70	True	309.30
gr24_Q9AUE0.yaml	1950	1950	0	0	1	60.323	51035	81920	62.3	100	70	True	309.30
gr24_Q9AUE0.yaml	1950	1950	0	0	1	60.853	51035	81920	62.3	100	70	True	309.30
gr24_Q9AUE0.yaml	1950	1950	0	0	1	61.38	51035	81920	62.3	100	70	True	309.30
gr24_Q9AUE0.yaml	1950	1950	0	0	1	61.916	51035	81920	62.3	100	70	True	309.30
gr24_Q9AUE0.yaml	1950	1950	0	0	1	62.446	51035	81920	62.3	100	70	True	309.30
gr24_Q9AUE0.yaml	1950	1950	0	0	1	62.979	51035	81920	62.3	100	71	True	309.30
gr24_Q9AUE0.yaml	1950	1950	0	0	1	63.508	51035	81920	62.3	100	71	True	309.30
gr24_Q9AUE0.yaml	1950	1950	0	0	1	64.037	51035	81920	62.3	100	71	True	309.30
gr24_Q9AUE0.yaml	1950	1950	0	0	1	64.581	51035	81920	62.3	100	71	True	309.30
gr24_Q9AUE0.yaml	1950	1950	0	0	1	65.11	51035	81920	62.3	100	71	True	309.30
gr24_Q9AUE0.yaml	1950	1950	0	0	1	65.641	51035	81920	62.3	100	71	True	309.30
gr24_Q9AUE0.yaml	1950	1950	0	0	1	66.171	51035	81920	62.3	100	71	True	309.30
gr24_Q9AUE0.yaml	1950	1950	0	0	1	66.708	51035	81920	62.3	100	71	True	309.30
gr24_Q9AUE0.yaml	1950	1950	0	0	1	67.236	51035	81920	62.3	100	72	True	309.30
gr24_Q9AUE0.yaml	1950	1950	0	0	1	67.766	51035	81920	62.3	100	72	True	309.30
gr24_Q9AUE0.yaml	1950	1950	0	0	1	68.3	51035	81920	62.3	100	72	True	309.30
gr24_Q9AUE0.yaml	1950	1950	0	0	1	68.834	51035	81920	62.3	100	72	True	309.30
gr24_Q9AUE0.yaml	1950	1950	0	0	1	69.363	51035	81920	62.3	100	72	True	309.30
gr24_Q9AUE0.yaml	1950	1950	0	0	1	69.961	51035	81920	62.3	100	72	True	309.30
gr24_Q9AUE0.yaml	1950	1950	0	0	1	70.492	51035	81920	62.3	100	72	True	309.30
gr24_Q9AUE0.yaml	1950	1950	0	0	1	71.021	51035	81920	62.3	100	72	True	309.30
gr24_Q9AUE0.yaml	1950	1950	0	0	1	71.552	51035	81920	62.3	100	72	True	309.30
gr24_Q9AUE0.yaml	1950	1950	0	0	1	72.08	51035	81920	62.3	100	72	True	309.30
gr24_Q9AUE0.yaml	1950	1950	0	0	1	72.614	51035	81920	62.3	100	72	True	309.30
gr24_Q9AUE0.yaml	1950	1950	0	0	1	73.142	51035	81920	62.3	100	72	True	309.30
gr24_Q9AUE0.yaml	1950	1950	0	0	1	73.672	51035	81920	62.3	100	72	True	309.30
gr24_Q9AUE0.yaml	1950	1950	0	0	1	74.201	51035	81920	62.3	100	72	True	309.30
gr24_Q9AUE0.yaml	1950	1950	0	0	1	74.741	51035	81920	62.3	100	72	True	309.30
gr24_Q9AUE0.yaml	1950	1950	0	0	1	75.272	51035	81920	62.3	100	72	True	309.30
gr24_Q9AUE0.yaml	1950	1950	0	0	1	75.803	51035	81920	62.3	100	72	True	309.30
gr24_Q9AUE0.yaml	1950	1950	0	0	1	76.334	51035	81920	62.3	100	72	True	309.30
gr24_Q9AUE0.yaml	1950	1950	0	0	1	76.863	51035	81920	62.3	100	73	True	309.30
gr24_Q9AUE0.yaml	1950	1950	0	0	1	77.394	51035	81920	62.3	100	73	True	309.30
gr24_Q9AUE0.yaml	1950	1950	0	0	1	77.924	51035	81920	62.3	100	72	True	309.30
gr24_Q9AUE0.yaml	1950	1950	0	0	1	78.455	51035	81920	62.3	100	73	True	309.30
gr24_Q9AUE0.yaml	1950	1950	0	0	1	78.986	51035	81920	62.3	100	73	True	309.30
gr24_Q9AUE0.yaml	1950	1950	0	0	1	79.515	51035	81920	62.3	100	73	True	309.30
gr24_Q9AUE0.yaml	1950	1950	0	0	1	80.045	51035	81920	62.3	100	73	True	309.30
gr24_Q9AUE0.yaml	1950	1950	0	0	1	80.575	51035	81920	62.3	100	73	True	309.30
gr24_Q9AUE0.yaml	1950	1950	0	0	1	81.115	51035	81920	62.3	100	73	True	309.30
gr24_Q9AUE0.yaml	1950	1950	0	0	1	81.643	51035	81920	62.3	100	73	True	309.30
gr24_Q9AUE0.yaml	1950	1950	0	0	1	82.174	51035	81920	62.3	100	73	True	309.30
gr24_Q9AUE0.yaml	1950	1950	0	0	1	82.705	51035	81920	62.3	100	73	True	309.30
gr24_Q9AUE0.yaml	1950	1950	0	0	1	83.237	51035	81920	62.3	100	73	True	309.30
gr24_Q9AUE0.yaml	1950	1950	0	0	1	83.771	51035	81920	62.3	100	73	True	309.30
gr24_Q9AUE0.yaml	1950	1950	0	0	1	84.304	51035	81920	62.3	100	73	True	309.30
gr24_Q9AUE0.yaml	1950	1950	0	0	1	84.841	51035	81920	62.3	100	73	True	309.30
gr24_Q9AUE0.yaml	1950	1950	0	0	1	85.372	51035	81920	62.3	100	73	True	309.30
gr24_Q9AUE0.yaml	1950	1950	0	0	1	85.907	51035	81920	62.3	100	73	True	309.30
gr24_Q9AUE0.yaml	1950	1950	0	0	1	86.436	51035	81920	62.3	100	73	True	309.30
gr24_Q9AUE0.yaml	1950	1950	0	0	1	86.968	51035	81920	62.3	100	74	True	309.30
gr24_Q9AUE0.yaml	1950	1950	0	0	1	87.503	51035	81920	62.3	100	73	True	309.30
gr24_Q9AUE0.yaml	1950	1950	0	0	1	88.033	51035	81920	62.3	100	73	True	309.30
gr24_Q9AUE0.yaml	1950	1950	0	0	1	88.567	51035	81920	62.3	100	74	True	309.30
gr24_Q9AUE0.yaml	1950	1950	0	0	1	89.101	51035	81920	62.3	100	74	True	309.30
gr24_Q9AUE0.yaml	1950	1950	0	0	1	89.634	51035	81920	62.3	100	74	True	309.30
gr24_Q9AUE0.yaml	1950	1950	0	0	1	90.171	51035	81920	62.3	100	73	True	309.30
gr24_Q9AUE0.yaml	1950	1950	0	0	1	90.702	51035	81920	62.3	100	73	True	309.30
gr24_Q9AUE0.yaml	1950	1950	0	0	1	91.243	51035	81920	62.3	100	74	True	309.30
gr24_Q9AUE0.yaml	1950	1950	0	0	1	91.776	51035	81920	62.3	100	73	True	309.30
gr24_Q9AUE0.yaml	1950	1950	0	0	1	92.308	51035	81920	62.3	100	73	True	309.30
gr24_Q9AUE0.yaml	1950	1950	0	0	1	92.842	51035	81920	62.3	100	73	True	309.30
gr24_Q9AUE0.yaml	1950	1950	0	0	1	93.372	51035	81920	62.3	100	73	True	309.30
gr24_Q9AUE0.yaml	1950	1950	0	0	1	93.902	51035	81920	62.3	100	74	True	309.30
gr24_Q9AUE0.yaml	1950	1950	0	0	1	94.433	51035	81920	62.3	100	73	True	309.30
gr24_Q9AUE0.yaml	1950	1950	0	0	1	94.967	51035	81920	62.3	100	73	True	309.30
gr24_Q9AUE0.yaml	1950	1950	0	0	1	95.498	51035	81920	62.3	100	73	True	309.30
gr24_Q9AUE0.yaml	1950	1950	0	0	1	96.027	51035	81920	62.3	100	73	True	309.30
gr24_Q9AUE0.yaml	1950	1950	0	0	1	96.554	51035	81920	62.3	100	73	True	309.30
gr24_Q9AUE0.yaml	1950	1950	0	0	1	97.084	51035	81920	62.3	100	73	True	309.30
gr24_Q9AUE0.yaml	1950	1950	0	0	1	97.644	51035	81920	62.3	100	73	True	309.30
gr24_Q9AUE0.yaml	1950	1950	0	0	1	98.175	51035	81920	62.3	100	73	True	309.30
gr24_Q9AUE0.yaml	1950	1950	0	0	1	98.708	51035	81920	62.3	100	73	True	309.30
gr24_Q9AUE0.yaml	1950	1950	0	0	1	99.239	51035	81920	62.3	100	74	True	309.30
gr24_Q9AUE0.yaml	1950	1950	0	0	1	99.767	51035	81920	62.3	100	74	True	309.30
gr24_Q9AUE0.yaml	1950	1950	0	0	1	100.305	51035	81920	62.3	100	73	True	309.30
gr24_Q9AUE0.yaml	1950	1950	0	0	1	100.838	51035	81920	62.3	100	74	True	309.30
gr24_Q9AUE0.yaml	1950	1950	0	0	1	101.369	51035	81920	62.3	100	74	True	309.30
gr24_Q9AUE0.yaml	1950	1950	0	0	1	101.902	51035	81920	62.3	100	74	True	309.30
gr24_Q9AUE0.yaml	1950	1950	0	0	1	102.435	51035	81920	62.3	100	74	True	309.30
gr24_Q9AUE0.yaml	1950	1950	0	0	1	102.964	51035	81920	62.3	100	74	True	309.30
gr24_Q9AUE0.yaml	1950	1950	0	0	1	103.492	51035	81920	62.3	100	73	True	309.30
gr24_Q9AUE0.yaml	1950	1950	0	0	1	104.024	51035	81920	62.3	100	74	True	309.30
gr24_Q9AUE0.yaml	1950	1950	0	0	1	104.559	51035	81920	62.3	100	73	True	309.30
gr24_Q9AUE0.yaml	1950	1950	0	0	1	105.089	51035	81920	62.3	100	73	True	309.30
gr24_Q9AUE0.yaml	1950	1950	0	0	1	105.62	51035	81920	62.3	100	73	True	309.30
gr24_Q9AUE0.yaml	1950	1950	0	0	1	106.15	51035	81920	62.3	100	73	True	309.30
gr24_Q9AUE0.yaml	1950	1950	0	0	1	106.68	51035	81920	62.3	100	74	True	309.30
gr24_Q9AUE0.yaml	1950	1950	0	0	1	107.213	51035	81920	62.3	100	74	True	309.30
gr24_Q9AUE0.yaml	1950	1950	0	0	1	107.743	51035	81920	62.3	100	73	True	309.30
gr24_Q9AUE0.yaml	1950	1950	0	0	1	108.273	51035	81920	62.3	100	74	True	309.30
gr24_Q9AUE0.yaml	1950	1950	0	0	1	108.802	51035	81920	62.3	100	74	True	309.30
gr24_Q9AUE0.yaml	1950	1950	0	0	1	109.341	51035	81920	62.3	100	74	True	309.30
gr24_Q9AUE0.yaml	1950	1950	0	0	1	109.871	51035	81920	62.3	100	74	True	309.30
gr24_Q9AUE0.yaml	1950	1950	0	0	1	110.399	51035	81920	62.3	100	74	True	309.30
gr24_Q9AUE0.yaml	1950	1950	0	0	1	110.93	51035	81920	62.3	100	73	True	309.30
gr24_Q9AUE0.yaml	1950	1950	0	0	1	111.46	51035	81920	62.3	100	74	True	309.30
gr24_Q9AUE0.yaml	1950	1950	0	0	1	111.991	51035	81920	62.3	100	74	True	309.30
gr24_Q9AUE0.yaml	1950	1950	0	0	1	112.525	51035	81920	62.3	100	74	True	309.30
gr24_Q9AUE0.yaml	1950	1950	0	0	1	113.057	51035	81920	62.3	100	74	True	309.30
gr24_Q9AUE0.yaml	1950	1950	0	0	1	113.586	51035	81920	62.3	100	74	True	309.30
gr24_Q9AUE0.yaml	1950	1950	0	0	1	114.121	51035	81920	62.3	100	74	True	309.30
gr24_Q9AUE0.yaml	1950	1950	0	0	1	114.658	51035	81920	62.3	100	74	True	309.30
gr24_Q9AUE0.yaml	1950	1950	0	0	1	115.188	51035	81920	62.3	100	74	True	309.30
gr24_Q9AUE0.yaml	1950	1950	0	0	1	115.719	51035	81920	62.3	100	74	True	309.30
gr24_Q9AUE0.yaml	1950	1950	0	0	1	116.259	51035	81920	62.3	100	74	True	309.30
gr24_Q9AUE0.yaml	1950	1950	0	0	1	116.79	51035	81920	62.3	100	74	True	309.30
gr24_Q9AUE0.yaml	1950	1950	0	0	1	117.318	51035	81920	62.3	100	74	True	309.30
gr24_Q9AUE0.yaml	1950	1950	0	0	1	117.846	51035	81920	62.3	100	74	True	309.30
gr24_Q9AUE0.yaml	1950	1950	0	0	1	118.377	51035	81920	62.3	100	74	True	309.30
gr24_Q9AUE0.yaml	1950	1950	0	0	1	118.907	51035	81920	62.3	100	74	True	309.30
gr24_Q9AUE0.yaml	1950	1950	0	0	1	119.444	51035	81920	62.3	100	74	True	309.30
gr24_Q9AUE0.yaml	1950	1950	0	0	1	119.978	51035	81920	62.3	100	74	True	309.30
gr24_Q9AUE0.yaml	1950	1950	0	0	1	120.508	51035	81920	62.3	100	74	True	309.30
gr24_Q9AUE0.yaml	1950	1950	0	0	1	121.039	51035	81920	62.3	100	74	True	309.30
gr24_Q9AUE0.yaml	1950	1950	0	0	1	121.582	51035	81920	62.3	100	74	True	309.30
gr24_Q9AUE0.yaml	1950	1950	0	0	1	122.111	51035	81920	62.3	100	74	True	309.30
gr24_Q9AUE0.yaml	1950	1950	0	0	1	122.641	51035	81920	62.3	100	74	True	309.30
gr24_Q9AUE0.yaml	1950	1950	0	0	1	123.177	51035	81920	62.3	100	74	True	309.30
gr24_Q9AUE0.yaml	1950	1950	0	0	1	123.71	51035	81920	62.3	100	74	True	309.30
gr24_Q9AUE0.yaml	1950	1950	0	0	1	124.237	51035	81920	62.3	100	74	True	309.30
gr24_Q9AUE0.yaml	1950	1950	0	0	1	124.769	51035	81920	62.3	100	75	True	309.30
gr24_Q9AUE0.yaml	1950	1950	0	0	1	125.299	51035	81920	62.3	100	75	True	309.30
gr24_Q9AUE0.yaml	1950	1950	0	0	1	125.83	51035	81920	62.3	100	76	True	309.30
gr24_Q9AUE0.yaml	1950	1950	0	0	1	126.358	51035	81920	62.3	100	75	True	309.30
gr24_Q9AUE0.yaml	1950	1950	0	0	1	126.889	51035	81920	62.3	100	74	True	309.30
gr24_Q9AUE0.yaml	1950	1950	0	0	1	127.424	51035	81920	62.3	100	75	True	309.30
gr24_Q9AUE0.yaml	1950	1950	0	0	1	127.952	51035	81920	62.3	100	74	True	309.30
gr24_Q9AUE0.yaml	1950	1950	0	0	1	128.48	51035	81920	62.3	100	74	True	309.30
gr24_Q9AUE0.yaml	1950	1950	0	0	1	129.011	51035	81920	62.3	100	75	True	309.30
gr24_Q9AUE0.yaml	1950	1950	0	0	1	129.542	51035	81920	62.3	100	74	True	309.30
gr24_Q9AUE0.yaml	1950	1950	0	0	1	130.073	51035	81920	62.3	100	75	True	309.30
gr24_Q9AUE0.yaml	1950	1950	0	0	1	130.605	51035	81920	62.3	100	74	True	309.30
gr24_Q9AUE0.yaml	1950	1950	0	0	1	131.134	51035	81920	62.3	100	74	True	309.30
gr24_Q9AUE0.yaml	1950	1950	0	0	1	131.665	51035	81920	62.3	100	74	True	309.30
gr24_Q9AUE0.yaml	1950	1950	0	0	1	132.196	51035	81920	62.3	100	74	True	309.30
gr24_Q9AUE0.yaml	1950	1950	0	0	1	132.74	51035	81920	62.3	100	74	True	309.30
gr24_Q9AUE0.yaml	1950	1950	0	0	1	133.268	51035	81920	62.3	100	74	True	309.30
gr24_Q9AUE0.yaml	1950	1950	0	0	1	133.796	51035	81920	62.3	100	74	True	309.30
gr24_Q9AUE0.yaml	1950	1950	0	0	1	134.326	51035	81920	62.3	100	74	True	309.30
gr24_Q9AUE0.yaml	1950	1950	0	0	1	134.857	51035	81920	62.3	100	74	True	309.30
gr24_Q9AUE0.yaml	1950	1950	0	0	1	135.386	51035	81920	62.3	100	74	True	309.30
gr24_Q9AUE0.yaml	1950	1950	0	0	1	135.914	51035	81920	62.3	100	74	True	309.30
gr24_Q9AUE0.yaml	1950	1950	0	0	1	136.903	51035	81920	62.3	100	74	True	309.30
gr24_Q9AUE0.yaml	1950	1950	0	0	1	137.434	51035	81920	62.3	100	74	True	309.30
gr24_Q9AUE0.yaml	1950	1950	0	0	1	137.966	51035	81920	62.3	100	74	True	309.30
gr24_Q9AUE0.yaml	1950	1950	0	0	1	138.497	51035	81920	62.3	100	74	True	309.30
gr24_Q9AUE0.yaml	1950	1950	0	0	1	139.033	51035	81920	62.3	100	74	True	309.30
gr24_Q9AUE0.yaml	1950	1950	0	0	1	139.562	51035	81920	62.3	100	75	True	309.30
gr24_Q9AUE0.yaml	1950	1950	0	0	1	140.091	51035	81920	62.3	100	74	True	309.30
gr24_Q9AUE0.yaml	1950	1950	0	0	1	140.62	51035	81920	62.3	100	75	True	309.30
gr24_Q9AUE0.yaml	1950	1950	0	0	1	141.154	51035	81920	62.3	100	75	True	309.30
gr24_Q9AUE0.yaml	1950	1950	0	0	1	141.682	51035	81920	62.3	100	75	True	309.30
gr24_Q9AUE0.yaml	1950	1950	0	0	1	142.216	51035	81920	62.3	100	74	True	309.30
gr24_Q9AUE0.yaml	1950	1950	0	0	1	142.742	51035	81920	62.3	100	75	True	309.30
gr24_Q9AUE0.yaml	1950	1950	0	0	1	143.273	51035	81920	62.3	100	74	True	309.30
gr24_Q9AUE0.yaml	1950	1950	0	0	1	143.804	51035	81920	62.3	100	75	True	309.30
gr24_Q9AUE0.yaml	1950	1950	0	0	1	144.336	51035	81920	62.3	100	74	True	309.30
gr24_Q9AUE0.yaml	1950	1950	0	0	1	144.869	51035	81920	62.3	100	74	True	309.30
gr24_Q9AUE0.yaml	1950	1950	0	0	1	145.399	51035	81920	62.3	100	75	True	309.30
gr24_Q9AUE0.yaml	1950	1950	0	0	1	145.928	51035	81920	62.3	100	75	True	309.30
gr24_Q9AUE0.yaml	1950	1950	0	0	1	146.459	51035	81920	62.3	100	75	True	309.30
gr24_Q9AUE0.yaml	1950	1950	0	0	1	146.991	51035	81920	62.3	100	74	True	309.30
gr24_Q9AUE0.yaml	1950	1950	0	0	1	147.522	51035	81920	62.3	100	75	True	309.30
gr24_Q9AUE0.yaml	1950	1950	0	0	1	148.052	51035	81920	62.3	100	75	True	309.30
gr24_Q9AUE0.yaml	1950	1950	0	0	1	148.585	51035	81920	62.3	100	75	True	309.30
gr24_Q9AUE0.yaml	1950	1950	0	0	1	149.113	51035	81920	62.3	100	75	True	309.30
gr24_Q9AUE0.yaml	1950	1950	0	0	1	149.642	51035	81920	62.3	100	74	True	309.30
gr24_Q9AUE0.yaml	1950	1950	0	0	1	150.174	51035	81920	62.3	100	75	True	309.30
gr24_Q9AUE0.yaml	1950	1950	0	0	1	150.705	51035	81920	62.3	100	74	True	309.30
gr24_Q9AUE0.yaml	1950	1950	0	0	1	151.24	51035	81920	62.3	100	75	True	309.30
gr24_Q9AUE0.yaml	1950	1950	0	0	1	151.77	51035	81920	62.3	100	75	True	309.30
gr24_Q9AUE0.yaml	1950	1950	0	0	1	152.303	51035	81920	62.3	100	75	True	309.30
gr24_Q9AUE0.yaml	1950	1950	0	0	1	152.834	51035	81920	62.3	100	74	True	309.30
gr24_Q9AUE0.yaml	1950	1950	0	0	1	153.366	51035	81920	62.3	100	74	True	309.30
gr24_Q9AUE0.yaml	1950	1950	0	0	1	153.895	51035	81920	62.3	100	75	True	309.30
gr24_Q9AUE0.yaml	1950	1950	0	0	1	154.427	51035	81920	62.3	100	74	True	309.30
gr24_Q9AUE0.yaml	1950	1950	0	0	1	154.956	51035	81920	62.3	100	74	True	309.30
gr24_Q9AUE0.yaml	1950	1950	0	0	1	155.493	51035	81920	62.3	100	74	True	309.30
gr24_Q9AUE0.yaml	1950	1950	0	0	1	156.021	51035	81920	62.3	100	74	True	309.30
gr24_Q9AUE0.yaml	1950	1950	0	0	1	156.549	51035	81920	62.3	100	74	True	309.30
gr24_Q9AUE0.yaml	1950	1950	0	0	1	157.079	51035	81920	62.3	100	75	True	309.30
gr24_Q9AUE0.yaml	1950	1950	0	0	1	157.607	51035	81920	62.3	100	75	True	309.30
gr24_Q9AUE0.yaml	1950	1950	0	0	1	158.137	51035	81920	62.3	100	75	True	309.30
gr24_Q9AUE0.yaml	1950	1950	0	0	1	158.665	51035	81920	62.3	100	75	True	309.30
gr24_Q9AUE0.yaml	1950	1950	0	0	1	159.195	51035	81920	62.3	100	75	True	309.30
gr24_Q9AUE0.yaml	1950	1950	0	0	1	159.721	51035	81920	62.3	100	75	True	309.30
gr24_Q9AUE0.yaml	1950	1950	0	0	1	160.251	51035	81920	62.3	100	74	True	309.30
gr24_Q9AUE0.yaml	1950	1950	0	0	1	160.785	51035	81920	62.3	100	75	True	309.30
gr24_Q9AUE0.yaml	1950	1950	0	0	1	161.317	51035	81920	62.3	100	75	True	309.30
gr24_Q9AUE0.yaml	1950	1950	0	0	1	161.846	51035	81920	62.3	100	76	True	309.30
gr24_Q9AUE0.yaml	1950	1950	0	0	1	162.378	51035	81920	62.3	100	75	True	309.30
gr24_Q9AUE0.yaml	1950	1950	0	0	1	162.908	51035	81920	62.3	100	75	True	309.30
gr24_Q9AUE0.yaml	1950	1950	0	0	1	163.443	51035	81920	62.3	100	76	True	309.30
gr24_Q9AUE0.yaml	1950	1950	0	0	1	163.978	51035	81920	62.3	100	75	True	309.30
gr24_Q9AUE0.yaml	1950	1950	0	0	1	164.507	51035	81920	62.3	100	74	True	309.30
gr24_Q9AUE0.yaml	1950	1950	0	0	1	165.041	51035	81920	62.3	100	75	True	309.30
gr24_Q9AUE0.yaml	1950	1950	0	0	1	165.578	51035	81920	62.3	100	75	True	309.30
gr24_Q9AUE0.yaml	1950	1950	0	0	1	166.11	51035	81920	62.3	100	76	True	309.30
gr24_Q9AUE0.yaml	1950	1950	0	0	1	166.64	51035	81920	62.3	100	75	True	309.30
gr24_Q9AUE0.yaml	1950	1950	0	0	1	167.171	51035	81920	62.3	100	75	True	309.30
gr24_Q9AUE0.yaml	1950	1950	0	0	1	167.699	51035	81920	62.3	100	74	True	309.30
gr24_Q9AUE0.yaml	1950	1950	0	0	1	168.229	51035	81920	62.3	100	75	True	309.30
gr24_Q9AUE0.yaml	1950	1950	0	0	1	168.757	51035	81920	62.3	100	75	True	309.30
gr24_Q9AUE0.yaml	1950	1950	0	0	1	169.289	51035	81920	62.3	100	74	True	309.30
gr24_Q9AUE0.yaml	1950	1950	0	0	1	169.816	51035	81920	62.3	100	75	True	309.30
gr24_Q9AUE0.yaml	1950	1950	0	0	1	170.348	51035	81920	62.3	100	75	True	309.30
gr24_Q9AUE0.yaml	1950	1950	0	0	1	170.877	51035	81920	62.3	100	74	True	309.30
gr24_Q9AUE0.yaml	1950	1950	0	0	1	171.408	51035	81920	62.3	100	75	True	309.30
gr24_Q9AUE0.yaml	1950	1950	0	0	1	171.937	51035	81920	62.3	100	75	True	309.30
gr24_Q9AUE0.yaml	1950	1950	0	0	1	172.471	51035	81920	62.3	100	75	True	309.30
gr24_Q9AUE0.yaml	1950	1950	0	0	1	173.001	51035	81920	62.3	100	75	True	309.30
gr24_Q9AUE0.yaml	1950	1950	0	0	1	173.53	51035	81920	62.3	100	75	True	309.30
gr24_Q9AUE0.yaml	1950	1950	0	0	1	174.063	51035	81920	62.3	100	75	True	309.30
gr24_Q9AUE0.yaml	1950	1950	0	0	1	174.59	51035	81920	62.3	100	75	True	309.30
gr24_Q9AUE0.yaml	1950	1950	0	0	1	175.119	51035	81920	62.3	100	75	True	309.30
gr24_Q9AUE0.yaml	1950	1950	0	0	1	175.649	51035	81920	62.3	100	75	True	309.30
gr24_Q9AUE0.yaml	1950	1950	0	0	1	176.181	51035	81920	62.3	100	74	True	309.30
gr24_Q9AUE0.yaml	1950	1950	0	0	1	176.711	51035	81920	62.3	100	74	True	309.30
gr24_Q9AUE0.yaml	1950	1950	0	0	1	177.242	51035	81920	62.3	100	75	True	309.30
gr24_Q9AUE0.yaml	1950	1950	0	0	1	177.774	51035	81920	62.3	100	75	True	309.30
gr24_Q9AUE0.yaml	1950	1950	0	0	1	178.305	51035	81920	62.3	100	74	True	309.30
gr24_Q9AUE0.yaml	1950	1950	0	0	1	178.842	51035	81920	62.3	100	75	True	309.30
gr24_Q9AUE0.yaml	1950	1950	0	0	1	179.376	51035	81920	62.3	100	75	True	309.30
gr24_Q9AUE0.yaml	1950	1950	0	0	1	179.96	51035	81920	62.3	100	74	True	309.30
gr24_Q9AUE0.yaml	1950	1950	0	0	1	180.491	51035	81920	62.3	100	75	True	309.30
gr24_Q9AUE0.yaml	1950	1950	0	0	1	181.036	51035	81920	62.3	100	75	True	309.30
gr24_Q9AUE0.yaml	1950	1950	0	0	1	181.564	51035	81920	62.3	100	75	True	309.30
gr24_Q9AUE0.yaml	1950	1950	0	0	1	182.094	51035	81920	62.3	100	75	True	309.30
gr24_Q9AUE0.yaml	1950	1950	0	0	1	182.628	51035	81920	62.3	100	75	True	309.30
gr24_Q9AUE0.yaml	1950	1950	0	0	1	183.158	51035	81920	62.3	100	75	True	309.30
gr24_Q9AUE0.yaml	1950	1950	0	0	1	183.688	51035	81920	62.3	100	75	True	309.30
gr24_Q9AUE0.yaml	1950	1950	0	0	1	184.217	51035	81920	62.3	100	75	True	309.30
gr24_Q9AUE0.yaml	1950	1950	0	0	1	184.749	51035	81920	62.3	100	75	True	309.30
gr24_Q9AUE0.yaml	1950	1950	0	0	1	185.279	51035	81920	62.3	100	75	True	309.30
gr24_Q9AUE0.yaml	1950	1950	0	0	1	185.812	51035	81920	62.3	100	75	True	309.30
gr24_Q9AUE0.yaml	1950	1950	0	0	1	186.347	51035	81920	62.3	100	75	True	309.30
gr24_Q9AUE0.yaml	1950	1950	0	0	1	186.876	51035	81920	62.3	100	75	True	309.30
gr24_Q9AUE0.yaml	1950	1950	0	0	1	187.406	51035	81920	62.3	100	75	True	309.30
gr24_Q9AUE0.yaml	1950	1950	0	0	1	187.936	51035	81920	62.3	100	75	True	309.30
gr24_Q9AUE0.yaml	1950	1950	0	0	1	188.471	51035	81920	62.3	100	75	True	309.30
gr24_Q9AUE0.yaml	1950	1950	0	0	1	189.001	51035	81920	62.3	100	75	True	309.30
gr24_Q9AUE0.yaml	1950	1950	0	0	1	189.532	51035	81920	62.3	100	74	True	309.30
gr24_Q9AUE0.yaml	1950	1950	0	0	1	190.068	51035	81920	62.3	100	75	True	309.30
gr24_Q9AUE0.yaml	1950	1950	0	0	1	190.597	51035	81920	62.3	100	75	True	309.30
gr24_Q9AUE0.yaml	1950	1950	0	0	1	191.138	51035	81920	62.3	100	75	True	309.30
gr24_Q9AUE0.yaml	1950	1950	0	0	1	191.673	51035	81920	62.3	100	75	True	309.30
gr24_Q9AUE0.yaml	1950	1950	0	0	1	192.207	51035	81920	62.3	100	75	True	309.30
gr24_Q9AUE0.yaml	1950	1950	0	0	1	192.741	51035	81920	62.3	100	75	True	309.30
gr24_Q9AUE0.yaml	1950	1950	0	0	1	193.28	51035	81920	62.3	100	75	True	309.30
gr24_Q9AUE0.yaml	1950	1950	0	0	1	193.81	51035	81920	62.3	100	75	True	309.30
gr24_Q9AUE0.yaml	1950	1950	0	0	1	194.339	51035	81920	62.3	100	75	True	309.30
gr24_Q9AUE0.yaml	1950	1950	0	0	1	194.872	51035	81920	62.3	100	75	True	309.30
gr24_Q9AUE0.yaml	1950	1950	0	0	1	195.402	51035	81920	62.3	100	74	True	309.30
gr24_Q9AUE0.yaml	1950	1950	0	0	1	195.935	51035	81920	62.3	100	75	True	309.30
gr24_Q9AUE0.yaml	1950	1950	0	0	1	196.467	51035	81920	62.3	100	75	True	309.30
gr24_Q9AUE0.yaml	1950	1950	0	0	1	196.996	51035	81920	62.3	100	75	True	309.30
gr24_Q9AUE0.yaml	1950	1950	0	0	1	197.541	51035	81920	62.3	100	75	True	309.30
gr24_Q9AUE0.yaml	1950	1950	0	0	1	198.075	51035	81920	62.3	100	76	True	309.30
gr24_Q9AUE0.yaml	1950	1950	0	0	1	198.603	56735	81920	69.26	43	75	True	309.30
gr24_Q9AUE0.yaml	1950	1950	0	0	1	199.14	56771	81920	69.3	21	73	True	309.30
gr24_Q9AUE0.yaml	1950	1950	0	0	1	199.67	56771	81920	69.3	100	74	True	309.30
gr24_Q9AUE0.yaml	1950	1950	0	0	1	200.208	56771	81920	69.3	100	75	True	309.30
gr24_Q9AUE0.yaml	1950	1950	0	0	1	200.74	56771	81920	69.3	99	75	True	309.30
gr24_Q9AUE0.yaml	1950	1950	0	0	1	201.274	56771	81920	69.3	99	75	True	309.30
gr24_Q9AUE0.yaml	1950	1950	0	0	1	201.802	56771	81920	69.3	99	76	True	309.30
gr24_Q9AUE0.yaml	1950	1950	0	0	1	202.335	56771	81920	69.3	99	76	True	309.30
gr24_Q9AUE0.yaml	1950	1950	0	0	1	202.867	56771	81920	69.3	99	76	True	309.30
gr24_Q9AUE0.yaml	1950	1950	0	0	1	203.398	56771	81920	69.3	99	76	True	309.30
gr24_Q9AUE0.yaml	1950	1950	0	0	1	203.932	56771	81920	69.3	100	76	True	309.30
gr24_Q9AUE0.yaml	1950	1950	0	0	1	204.464	56771	81920	69.3	100	76	True	309.30
gr24_Q9AUE0.yaml	1950	1950	0	0	1	205.001	56771	81920	69.3	99	76	True	309.30
gr24_Q9AUE0.yaml	1950	1950	0	0	1	205.53	56771	81920	69.3	99	76	True	309.30
gr24_Q9AUE0.yaml	1950	1950	0	0	1	206.059	56771	81920	69.3	100	76	True	309.30
gr24_Q9AUE0.yaml	1950	1950	0	0	1	206.595	56771	81920	69.3	100	76	True	309.30
gr24_Q9AUE0.yaml	1950	1950	0	0	1	207.126	56771	81920	69.3	99	76	True	309.30
gr24_Q9AUE0.yaml	1950	1950	0	0	1	207.654	56771	81920	69.3	99	76	True	309.30
gr24_Q9AUE0.yaml	1950	1950	0	0	1	208.185	56771	81920	69.3	100	76	True	309.30
gr24_Q9AUE0.yaml	1950	1950	0	0	1	208.722	56771	81920	69.3	99	76	True	309.30
gr24_Q9AUE0.yaml	1950	1950	0	0	1	209.252	56771	81920	69.3	99	76	True	309.30
gr24_Q9AUE0.yaml	1950	1950	0	0	1	209.792	56771	81920	69.3	99	76	True	309.30
gr24_Q9AUE0.yaml	1950	1950	0	0	1	210.323	56771	81920	69.3	100	76	True	309.30
gr24_Q9AUE0.yaml	1950	1950	0	0	1	210.856	56771	81920	69.3	100	76	True	309.30
gr24_Q9AUE0.yaml	1950	1950	0	0	1	211.387	56771	81920	69.3	99	76	True	309.30
gr24_Q9AUE0.yaml	1950	1950	0	0	1	211.919	56771	81920	69.3	99	76	True	309.30
gr24_Q9AUE0.yaml	1950	1950	0	0	1	212.453	56771	81920	69.3	100	76	True	309.30
gr24_Q9AUE0.yaml	1950	1950	0	0	1	212.986	56771	81920	69.3	99	76	True	309.30
gr24_Q9AUE0.yaml	1950	1950	0	0	1	213.518	56771	81920	69.3	99	76	True	309.30
gr24_Q9AUE0.yaml	1950	1950	0	0	1	214.05	56771	81920	69.3	99	76	True	309.30
gr24_Q9AUE0.yaml	1950	1950	0	0	1	214.581	56771	81920	69.3	100	76	True	309.30
gr24_Q9AUE0.yaml	1950	1950	0	0	1	215.115	56771	81920	69.3	100	76	True	309.30
gr24_Q9AUE0.yaml	1950	1950	0	0	1	215.647	56771	81920	69.3	99	76	True	309.30
gr24_Q9AUE0.yaml	1950	1950	0	0	1	216.179	56771	81920	69.3	99	76	True	309.30
gr24_Q9AUE0.yaml	1950	1950	0	0	1	216.715	56771	81920	69.3	100	76	True	309.30
gr24_Q9AUE0.yaml	1950	1950	0	0	1	217.246	56771	81920	69.3	99	76	True	309.30
gr24_Q9AUE0.yaml	1950	1950	0	0	1	217.776	56771	81920	69.3	99	76	True	309.30
gr24_Q9AUE0.yaml	1950	1950	0	0	1	218.307	56771	81920	69.3	99	76	True	309.30
gr24_Q9AUE0.yaml	1950	1950	0	0	1	218.837	56771	81920	69.3	100	76	True	309.30
gr24_Q9AUE0.yaml	1950	1950	0	0	1	219.368	56771	81920	69.3	99	76	True	309.30
gr24_Q9AUE0.yaml	1950	1950	0	0	1	219.897	56771	81920	69.3	99	76	True	309.30
gr24_Q9AUE0.yaml	1950	1950	0	0	1	220.427	56771	81920	69.3	99	76	True	309.30
gr24_Q9AUE0.yaml	1950	1950	0	0	1	220.958	56771	81920	69.3	100	76	True	309.30
gr24_Q9AUE0.yaml	1950	1950	0	0	1	221.487	56771	81920	69.3	99	76	True	309.30
gr24_Q9AUE0.yaml	1950	1950	0	0	1	222.02	56771	81920	69.3	99	76	True	309.30
gr24_Q9AUE0.yaml	1950	1950	0	0	1	222.554	56771	81920	69.3	99	76	True	309.30
gr24_Q9AUE0.yaml	1950	1950	0	0	1	223.085	56771	81920	69.3	100	76	True	309.30
gr24_Q9AUE0.yaml	1950	1950	0	0	1	223.617	56771	81920	69.3	99	76	True	309.30
gr24_Q9AUE0.yaml	1950	1950	0	0	1	224.148	56771	81920	69.3	99	76	True	309.30
gr24_Q9AUE0.yaml	1950	1950	0	0	1	224.69	56771	81920	69.3	99	76	True	309.30
gr24_Q9AUE0.yaml	1950	1950	0	0	1	225.221	56771	81920	69.3	100	76	True	309.30
gr24_Q9AUE0.yaml	1950	1950	0	0	1	225.765	56771	81920	69.3	100	76	True	309.30
gr24_Q9AUE0.yaml	1950	1950	0	0	1	226.298	56771	81920	69.3	99	76	True	309.30
gr24_Q9AUE0.yaml	1950	1950	0	0	1	226.827	56771	81920	69.3	99	76	True	309.30
gr24_Q9AUE0.yaml	1950	1950	0	0	1	227.357	56771	81920	69.3	99	76	True	309.30
gr24_Q9AUE0.yaml	1950	1950	0	0	1	227.888	56771	81920	69.3	99	76	True	309.30
gr24_Q9AUE0.yaml	1950	1950	0	0	1	228.417	56771	81920	69.3	99	76	True	309.30
gr24_Q9AUE0.yaml	1950	1950	0	0	1	228.95	56771	81920	69.3	99	76	True	309.30
gr24_Q9AUE0.yaml	1950	1950	0	0	1	229.486	56771	81920	69.3	100	76	True	309.30
gr24_Q9AUE0.yaml	1950	1950	0	0	1	230.015	56771	81920	69.3	99	76	True	309.30
gr24_Q9AUE0.yaml	1950	1950	0	0	1	230.548	56771	81920	69.3	99	76	True	309.30
gr24_Q9AUE0.yaml	1950	1950	0	0	1	231.08	56771	81920	69.3	99	76	True	309.30
gr24_Q9AUE0.yaml	1950	1950	0	0	1	231.612	56771	81920	69.3	100	75	True	309.30
gr24_Q9AUE0.yaml	1950	1950	0	0	1	232.142	56771	81920	69.3	99	76	True	309.30
gr24_Q9AUE0.yaml	1950	1950	0	0	1	232.678	56771	81920	69.3	99	76	True	309.30
gr24_Q9AUE0.yaml	1950	1950	0	0	1	233.212	56771	81920	69.3	100	76	True	309.30
gr24_Q9AUE0.yaml	1950	1950	0	0	1	233.74	56771	81920	69.3	100	76	True	309.30
gr24_Q9AUE0.yaml	1950	1950	0	0	1	234.27	56771	81920	69.3	99	76	True	309.30
gr24_Q9AUE0.yaml	1950	1950	0	0	1	234.799	56771	81920	69.3	99	76	True	309.30
gr24_Q9AUE0.yaml	1950	1950	0	0	1	235.335	56771	81920	69.3	99	76	True	309.30
gr24_Q9AUE0.yaml	1950	1950	0	0	1	235.868	56771	81920	69.3	100	76	True	309.30
gr24_Q9AUE0.yaml	1950	1950	0	0	1	236.397	56771	81920	69.3	99	76	True	309.30
gr24_Q9AUE0.yaml	1950	1950	0	0	1	236.926	56771	81920	69.3	99	75	True	309.30
gr24_Q9AUE0.yaml	1950	1950	0	0	1	237.455	56771	81920	69.3	99	76	True	309.30
gr24_Q9AUE0.yaml	1950	1950	0	0	1	237.985	56771	81920	69.3	100	76	True	309.30
gr24_Q9AUE0.yaml	1950	1950	0	0	1	238.515	56771	81920	69.3	99	76	True	309.30
gr24_Q9AUE0.yaml	1950	1950	0	0	1	239.049	56771	81920	69.3	99	76	True	309.30
gr24_Q9AUE0.yaml	1950	1950	0	0	1	239.587	56771	81920	69.3	99	76	True	309.30
gr24_Q9AUE0.yaml	1950	1950	0	0	1	240.116	56771	81920	69.3	100	76	True	309.30
gr24_Q9AUE0.yaml	1950	1950	0	0	1	240.655	56771	81920	69.3	100	76	True	309.30
gr24_Q9AUE0.yaml	1950	1950	0	0	1	241.187	56771	81920	69.3	99	76	True	309.30
gr24_Q9AUE0.yaml	1950	1950	0	0	1	241.715	56771	81920	69.3	99	76	True	309.30
gr24_Q9AUE0.yaml	1950	1950	0	0	1	242.243	56771	81920	69.3	100	75	True	309.30
gr24_Q9AUE0.yaml	1950	1950	0	0	1	242.779	56771	81920	69.3	99	76	True	309.30
gr24_Q9AUE0.yaml	1950	1950	0	0	1	243.311	56771	81920	69.3	99	76	True	309.30
gr24_Q9AUE0.yaml	1950	1950	0	0	1	243.839	56771	81920	69.3	100	76	True	309.30
gr24_Q9AUE0.yaml	1950	1950	0	0	1	244.37	56771	81920	69.3	100	76	True	309.30
gr24_Q9AUE0.yaml	1950	1950	0	0	1	244.902	56771	81920	69.3	99	75	True	309.30
gr24_Q9AUE0.yaml	1950	1950	0	0	1	245.432	56771	81920	69.3	99	76	True	309.30
gr24_Q9AUE0.yaml	1950	1950	0	0	1	245.967	56771	81920	69.3	99	76	True	309.30
gr24_Q9AUE0.yaml	1950	1950	0	0	1	246.505	56771	81920	69.3	99	76	True	309.30
gr24_Q9AUE0.yaml	1950	1950	0	0	1	247.031	56771	81920	69.3	99	75	True	309.30
gr24_Q9AUE0.yaml	1950	1950	0	0	1	247.563	56771	81920	69.3	99	75	True	309.30
gr24_Q9AUE0.yaml	1950	1950	0	0	1	248.095	56771	81920	69.3	99	76	True	309.30
gr24_Q9AUE0.yaml	1950	1950	0	0	1	248.625	56771	81920	69.3	100	75	True	309.30
gr24_Q9AUE0.yaml	1950	1950	0	0	1	249.157	56771	81920	69.3	99	75	True	309.30
gr24_Q9AUE0.yaml	1950	1950	0	0	1	249.687	56771	81920	69.3	99	75	True	309.30
gr24_Q9AUE0.yaml	1950	1950	0	0	1	250.216	56771	81920	69.3	99	75	True	309.30
gr24_Q9AUE0.yaml	1950	1950	0	0	1	250.76	56771	81920	69.3	99	76	True	309.30
gr24_Q9AUE0.yaml	1950	1950	0	0	1	251.289	56771	81920	69.3	99	76	True	309.30
gr24_Q9AUE0.yaml	1950	1950	0	0	1	251.821	56771	81920	69.3	99	76	True	309.30
gr24_Q9AUE0.yaml	1950	1950	0	0	1	252.352	56771	81920	69.3	99	75	True	309.30
gr24_Q9AUE0.yaml	1950	1950	0	0	1	252.884	56771	81920	69.3	100	75	True	309.30
gr24_Q9AUE0.yaml	1950	1950	0	0	1	253.413	56771	81920	69.3	99	75	True	309.30
gr24_Q9AUE0.yaml	1950	1950	0	0	1	253.947	56771	81920	69.3	99	76	True	309.30
gr24_Q9AUE0.yaml	1950	1950	0	0	1	254.477	56771	81920	69.3	100	75	True	309.30
gr24_Q9AUE0.yaml	1950	1950	0	0	1	255.011	56771	81920	69.3	100	75	True	309.30
gr24_Q9AUE0.yaml	1950	1950	0	0	1	255.546	56773	81920	69.3	100	74	True	309.30
gr24_Q9AUE0.yaml	1950	1950	0	0	1	256.076	56773	81920	69.3	100	74	True	309.30
gr24_Q9AUE0.yaml	1950	1950	0	0	1	256.608	56775	81920	69.31	100	74	True	309.30
gr24_Q9AUE0.yaml	1950	1950	0	0	1	257.142	56775	81920	69.31	100	74	True	309.30
gr24_Q9AUE0.yaml	1950	1950	0	0	1	257.675	56775	81920	69.31	100	74	True	309.30
gr24_Q9AUE0.yaml	1950	1950	0	0	1	258.206	56775	81920	69.31	100	74	True	309.30
gr24_Q9AUE0.yaml	1950	1950	0	0	1	258.745	56775	81920	69.31	100	74	True	309.30
gr24_Q9AUE0.yaml	1950	1950	0	0	1	259.274	56775	81920	69.31	7	70	True	309.30
gr24_Q9AUE0.yaml	1950	1950	0	0	1	259.802	56775	81920	69.31	3	66	True	309.30
gr24_Q9AUE0.yaml	1950	1950	0	0	1	260.332	56775	81920	69.31	3	64	True	309.30
gr24_Q9AUE0.yaml	1950	1950	0	0	1	260.864	56775	81920	69.31	0	62	True	309.30
gr24_Q9AUE0.yaml	1950	1950	0	0	1	261.395	56775	81920	69.31	0	61	True	309.30
gr24_Q9AUE0.yaml	1950	1950	0	0	1	261.923	56775	81920	69.31	3	59	True	309.30
gr24_Q9AUE0.yaml	1950	1950	0	0	1	262.453	56775	81920	69.31	7	58	True	309.30
gr24_Q9AUE0.yaml	1950	1950	0	0	1	262.983	587	81920	0.72	8	57	True	309.30
gr24_Q9AUE0.yaml	1950	1950	0	0	1	263.513	563	81920	0.69	100	56	True	309.30
gr24_Q9AUE0.yaml	1950	1950	0	0	1	264.043	563	81920	0.69	100	56	True	309.30
gr24_Q9AUE0.yaml	1950	1950	0	0	1	264.574	563	81920	0.69	100	55	True	309.30
gr24_Q9AUE0.yaml	1950	1950	0	0	1	265.102	563	81920	0.69	0	54	True	309.30
gr24_Q9AUE0.yaml	1950	1950	0	0	1	265.622	563	81920	0.69	0	54	True	309.30
gr24_Q9AUE0.yaml	1950	1950	0	0	1	266.139	563	81920	0.69	0	53	True	309.30
gr24_Q9AUE0.yaml	1950	1950	0	0	1	266.655	563	81920	0.69	0	53	True	309.30
gr24_Q9AUE0.yaml	1950	1950	0	0	1	267.177	563	81920	0.69	0	52	True	309.30
gr24_Q9AUE0.yaml	1950	1950	0	0	1	267.703	563	81920	0.69	0	52	True	309.30
gr24_Q9AUE0.yaml	1950	1950	0	0	1	268.22	563	81920	0.69	0	51	True	309.30
gr24_Q9AUE0.yaml	1950	1950	0	0	1	268.736	563	81920	0.69	0	51	True	309.30
gr24_Q9AUE0.yaml	1950	1950	0	0	1	269.254	563	81920	0.69	0	51	True	309.30
gr24_Q9AUE0.yaml	1950	1950	0	0	1	269.77	563	81920	0.69	0	50	True	309.30
gr24_Q9AUE0.yaml	1950	1950	0	0	1	270.298	563	81920	0.69	0	50	True	309.30
gr24_Q9AUE0.yaml	1950	1950	0	0	1	270.827	563	81920	0.69	0	50	True	309.30
gr24_Q9AUE0.yaml	1950	1950	0	0	1	271.346	563	81920	0.69	0	50	True	309.30
gr24_Q9AUE0.yaml	1950	1950	0	0	1	271.863	563	81920	0.69	0	49	True	309.30
gr24_Q9AUE0.yaml	1950	1950	0	0	1	272.384	563	81920	0.69	0	49	True	309.30
gr24_Q9AUE0.yaml	1950	1950	0	0	1	272.903	563	81920	0.69	0	49	True	309.30
gr24_Q9AUE0.yaml	1950	1950	0	0	1	273.42	563	81920	0.69	0	49	True	309.30
gr24_Q9AUE0.yaml	1950	1950	0	0	1	273.938	563	81920	0.69	0	49	True	309.30
gr24_Q9AUE0.yaml	1950	1950	0	0	1	274.461	563	81920	0.69	0	49	True	309.30
gr24_Q9AUE0.yaml	1950	1950	0	0	1	274.98	563	81920	0.69	0	48	True	309.30
gr24_Q9AUE0.yaml	1950	1950	0	0	1	275.498	563	81920	0.69	0	48	True	309.30
gr24_Q9AUE0.yaml	1950	1950	0	0	1	276.018	563	81920	0.69	0	48	True	309.30
gr24_Q9AUE0.yaml	1950	1950	0	0	1	276.534	563	81920	0.69	0	48	True	309.30
gr24_Q9AUE0.yaml	1950	1950	0	0	1	277.053	563	81920	0.69	0	48	True	309.30
gr24_Q9AUE0.yaml	1950	1950	0	0	1	277.583	563	81920	0.69	0	48	True	309.30
gr24_Q9AUE0.yaml	1950	1950	0	0	1	278.103	563	81920	0.69	0	48	True	309.30
gr24_Q9AUE0.yaml	1950	1950	0	0	1	278.628	563	81920	0.69	0	48	True	309.30
gr24_Q9AUE0.yaml	1950	1950	0	0	1	279.144	563	81920	0.69	0	48	True	309.30
gr24_Q9AUE0.yaml	1950	1950	0	0	1	279.663	563	81920	0.69	0	48	True	309.30
gr24_Q9AUE0.yaml	1950	1950	0	0	1	280.183	563	81920	0.69	0	48	True	309.30
gr24_Q9AUE0.yaml	1950	1950	0	0	1	280.702	563	81920	0.69	0	48	True	309.30
gr24_Q9AUE0.yaml	1950	1950	0	0	1	281.221	563	81920	0.69	0	47	True	309.30
gr24_Q9AUE0.yaml	1950	1950	0	0	1	281.738	563	81920	0.69	0	47	True	309.30
gr24_Q9AUE0.yaml	1950	1950	0	0	1	282.267	563	81920	0.69	0	47	True	309.30
gr24_Q9AUE0.yaml	1950	1950	0	0	1	282.784	563	81920	0.69	0	47	True	309.30
gr24_Q9AUE0.yaml	1950	1950	0	0	1	283.305	563	81920	0.69	0	47	True	309.30
gr24_Q9AUE0.yaml	1950	1950	0	0	1	283.825	563	81920	0.69	0	47	True	309.30
gr24_Q9AUE0.yaml	1950	1950	0	0	1	284.343	563	81920	0.69	0	47	True	309.30
gr24_Q9AUE0.yaml	1950	1950	0	0	1	284.858	563	81920	0.69	0	47	True	309.30
gr24_Q9AUE0.yaml	1950	1950	0	0	1	285.423	1379	81920	1.68	12	47	True	309.30
gr24_Q9AUE0.yaml	1950	1950	0	0	1	285.939	2703	81920	3.3	14	47	True	309.30
gr24_Q9AUE0.yaml	1950	1950	0	0	1	286.457	2703	81920	3.3	0	47	True	309.30
gr24_Q9AUE0.yaml	1950	1950	0	0	1	286.987	2703	81920	3.3	0	47	True	309.30
gr24_Q9AUE0.yaml	1950	1950	0	0	1	287.505	8187	81920	9.99	54	53	True	309.30
gr24_Q9AUE0.yaml	1950	1950	0	0	1	288.023	8187	81920	9.99	100	56	True	309.30
gr24_Q9AUE0.yaml	1950	1950	0	0	1	288.545	8187	81920	9.99	100	59	True	309.30
gr24_Q9AUE0.yaml	1950	1950	0	0	1	289.071	8187	81920	9.99	100	61	True	309.30
gr24_Q9AUE0.yaml	1950	1950	0	0	1	289.6	8187	81920	9.99	100	63	True	309.30
gr24_Q9AUE0.yaml	1950	1950	0	0	1	290.136	8187	81920	9.99	100	64	True	309.30
gr24_Q9AUE0.yaml	1950	1950	0	0	1	290.665	8187	81920	9.99	100	65	True	309.30
gr24_Q9AUE0.yaml	1950	1950	0	0	1	291.199	8187	81920	9.99	94	68	True	309.30
gr24_Q9AUE0.yaml	1950	1950	0	0	1	291.731	8187	81920	9.99	97	69	True	309.30
gr24_Q9AUE0.yaml	1950	1950	0	0	1	292.259	8187	81920	9.99	98	70	True	309.30
gr24_Q9AUE0.yaml	1950	1950	0	0	1	292.793	8187	81920	9.99	98	71	True	309.30
gr24_Q9AUE0.yaml	1950	1950	0	0	1	293.363	8187	81920	9.99	98	72	True	309.30
gr24_Q9AUE0.yaml	1950	1950	0	0	1	293.899	8187	81920	9.99	98	72	True	309.30
gr24_Q9AUE0.yaml	1950	1950	0	0	1	294.431	8187	81920	9.99	98	73	True	309.30
gr24_Q9AUE0.yaml	1950	1950	0	0	1	294.961	8187	81920	9.99	98	74	True	309.30
gr24_Q9AUE0.yaml	1950	1950	0	0	1	295.494	8187	81920	9.99	98	74	True	309.30
gr24_Q9AUE0.yaml	1950	1950	0	0	1	296.026	8187	81920	9.99	97	74	True	309.30
gr24_Q9AUE0.yaml	1950	1950	0	0	1	296.564	8187	81920	9.99	98	75	True	309.30
gr24_Q9AUE0.yaml	1950	1950	0	0	1	297.09	8187	81920	9.99	98	75	True	309.30
gr24_Q9AUE0.yaml	1950	1950	0	0	1	297.617	8187	81920	9.99	97	75	True	309.30
gr24_Q9AUE0.yaml	1950	1950	0	0	1	298.147	8187	81920	9.99	98	76	True	309.30
gr24_Q9AUE0.yaml	1950	1950	0	0	1	298.678	8187	81920	9.99	98	76	True	309.30
gr24_Q9AUE0.yaml	1950	1950	0	0	1	299.207	8187	81920	9.99	97	76	True	309.30
gr24_Q9AUE0.yaml	1950	1950	0	0	1	299.741	8187	81920	9.99	98	76	True	309.30
gr24_Q9AUE0.yaml	1950	1950	0	0	1	300.271	8187	81920	9.99	98	76	True	309.30
gr24_Q9AUE0.yaml	1950	1950	0	0	1	300.799	8187	81920	9.99	98	77	True	309.30
gr24_Q9AUE0.yaml	1950	1950	0	0	1	301.329	8187	81920	9.99	97	77	True	309.30
gr24_Q9AUE0.yaml	1950	1950	0	0	1	301.864	8187	81920	9.99	98	77	True	309.30
gr24_Q9AUE0.yaml	1950	1950	0	0	1	302.394	8187	81920	9.99	98	77	True	309.30
gr24_Q9AUE0.yaml	1950	1950	0	0	1	302.921	8187	81920	9.99	98	77	True	309.30
gr24_Q9AUE0.yaml	1950	1950	0	0	1	303.448	8187	81920	9.99	98	76	True	309.30
gr24_Q9AUE0.yaml	1950	1950	0	0	1	303.979	8187	81920	9.99	98	77	True	309.30
gr24_Q9AUE0.yaml	1950	1950	0	0	1	304.512	8195	81920	10.0	93	76	True	309.30
gr24_Q9AUE0.yaml	1950	1950	0	0	1	305.041	8201	81920	10.01	18	70	True	309.30
gr24_Q9AUE0.yaml	1950	1950	0	0	1	305.571	8201	81920	10.01	8	66	True	309.30
gr24_Q9AUE0.yaml	1950	1950	0	0	1	306.1	561	81920	0.68	8	64	True	309.30
gr24_Q9AUE0.yaml	1950	1950	0	0	1	306.629	561	81920	0.68	0	61	True	309.30
gr24_Q9AUE0.yaml	1950	1950	0	0	1	307.161	525	81920	0.64	0	60	True	309.30
gr24_Q9AUE0.yaml	1950	1950	0	0	1	307.69	525	81920	0.64	0	58	True	309.30
gr24_Q9AUE0.yaml	1950	1950	0	0	1	308.218	525	81920	0.64	0	57	True	309.30
gr24_Q9AUE0.yaml	1950	1950	0	0	1	308.747	0	81920	0.0	2	56	True	309.30
gr24_F4IIM1.yaml	2150	2150	0	0	1	0.0	0	81920	0.0	0	55	True	353.79
gr24_F4IIM1.yaml	2150	2150	0	0	1	0.529	0	81920	0.0	0	54	True	353.79
gr24_F4IIM1.yaml	2150	2150	0	0	1	1.06	0	81920	0.0	0	54	True	353.79
gr24_F4IIM1.yaml	2150	2150	0	0	1	1.623	0	81920	0.0	0	52	True	353.79
gr24_F4IIM1.yaml	2150	2150	0	0	1	2.155	0	81920	0.0	0	51	True	353.79
gr24_F4IIM1.yaml	2150	2150	0	0	1	2.689	0	81920	0.0	0	49	True	353.79
gr24_F4IIM1.yaml	2150	2150	0	0	1	3.22	0	81920	0.0	0	48	True	353.79
gr24_F4IIM1.yaml	2150	2150	0	0	1	3.741	0	81920	0.0	0	48	True	353.79
gr24_F4IIM1.yaml	2150	2150	0	0	1	4.266	0	81920	0.0	0	47	True	353.79
gr24_F4IIM1.yaml	2150	2150	0	0	1	4.793	0	81920	0.0	0	46	True	353.79
gr24_F4IIM1.yaml	2150	2150	0	0	1	5.317	0	81920	0.0	0	46	True	353.79
gr24_F4IIM1.yaml	2150	2150	0	0	1	5.847	0	81920	0.0	0	45	True	353.79
gr24_F4IIM1.yaml	2150	2150	0	0	1	6.369	0	81920	0.0	0	45	True	353.79
gr24_F4IIM1.yaml	2150	2150	0	0	1	6.898	0	81920	0.0	0	44	True	353.79
gr24_F4IIM1.yaml	2150	2150	0	0	1	7.424	0	81920	0.0	0	44	True	353.79
gr24_F4IIM1.yaml	2150	2150	0	0	1	7.956	0	81920	0.0	0	44	True	353.79
gr24_F4IIM1.yaml	2150	2150	0	0	1	8.486	0	81920	0.0	0	43	True	353.79
gr24_F4IIM1.yaml	2150	2150	0	0	1	9.062	0	81920	0.0	0	43	True	353.79
gr24_F4IIM1.yaml	2150	2150	0	0	1	9.595	0	81920	0.0	0	43	True	353.79
gr24_F4IIM1.yaml	2150	2150	0	0	1	10.125	0	81920	0.0	0	42	True	353.79
gr24_F4IIM1.yaml	2150	2150	0	0	1	10.653	0	81920	0.0	0	42	True	353.79
gr24_F4IIM1.yaml	2150	2150	0	0	1	11.181	0	81920	0.0	0	42	True	353.79
gr24_F4IIM1.yaml	2150	2150	0	0	1	11.711	0	81920	0.0	0	42	True	353.79
gr24_F4IIM1.yaml	2150	2150	0	0	1	12.239	0	81920	0.0	0	42	True	353.79
gr24_F4IIM1.yaml	2150	2150	0	0	1	12.771	0	81920	0.0	0	42	True	353.79
gr24_F4IIM1.yaml	2150	2150	0	0	1	13.29	0	81920	0.0	0	41	True	353.79
gr24_F4IIM1.yaml	2150	2150	0	0	1	13.811	0	81920	0.0	0	41	True	353.79
gr24_F4IIM1.yaml	2150	2150	0	0	1	14.329	0	81920	0.0	0	41	True	353.79
gr24_F4IIM1.yaml	2150	2150	0	0	1	14.847	0	81920	0.0	0	41	True	353.79
gr24_F4IIM1.yaml	2150	2150	0	0	1	15.368	0	81920	0.0	0	41	True	353.79
gr24_F4IIM1.yaml	2150	2150	0	0	1	15.884	0	81920	0.0	0	41	True	353.79
gr24_F4IIM1.yaml	2150	2150	0	0	1	16.414	0	81920	0.0	0	41	True	353.79
gr24_F4IIM1.yaml	2150	2150	0	0	1	16.931	0	81920	0.0	0	41	True	353.79
gr24_F4IIM1.yaml	2150	2150	0	0	1	17.452	0	81920	0.0	0	41	True	353.79
gr24_F4IIM1.yaml	2150	2150	0	0	1	17.981	0	81920	0.0	0	41	True	353.79
gr24_F4IIM1.yaml	2150	2150	0	0	1	18.5	0	81920	0.0	0	40	True	353.79
gr24_F4IIM1.yaml	2150	2150	0	0	1	19.021	0	81920	0.0	0	40	True	353.79
gr24_F4IIM1.yaml	2150	2150	0	0	1	19.564	0	81920	0.0	0	40	True	353.79
gr24_F4IIM1.yaml	2150	2150	0	0	1	20.083	0	81920	0.0	0	40	True	353.79
gr24_F4IIM1.yaml	2150	2150	0	0	1	20.603	0	81920	0.0	0	40	True	353.79
gr24_F4IIM1.yaml	2150	2150	0	0	1	21.132	0	81920	0.0	0	40	True	353.79
gr24_F4IIM1.yaml	2150	2150	0	0	1	21.65	0	81920	0.0	0	40	True	353.79
gr24_F4IIM1.yaml	2150	2150	0	0	1	22.169	0	81920	0.0	0	40	True	353.79
gr24_F4IIM1.yaml	2150	2150	0	0	1	22.694	0	81920	0.0	0	40	True	353.79
gr24_F4IIM1.yaml	2150	2150	0	0	1	23.217	0	81920	0.0	0	40	True	353.79
gr24_F4IIM1.yaml	2150	2150	0	0	1	23.74	0	81920	0.0	0	40	True	353.79
gr24_F4IIM1.yaml	2150	2150	0	0	1	24.275	0	81920	0.0	0	40	True	353.79
gr24_F4IIM1.yaml	2150	2150	0	0	1	24.797	0	81920	0.0	0	40	True	353.79
gr24_F4IIM1.yaml	2150	2150	0	0	1	25.315	0	81920	0.0	0	40	True	353.79
gr24_F4IIM1.yaml	2150	2150	0	0	1	25.835	0	81920	0.0	0	40	True	353.79
gr24_F4IIM1.yaml	2150	2150	0	0	1	26.356	0	81920	0.0	0	40	True	353.79
gr24_F4IIM1.yaml	2150	2150	0	0	1	26.877	0	81920	0.0	0	40	True	353.79
gr24_F4IIM1.yaml	2150	2150	0	0	1	27.401	0	81920	0.0	0	40	True	353.79
gr24_F4IIM1.yaml	2150	2150	0	0	1	27.951	0	81920	0.0	0	40	True	353.79
gr24_F4IIM1.yaml	2150	2150	0	0	1	28.485	0	81920	0.0	0	40	True	353.79
gr24_F4IIM1.yaml	2150	2150	0	0	1	29.007	0	81920	0.0	0	40	True	353.79
gr24_F4IIM1.yaml	2150	2150	0	0	1	29.536	0	81920	0.0	0	40	True	353.79
gr24_F4IIM1.yaml	2150	2150	0	0	1	30.068	0	81920	0.0	0	39	True	353.79
gr24_F4IIM1.yaml	2150	2150	0	0	1	30.587	0	81920	0.0	0	39	True	353.79
gr24_F4IIM1.yaml	2150	2150	0	0	1	31.106	0	81920	0.0	0	39	True	353.79
gr24_F4IIM1.yaml	2150	2150	0	0	1	31.626	0	81920	0.0	0	39	True	353.79
gr24_F4IIM1.yaml	2150	2150	0	0	1	32.147	1211	81920	1.48	8	40	True	353.79
gr24_F4IIM1.yaml	2150	2150	0	0	1	32.665	2609	81920	3.18	5	41	True	353.79
gr24_F4IIM1.yaml	2150	2150	0	0	1	33.186	2609	81920	3.18	0	41	True	353.79
gr24_F4IIM1.yaml	2150	2150	0	0	1	33.715	2609	81920	3.18	0	42	True	353.79
gr24_F4IIM1.yaml	2150	2150	0	0	1	34.243	2609	81920	3.18	0	42	True	353.79
gr24_F4IIM1.yaml	2150	2150	0	0	1	34.773	2609	81920	3.18	0	42	True	353.79
gr24_F4IIM1.yaml	2150	2150	0	0	1	35.302	2609	81920	3.18	0	42	True	353.79
gr24_F4IIM1.yaml	2150	2150	0	0	1	35.832	2609	81920	3.18	0	43	True	353.79
gr24_F4IIM1.yaml	2150	2150	0	0	1	36.357	2609	81920	3.18	0	43	True	353.79
gr24_F4IIM1.yaml	2150	2150	0	0	1	36.885	2609	81920	3.18	0	43	True	353.79
gr24_F4IIM1.yaml	2150	2150	0	0	1	37.415	2609	81920	3.18	0	43	True	353.79
gr24_F4IIM1.yaml	2150	2150	0	0	1	37.946	2609	81920	3.18	0	43	True	353.79
gr24_F4IIM1.yaml	2150	2150	0	0	1	38.475	2609	81920	3.18	0	43	True	353.79
gr24_F4IIM1.yaml	2150	2150	0	0	1	38.996	2609	81920	3.18	0	43	True	353.79
gr24_F4IIM1.yaml	2150	2150	0	0	1	39.525	2609	81920	3.18	0	43	True	353.79
gr24_F4IIM1.yaml	2150	2150	0	0	1	40.055	2609	81920	3.18	0	43	True	353.79
gr24_F4IIM1.yaml	2150	2150	0	0	1	40.583	2609	81920	3.18	0	43	True	353.79
gr24_F4IIM1.yaml	2150	2150	0	0	1	41.114	2609	81920	3.18	1	43	True	353.79
gr24_F4IIM1.yaml	2150	2150	0	0	1	41.646	2613	81920	3.19	1	43	True	353.79
gr24_F4IIM1.yaml	2150	2150	0	0	1	42.168	2613	81920	3.19	0	43	True	353.79
gr24_F4IIM1.yaml	2150	2150	0	0	1	42.697	2617	81920	3.19	0	43	True	353.79
gr24_F4IIM1.yaml	2150	2150	0	0	1	43.224	5333	81920	6.51	0	43	True	353.79
gr24_F4IIM1.yaml	2150	2150	0	0	1	43.754	5849	81920	7.14	5	44	True	353.79
gr24_F4IIM1.yaml	2150	2150	0	0	1	44.28	20677	81920	25.24	4	47	True	353.79
gr24_F4IIM1.yaml	2150	2150	0	0	1	44.838	20677	81920	25.24	0	45	True	353.79
gr24_F4IIM1.yaml	2150	2150	0	0	1	45.365	20677	81920	25.24	0	44	True	353.79
gr24_F4IIM1.yaml	2150	2150	0	0	1	45.895	20677	81920	25.24	0	44	True	353.79
gr24_F4IIM1.yaml	2150	2150	0	0	1	46.423	20677	81920	25.24	0	44	True	353.79
gr24_F4IIM1.yaml	2150	2150	0	0	1	46.954	20677	81920	25.24	0	44	True	353.79
gr24_F4IIM1.yaml	2150	2150	0	0	1	47.483	20677	81920	25.24	0	44	True	353.79
gr24_F4IIM1.yaml	2150	2150	0	0	1	48.016	33925	81920	41.41	100	51	True	353.79
gr24_F4IIM1.yaml	2150	2150	0	0	1	48.542	36229	81920	44.22	100	54	True	353.79
gr24_F4IIM1.yaml	2150	2150	0	0	1	49.07	36229	81920	44.22	100	57	True	353.79
gr24_F4IIM1.yaml	2150	2150	0	0	1	49.599	52357	81920	63.91	100	58	True	353.79
gr24_F4IIM1.yaml	2150	2150	0	0	1	50.134	56967	81920	69.54	100	59	True	353.79
gr24_F4IIM1.yaml	2150	2150	0	0	1	50.664	56967	81920	69.54	100	61	True	353.79
gr24_F4IIM1.yaml	2150	2150	0	0	1	51.197	56967	81920	69.54	100	62	True	353.79
gr24_F4IIM1.yaml	2150	2150	0	0	1	51.732	56967	81920	69.54	100	63	True	353.79
gr24_F4IIM1.yaml	2150	2150	0	0	1	52.252	56967	81920	69.54	100	64	True	353.79
gr24_F4IIM1.yaml	2150	2150	0	0	1	52.775	56967	81920	69.54	100	65	True	353.79
gr24_F4IIM1.yaml	2150	2150	0	0	1	53.297	56967	81920	69.54	100	65	True	353.79
gr24_F4IIM1.yaml	2150	2150	0	0	1	53.819	56967	81920	69.54	100	66	True	353.79
gr24_F4IIM1.yaml	2150	2150	0	0	1	54.352	56967	81920	69.54	100	67	True	353.79
gr24_F4IIM1.yaml	2150	2150	0	0	1	54.893	56967	81920	69.54	100	67	True	353.79
gr24_F4IIM1.yaml	2150	2150	0	0	1	55.426	56967	81920	69.54	100	68	True	353.79
gr24_F4IIM1.yaml	2150	2150	0	0	1	55.955	56967	81920	69.54	100	68	True	353.79
gr24_F4IIM1.yaml	2150	2150	0	0	1	56.488	56967	81920	69.54	100	68	True	353.79
gr24_F4IIM1.yaml	2150	2150	0	0	1	57.016	56967	81920	69.54	100	69	True	353.79
gr24_F4IIM1.yaml	2150	2150	0	0	1	57.546	56967	81920	69.54	100	69	True	353.79
gr24_F4IIM1.yaml	2150	2150	0	0	1	58.079	56967	81920	69.54	100	70	True	353.79
gr24_F4IIM1.yaml	2150	2150	0	0	1	58.609	56967	81920	69.54	100	70	True	353.79
gr24_F4IIM1.yaml	2150	2150	0	0	1	59.138	56967	81920	69.54	100	70	True	353.79
gr24_F4IIM1.yaml	2150	2150	0	0	1	59.669	56967	81920	69.54	100	70	True	353.79
gr24_F4IIM1.yaml	2150	2150	0	0	1	60.198	56967	81920	69.54	100	71	True	353.79
gr24_F4IIM1.yaml	2150	2150	0	0	1	60.728	56967	81920	69.54	100	70	True	353.79
gr24_F4IIM1.yaml	2150	2150	0	0	1	61.251	56967	81920	69.54	100	71	True	353.79
gr24_F4IIM1.yaml	2150	2150	0	0	1	61.776	56967	81920	69.54	100	71	True	353.79
gr24_F4IIM1.yaml	2150	2150	0	0	1	62.304	56967	81920	69.54	100	71	True	353.79
gr24_F4IIM1.yaml	2150	2150	0	0	1	62.834	56967	81920	69.54	100	71	True	353.79
gr24_F4IIM1.yaml	2150	2150	0	0	1	63.364	56967	81920	69.54	100	71	True	353.79
gr24_F4IIM1.yaml	2150	2150	0	0	1	63.896	56967	81920	69.54	100	72	True	353.79
gr24_F4IIM1.yaml	2150	2150	0	0	1	64.425	56967	81920	69.54	100	72	True	353.79
gr24_F4IIM1.yaml	2150	2150	0	0	1	64.955	56967	81920	69.54	100	72	True	353.79
gr24_F4IIM1.yaml	2150	2150	0	0	1	65.483	56967	81920	69.54	100	72	True	353.79
gr24_F4IIM1.yaml	2150	2150	0	0	1	66.012	56967	81920	69.54	100	72	True	353.79
gr24_F4IIM1.yaml	2150	2150	0	0	1	66.544	56967	81920	69.54	100	72	True	353.79
gr24_F4IIM1.yaml	2150	2150	0	0	1	67.076	56967	81920	69.54	100	72	True	353.79
gr24_F4IIM1.yaml	2150	2150	0	0	1	67.598	56967	81920	69.54	100	72	True	353.79
gr24_F4IIM1.yaml	2150	2150	0	0	1	68.118	56967	81920	69.54	100	72	True	353.79
gr24_F4IIM1.yaml	2150	2150	0	0	1	68.64	56967	81920	69.54	100	73	True	353.79
gr24_F4IIM1.yaml	2150	2150	0	0	1	69.161	56967	81920	69.54	100	73	True	353.79
gr24_F4IIM1.yaml	2150	2150	0	0	1	69.683	56967	81920	69.54	100	73	True	353.79
gr24_F4IIM1.yaml	2150	2150	0	0	1	70.212	56967	81920	69.54	100	72	True	353.79
gr24_F4IIM1.yaml	2150	2150	0	0	1	70.733	56967	81920	69.54	100	73	True	353.79
gr24_F4IIM1.yaml	2150	2150	0	0	1	71.269	56967	81920	69.54	100	73	True	353.79
gr24_F4IIM1.yaml	2150	2150	0	0	1	71.801	56967	81920	69.54	100	73	True	353.79
gr24_F4IIM1.yaml	2150	2150	0	0	1	72.329	56967	81920	69.54	100	73	True	353.79
gr24_F4IIM1.yaml	2150	2150	0	0	1	72.858	56967	81920	69.54	100	73	True	353.79
gr24_F4IIM1.yaml	2150	2150	0	0	1	73.379	56967	81920	69.54	100	72	True	353.79
gr24_F4IIM1.yaml	2150	2150	0	0	1	73.911	56967	81920	69.54	100	73	True	353.79
gr24_F4IIM1.yaml	2150	2150	0	0	1	74.443	56967	81920	69.54	100	73	True	353.79
gr24_F4IIM1.yaml	2150	2150	0	0	1	74.976	56967	81920	69.54	100	73	True	353.79
gr24_F4IIM1.yaml	2150	2150	0	0	1	75.505	56967	81920	69.54	100	73	True	353.79
gr24_F4IIM1.yaml	2150	2150	0	0	1	76.032	56967	81920	69.54	100	73	True	353.79
gr24_F4IIM1.yaml	2150	2150	0	0	1	76.559	56967	81920	69.54	100	73	True	353.79
gr24_F4IIM1.yaml	2150	2150	0	0	1	77.088	56967	81920	69.54	100	73	True	353.79
gr24_F4IIM1.yaml	2150	2150	0	0	1	77.613	56967	81920	69.54	100	73	True	353.79
gr24_F4IIM1.yaml	2150	2150	0	0	1	78.138	56967	81920	69.54	100	73	True	353.79
gr24_F4IIM1.yaml	2150	2150	0	0	1	78.664	56967	81920	69.54	100	73	True	353.79
gr24_F4IIM1.yaml	2150	2150	0	0	1	79.191	56967	81920	69.54	100	73	True	353.79
gr24_F4IIM1.yaml	2150	2150	0	0	1	79.718	56967	81920	69.54	100	73	True	353.79
gr24_F4IIM1.yaml	2150	2150	0	0	1	80.26	56967	81920	69.54	100	73	True	353.79
gr24_F4IIM1.yaml	2150	2150	0	0	1	80.781	56967	81920	69.54	100	74	True	353.79
gr24_F4IIM1.yaml	2150	2150	0	0	1	81.303	56967	81920	69.54	100	73	True	353.79
gr24_F4IIM1.yaml	2150	2150	0	0	1	81.832	56967	81920	69.54	100	73	True	353.79
gr24_F4IIM1.yaml	2150	2150	0	0	1	82.359	56967	81920	69.54	100	73	True	353.79
gr24_F4IIM1.yaml	2150	2150	0	0	1	82.892	56967	81920	69.54	100	73	True	353.79
gr24_F4IIM1.yaml	2150	2150	0	0	1	83.422	56967	81920	69.54	100	73	True	353.79
gr24_F4IIM1.yaml	2150	2150	0	0	1	83.947	56967	81920	69.54	100	74	True	353.79
gr24_F4IIM1.yaml	2150	2150	0	0	1	84.47	56967	81920	69.54	100	73	True	353.79
gr24_F4IIM1.yaml	2150	2150	0	0	1	84.996	56967	81920	69.54	100	73	True	353.79
gr24_F4IIM1.yaml	2150	2150	0	0	1	85.517	56967	81920	69.54	100	73	True	353.79
gr24_F4IIM1.yaml	2150	2150	0	0	1	86.036	56967	81920	69.54	100	73	True	353.79
gr24_F4IIM1.yaml	2150	2150	0	0	1	86.559	56967	81920	69.54	100	74	True	353.79
gr24_F4IIM1.yaml	2150	2150	0	0	1	87.08	56967	81920	69.54	100	74	True	353.79
gr24_F4IIM1.yaml	2150	2150	0	0	1	87.603	56967	81920	69.54	100	73	True	353.79
gr24_F4IIM1.yaml	2150	2150	0	0	1	88.125	56967	81920	69.54	100	74	True	353.79
gr24_F4IIM1.yaml	2150	2150	0	0	1	88.644	56967	81920	69.54	100	73	True	353.79
gr24_F4IIM1.yaml	2150	2150	0	0	1	89.168	56967	81920	69.54	100	74	True	353.79
gr24_F4IIM1.yaml	2150	2150	0	0	1	89.69	56967	81920	69.54	100	74	True	353.79
gr24_F4IIM1.yaml	2150	2150	0	0	1	90.21	56967	81920	69.54	100	73	True	353.79
gr24_F4IIM1.yaml	2150	2150	0	0	1	90.731	56967	81920	69.54	100	73	True	353.79
gr24_F4IIM1.yaml	2150	2150	0	0	1	91.255	56967	81920	69.54	100	74	True	353.79
gr24_F4IIM1.yaml	2150	2150	0	0	1	91.777	56967	81920	69.54	100	74	True	353.79
gr24_F4IIM1.yaml	2150	2150	0	0	1	92.3	56967	81920	69.54	100	74	True	353.79
gr24_F4IIM1.yaml	2150	2150	0	0	1	92.826	56967	81920	69.54	100	73	True	353.79
gr24_F4IIM1.yaml	2150	2150	0	0	1	93.353	56967	81920	69.54	100	73	True	353.79
gr24_F4IIM1.yaml	2150	2150	0	0	1	93.879	56967	81920	69.54	100	73	True	353.79
gr24_F4IIM1.yaml	2150	2150	0	0	1	94.407	56967	81920	69.54	100	74	True	353.79
gr24_F4IIM1.yaml	2150	2150	0	0	1	94.938	56967	81920	69.54	100	74	True	353.79
gr24_F4IIM1.yaml	2150	2150	0	0	1	95.47	56967	81920	69.54	100	75	True	353.79
gr24_F4IIM1.yaml	2150	2150	0	0	1	96.001	56967	81920	69.54	100	74	True	353.79
gr24_F4IIM1.yaml	2150	2150	0	0	1	96.533	56967	81920	69.54	100	73	True	353.79
gr24_F4IIM1.yaml	2150	2150	0	0	1	97.055	56967	81920	69.54	100	74	True	353.79
gr24_F4IIM1.yaml	2150	2150	0	0	1	97.579	56967	81920	69.54	100	74	True	353.79
gr24_F4IIM1.yaml	2150	2150	0	0	1	98.104	56967	81920	69.54	100	74	True	353.79
gr24_F4IIM1.yaml	2150	2150	0	0	1	98.643	56967	81920	69.54	100	74	True	353.79
gr24_F4IIM1.yaml	2150	2150	0	0	1	99.178	56967	81920	69.54	100	74	True	353.79
gr24_F4IIM1.yaml	2150	2150	0	0	1	99.702	56967	81920	69.54	100	74	True	353.79
gr24_F4IIM1.yaml	2150	2150	0	0	1	100.229	56967	81920	69.54	100	74	True	353.79
gr24_F4IIM1.yaml	2150	2150	0	0	1	100.761	56967	81920	69.54	100	74	True	353.79
gr24_F4IIM1.yaml	2150	2150	0	0	1	101.289	56967	81920	69.54	100	74	True	353.79
gr24_F4IIM1.yaml	2150	2150	0	0	1	101.828	56967	81920	69.54	100	74	True	353.79
gr24_F4IIM1.yaml	2150	2150	0	0	1	102.363	56967	81920	69.54	100	74	True	353.79
gr24_F4IIM1.yaml	2150	2150	0	0	1	102.885	56967	81920	69.54	100	74	True	353.79
gr24_F4IIM1.yaml	2150	2150	0	0	1	103.407	56967	81920	69.54	100	74	True	353.79
gr24_F4IIM1.yaml	2150	2150	0	0	1	103.935	56967	81920	69.54	100	74	True	353.79
gr24_F4IIM1.yaml	2150	2150	0	0	1	104.462	56967	81920	69.54	100	74	True	353.79
gr24_F4IIM1.yaml	2150	2150	0	0	1	104.991	56967	81920	69.54	100	74	True	353.79
gr24_F4IIM1.yaml	2150	2150	0	0	1	105.525	56967	81920	69.54	100	74	True	353.79
gr24_F4IIM1.yaml	2150	2150	0	0	1	106.059	56967	81920	69.54	100	74	True	353.79
gr24_F4IIM1.yaml	2150	2150	0	0	1	106.59	56967	81920	69.54	100	74	True	353.79
gr24_F4IIM1.yaml	2150	2150	0	0	1	107.125	56967	81920	69.54	100	74	True	353.79
gr24_F4IIM1.yaml	2150	2150	0	0	1	107.657	56967	81920	69.54	100	74	True	353.79
gr24_F4IIM1.yaml	2150	2150	0	0	1	108.186	56967	81920	69.54	100	73	True	353.79
gr24_F4IIM1.yaml	2150	2150	0	0	1	108.717	56967	81920	69.54	100	74	True	353.79
gr24_F4IIM1.yaml	2150	2150	0	0	1	109.249	56967	81920	69.54	100	73	True	353.79
gr24_F4IIM1.yaml	2150	2150	0	0	1	109.779	56967	81920	69.54	100	74	True	353.79
gr24_F4IIM1.yaml	2150	2150	0	0	1	110.311	56967	81920	69.54	100	74	True	353.79
gr24_F4IIM1.yaml	2150	2150	0	0	1	110.842	56967	81920	69.54	100	74	True	353.79
gr24_F4IIM1.yaml	2150	2150	0	0	1	111.373	56967	81920	69.54	100	74	True	353.79
gr24_F4IIM1.yaml	2150	2150	0	0	1	111.902	56967	81920	69.54	100	74	True	353.79
gr24_F4IIM1.yaml	2150	2150	0	0	1	112.433	56967	81920	69.54	100	74	True	353.79
gr24_F4IIM1.yaml	2150	2150	0	0	1	112.953	56967	81920	69.54	100	74	True	353.79
gr24_F4IIM1.yaml	2150	2150	0	0	1	113.478	56967	81920	69.54	100	74	True	353.79
gr24_F4IIM1.yaml	2150	2150	0	0	1	114.004	56967	81920	69.54	100	74	True	353.79
gr24_F4IIM1.yaml	2150	2150	0	0	1	114.529	56967	81920	69.54	100	74	True	353.79
gr24_F4IIM1.yaml	2150	2150	0	0	1	115.055	56967	81920	69.54	100	74	True	353.79
gr24_F4IIM1.yaml	2150	2150	0	0	1	115.586	56967	81920	69.54	100	74	True	353.79
gr24_F4IIM1.yaml	2150	2150	0	0	1	116.108	56967	81920	69.54	100	74	True	353.79
gr24_F4IIM1.yaml	2150	2150	0	0	1	116.632	56967	81920	69.54	100	74	True	353.79
gr24_F4IIM1.yaml	2150	2150	0	0	1	117.153	56967	81920	69.54	100	74	True	353.79
gr24_F4IIM1.yaml	2150	2150	0	0	1	117.683	56967	81920	69.54	100	74	True	353.79
gr24_F4IIM1.yaml	2150	2150	0	0	1	118.215	56967	81920	69.54	100	74	True	353.79
gr24_F4IIM1.yaml	2150	2150	0	0	1	118.739	56967	81920	69.54	100	74	True	353.79
gr24_F4IIM1.yaml	2150	2150	0	0	1	119.271	56967	81920	69.54	100	74	True	353.79
gr24_F4IIM1.yaml	2150	2150	0	0	1	119.802	56967	81920	69.54	100	74	True	353.79
gr24_F4IIM1.yaml	2150	2150	0	0	1	120.331	56967	81920	69.54	100	75	True	353.79
gr24_F4IIM1.yaml	2150	2150	0	0	1	120.86	56967	81920	69.54	100	74	True	353.79
gr24_F4IIM1.yaml	2150	2150	0	0	1	121.39	56967	81920	69.54	100	74	True	353.79
gr24_F4IIM1.yaml	2150	2150	0	0	1	121.922	56967	81920	69.54	100	74	True	353.79
gr24_F4IIM1.yaml	2150	2150	0	0	1	122.447	56967	81920	69.54	100	74	True	353.79
gr24_F4IIM1.yaml	2150	2150	0	0	1	122.969	56967	81920	69.54	100	75	True	353.79
gr24_F4IIM1.yaml	2150	2150	0	0	1	123.493	56967	81920	69.54	100	74	True	353.79
gr24_F4IIM1.yaml	2150	2150	0	0	1	124.025	56967	81920	69.54	100	74	True	353.79
gr24_F4IIM1.yaml	2150	2150	0	0	1	124.556	56967	81920	69.54	100	74	True	353.79
gr24_F4IIM1.yaml	2150	2150	0	0	1	125.086	56967	81920	69.54	100	74	True	353.79
gr24_F4IIM1.yaml	2150	2150	0	0	1	125.617	56967	81920	69.54	100	75	True	353.79
gr24_F4IIM1.yaml	2150	2150	0	0	1	126.14	56967	81920	69.54	100	74	True	353.79
gr24_F4IIM1.yaml	2150	2150	0	0	1	126.665	56967	81920	69.54	100	74	True	353.79
gr24_F4IIM1.yaml	2150	2150	0	0	1	127.19	56967	81920	69.54	100	74	True	353.79
gr24_F4IIM1.yaml	2150	2150	0	0	1	127.72	56967	81920	69.54	100	74	True	353.79
gr24_F4IIM1.yaml	2150	2150	0	0	1	128.249	56967	81920	69.54	100	74	True	353.79
gr24_F4IIM1.yaml	2150	2150	0	0	1	128.782	56967	81920	69.54	100	75	True	353.79
gr24_F4IIM1.yaml	2150	2150	0	0	1	129.304	56967	81920	69.54	100	75	True	353.79
gr24_F4IIM1.yaml	2150	2150	0	0	1	129.826	56967	81920	69.54	100	75	True	353.79
gr24_F4IIM1.yaml	2150	2150	0	0	1	130.356	56967	81920	69.54	100	74	True	353.79
gr24_F4IIM1.yaml	2150	2150	0	0	1	130.907	56967	81920	69.54	100	74	True	353.79
gr24_F4IIM1.yaml	2150	2150	0	0	1	131.436	56967	81920	69.54	100	74	True	353.79
gr24_F4IIM1.yaml	2150	2150	0	0	1	131.963	56967	81920	69.54	100	75	True	353.79
gr24_F4IIM1.yaml	2150	2150	0	0	1	132.495	56967	81920	69.54	100	75	True	353.79
gr24_F4IIM1.yaml	2150	2150	0	0	1	133.023	56967	81920	69.54	100	74	True	353.79
gr24_F4IIM1.yaml	2150	2150	0	0	1	133.553	56967	81920	69.54	100	75	True	353.79
gr24_F4IIM1.yaml	2150	2150	0	0	1	134.087	56967	81920	69.54	100	75	True	353.79
gr24_F4IIM1.yaml	2150	2150	0	0	1	134.621	56967	81920	69.54	100	74	True	353.79
gr24_F4IIM1.yaml	2150	2150	0	0	1	135.152	56967	81920	69.54	100	75	True	353.79
gr24_F4IIM1.yaml	2150	2150	0	0	1	135.674	56967	81920	69.54	100	74	True	353.79
gr24_F4IIM1.yaml	2150	2150	0	0	1	136.193	56967	81920	69.54	100	75	True	353.79
gr24_F4IIM1.yaml	2150	2150	0	0	1	136.722	56967	81920	69.54	100	75	True	353.79
gr24_F4IIM1.yaml	2150	2150	0	0	1	137.247	56967	81920	69.54	100	75	True	353.79
gr24_F4IIM1.yaml	2150	2150	0	0	1	137.778	56967	81920	69.54	100	75	True	353.79
gr24_F4IIM1.yaml	2150	2150	0	0	1	138.304	56967	81920	69.54	100	74	True	353.79
gr24_F4IIM1.yaml	2150	2150	0	0	1	138.827	56967	81920	69.54	100	74	True	353.79
gr24_F4IIM1.yaml	2150	2150	0	0	1	139.347	56967	81920	69.54	100	75	True	353.79
gr24_F4IIM1.yaml	2150	2150	0	0	1	139.868	56967	81920	69.54	100	75	True	353.79
gr24_F4IIM1.yaml	2150	2150	0	0	1	140.39	56967	81920	69.54	100	74	True	353.79
gr24_F4IIM1.yaml	2150	2150	0	0	1	140.92	56967	81920	69.54	100	75	True	353.79
gr24_F4IIM1.yaml	2150	2150	0	0	1	141.45	56967	81920	69.54	100	75	True	353.79
gr24_F4IIM1.yaml	2150	2150	0	0	1	141.982	56967	81920	69.54	100	74	True	353.79
gr24_F4IIM1.yaml	2150	2150	0	0	1	142.514	56967	81920	69.54	100	75	True	353.79
gr24_F4IIM1.yaml	2150	2150	0	0	1	143.043	56967	81920	69.54	100	75	True	353.79
gr24_F4IIM1.yaml	2150	2150	0	0	1	143.573	56967	81920	69.54	100	75	True	353.79
gr24_F4IIM1.yaml	2150	2150	0	0	1	144.103	56967	81920	69.54	100	74	True	353.79
gr24_F4IIM1.yaml	2150	2150	0	0	1	144.636	56967	81920	69.54	100	75	True	353.79
gr24_F4IIM1.yaml	2150	2150	0	0	1	145.179	56967	81920	69.54	100	75	True	353.79
gr24_F4IIM1.yaml	2150	2150	0	0	1	145.71	56967	81920	69.54	100	75	True	353.79
gr24_F4IIM1.yaml	2150	2150	0	0	1	146.241	56967	81920	69.54	100	75	True	353.79
gr24_F4IIM1.yaml	2150	2150	0	0	1	146.771	56967	81920	69.54	100	75	True	353.79
gr24_F4IIM1.yaml	2150	2150	0	0	1	147.304	56967	81920	69.54	100	75	True	353.79
gr24_F4IIM1.yaml	2150	2150	0	0	1	147.843	56967	81920	69.54	100	74	True	353.79
gr24_F4IIM1.yaml	2150	2150	0	0	1	148.373	56967	81920	69.54	100	75	True	353.79
gr24_F4IIM1.yaml	2150	2150	0	0	1	148.903	56967	81920	69.54	100	75	True	353.79
gr24_F4IIM1.yaml	2150	2150	0	0	1	149.431	56967	81920	69.54	100	75	True	353.79
gr24_F4IIM1.yaml	2150	2150	0	0	1	149.962	56967	81920	69.54	100	75	True	353.79
gr24_F4IIM1.yaml	2150	2150	0	0	1	150.493	56967	81920	69.54	100	75	True	353.79
gr24_F4IIM1.yaml	2150	2150	0	0	1	151.021	56967	81920	69.54	100	74	True	353.79
gr24_F4IIM1.yaml	2150	2150	0	0	1	151.554	56967	81920	69.54	100	75	True	353.79
gr24_F4IIM1.yaml	2150	2150	0	0	1	152.138	56967	81920	69.54	100	75	True	353.79
gr24_F4IIM1.yaml	2150	2150	0	0	1	152.667	56967	81920	69.54	100	74	True	353.79
gr24_F4IIM1.yaml	2150	2150	0	0	1	153.194	56967	81920	69.54	100	75	True	353.79
gr24_F4IIM1.yaml	2150	2150	0	0	1	153.723	56967	81920	69.54	100	75	True	353.79
gr24_F4IIM1.yaml	2150	2150	0	0	1	154.254	56967	81920	69.54	100	74	True	353.79
gr24_F4IIM1.yaml	2150	2150	0	0	1	154.784	56967	81920	69.54	100	74	True	353.79
gr24_F4IIM1.yaml	2150	2150	0	0	1	155.324	56967	81920	69.54	100	75	True	353.79
gr24_F4IIM1.yaml	2150	2150	0	0	1	155.858	56967	81920	69.54	100	74	True	353.79
gr24_F4IIM1.yaml	2150	2150	0	0	1	156.384	56967	81920	69.54	100	75	True	353.79
gr24_F4IIM1.yaml	2150	2150	0	0	1	156.916	56967	81920	69.54	100	75	True	353.79
gr24_F4IIM1.yaml	2150	2150	0	0	1	157.446	56967	81920	69.54	100	74	True	353.79
gr24_F4IIM1.yaml	2150	2150	0	0	1	157.975	56967	81920	69.54	100	75	True	353.79
gr24_F4IIM1.yaml	2150	2150	0	0	1	158.511	56967	81920	69.54	100	75	True	353.79
gr24_F4IIM1.yaml	2150	2150	0	0	1	159.033	56967	81920	69.54	100	74	True	353.79
gr24_F4IIM1.yaml	2150	2150	0	0	1	159.557	56967	81920	69.54	100	75	True	353.79
gr24_F4IIM1.yaml	2150	2150	0	0	1	160.087	56967	81920	69.54	100	75	True	353.79
gr24_F4IIM1.yaml	2150	2150	0	0	1	160.609	56967	81920	69.54	100	75	True	353.79
gr24_F4IIM1.yaml	2150	2150	0	0	1	161.14	56967	81920	69.54	100	74	True	353.79
gr24_F4IIM1.yaml	2150	2150	0	0	1	161.683	56967	81920	69.54	100	75	True	353.79
gr24_F4IIM1.yaml	2150	2150	0	0	1	162.205	56967	81920	69.54	100	75	True	353.79
gr24_F4IIM1.yaml	2150	2150	0	0	1	162.727	56967	81920	69.54	100	75	True	353.79
gr24_F4IIM1.yaml	2150	2150	0	0	1	163.26	56967	81920	69.54	100	74	True	353.79
gr24_F4IIM1.yaml	2150	2150	0	0	1	163.797	56967	81920	69.54	100	75	True	353.79
gr24_F4IIM1.yaml	2150	2150	0	0	1	164.327	56967	81920	69.54	100	75	True	353.79
gr24_F4IIM1.yaml	2150	2150	0	0	1	164.864	56967	81920	69.54	100	75	True	353.79
gr24_F4IIM1.yaml	2150	2150	0	0	1	165.385	56967	81920	69.54	100	75	True	353.79
gr24_F4IIM1.yaml	2150	2150	0	0	1	165.906	56967	81920	69.54	100	75	True	353.79
gr24_F4IIM1.yaml	2150	2150	0	0	1	166.431	56967	81920	69.54	100	74	True	353.79
gr24_F4IIM1.yaml	2150	2150	0	0	1	166.956	56967	81920	69.54	100	74	True	353.79
gr24_F4IIM1.yaml	2150	2150	0	0	1	167.486	56967	81920	69.54	100	74	True	353.79
gr24_F4IIM1.yaml	2150	2150	0	0	1	168.023	56967	81920	69.54	100	75	True	353.79
gr24_F4IIM1.yaml	2150	2150	0	0	1	168.548	56967	81920	69.54	100	75	True	353.79
gr24_F4IIM1.yaml	2150	2150	0	0	1	169.084	56967	81920	69.54	100	75	True	353.79
gr24_F4IIM1.yaml	2150	2150	0	0	1	169.614	56967	81920	69.54	100	74	True	353.79
gr24_F4IIM1.yaml	2150	2150	0	0	1	170.144	56967	81920	69.54	100	74	True	353.79
gr24_F4IIM1.yaml	2150	2150	0	0	1	170.676	56967	81920	69.54	100	75	True	353.79
gr24_F4IIM1.yaml	2150	2150	0	0	1	171.2	56967	81920	69.54	100	75	True	353.79
gr24_F4IIM1.yaml	2150	2150	0	0	1	171.731	56967	81920	69.54	100	75	True	353.79
gr24_F4IIM1.yaml	2150	2150	0	0	1	172.262	56967	81920	69.54	100	75	True	353.79
gr24_F4IIM1.yaml	2150	2150	0	0	1	172.792	56967	81920	69.54	100	74	True	353.79
gr24_F4IIM1.yaml	2150	2150	0	0	1	173.321	56967	81920	69.54	100	74	True	353.79
gr24_F4IIM1.yaml	2150	2150	0	0	1	173.852	56967	81920	69.54	100	75	True	353.79
gr24_F4IIM1.yaml	2150	2150	0	0	1	174.374	56967	81920	69.54	100	75	True	353.79
gr24_F4IIM1.yaml	2150	2150	0	0	1	174.9	56967	81920	69.54	100	75	True	353.79
gr24_F4IIM1.yaml	2150	2150	0	0	1	175.424	56967	81920	69.54	100	74	True	353.79
gr24_F4IIM1.yaml	2150	2150	0	0	1	175.957	56967	81920	69.54	100	75	True	353.79
gr24_F4IIM1.yaml	2150	2150	0	0	1	176.489	56967	81920	69.54	100	74	True	353.79
gr24_F4IIM1.yaml	2150	2150	0	0	1	177.018	56967	81920	69.54	100	75	True	353.79
gr24_F4IIM1.yaml	2150	2150	0	0	1	177.551	56967	81920	69.54	100	74	True	353.79
gr24_F4IIM1.yaml	2150	2150	0	0	1	178.088	56967	81920	69.54	100	75	True	353.79
gr24_F4IIM1.yaml	2150	2150	0	0	1	178.612	56967	81920	69.54	100	75	True	353.79
gr24_F4IIM1.yaml	2150	2150	0	0	1	179.132	56967	81920	69.54	100	75	True	353.79
gr24_F4IIM1.yaml	2150	2150	0	0	1	179.655	56967	81920	69.54	100	75	True	353.79
gr24_F4IIM1.yaml	2150	2150	0	0	1	180.177	56967	81920	69.54	100	75	True	353.79
gr24_F4IIM1.yaml	2150	2150	0	0	1	180.704	56967	81920	69.54	100	74	True	353.79
gr24_F4IIM1.yaml	2150	2150	0	0	1	181.236	56967	81920	69.54	100	75	True	353.79
gr24_F4IIM1.yaml	2150	2150	0	0	1	181.768	56967	81920	69.54	100	74	True	353.79
gr24_F4IIM1.yaml	2150	2150	0	0	1	182.297	56967	81920	69.54	100	75	True	353.79
gr24_F4IIM1.yaml	2150	2150	0	0	1	182.824	56967	81920	69.54	100	75	True	353.79
gr24_F4IIM1.yaml	2150	2150	0	0	1	183.355	56967	81920	69.54	100	75	True	353.79
gr24_F4IIM1.yaml	2150	2150	0	0	1	183.886	56967	81920	69.54	100	74	True	353.79
gr24_F4IIM1.yaml	2150	2150	0	0	1	184.417	56967	81920	69.54	100	75	True	353.79
gr24_F4IIM1.yaml	2150	2150	0	0	1	184.948	56967	81920	69.54	100	75	True	353.79
gr24_F4IIM1.yaml	2150	2150	0	0	1	185.477	56967	81920	69.54	100	75	True	353.79
gr24_F4IIM1.yaml	2150	2150	0	0	1	186.011	56967	81920	69.54	100	75	True	353.79
gr24_F4IIM1.yaml	2150	2150	0	0	1	186.548	56967	81920	69.54	100	75	True	353.79
gr24_F4IIM1.yaml	2150	2150	0	0	1	187.078	56967	81920	69.54	100	75	True	353.79
gr24_F4IIM1.yaml	2150	2150	0	0	1	187.607	56967	81920	69.54	100	75	True	353.79
gr24_F4IIM1.yaml	2150	2150	0	0	1	188.136	56967	81920	69.54	100	75	True	353.79
gr24_F4IIM1.yaml	2150	2150	0	0	1	188.665	56967	81920	69.54	100	75	True	353.79
gr24_F4IIM1.yaml	2150	2150	0	0	1	189.198	56967	81920	69.54	100	75	True	353.79
gr24_F4IIM1.yaml	2150	2150	0	0	1	189.729	56967	81920	69.54	100	74	True	353.79
gr24_F4IIM1.yaml	2150	2150	0	0	1	190.257	56967	81920	69.54	100	75	True	353.79
gr24_F4IIM1.yaml	2150	2150	0	0	1	190.779	56967	81920	69.54	100	75	True	353.79
gr24_F4IIM1.yaml	2150	2150	0	0	1	191.317	56967	81920	69.54	100	76	True	353.79
gr24_F4IIM1.yaml	2150	2150	0	0	1	191.848	56967	81920	69.54	100	75	True	353.79
gr24_F4IIM1.yaml	2150	2150	0	0	1	192.377	56967	81920	69.54	100	74	True	353.79
gr24_F4IIM1.yaml	2150	2150	0	0	1	192.907	56967	81920	69.54	100	75	True	353.79
gr24_F4IIM1.yaml	2150	2150	0	0	1	193.44	56967	81920	69.54	100	75	True	353.79
gr24_F4IIM1.yaml	2150	2150	0	0	1	193.965	56967	81920	69.54	100	75	True	353.79
gr24_F4IIM1.yaml	2150	2150	0	0	1	194.487	56967	81920	69.54	100	74	True	353.79
gr24_F4IIM1.yaml	2150	2150	0	0	1	195.02	56967	81920	69.54	100	75	True	353.79
gr24_F4IIM1.yaml	2150	2150	0	0	1	195.55	56967	81920	69.54	100	74	True	353.79
gr24_F4IIM1.yaml	2150	2150	0	0	1	196.08	56967	81920	69.54	100	75	True	353.79
gr24_F4IIM1.yaml	2150	2150	0	0	1	196.61	56967	81920	69.54	100	75	True	353.79
gr24_F4IIM1.yaml	2150	2150	0	0	1	197.133	56967	81920	69.54	100	75	True	353.79
gr24_F4IIM1.yaml	2150	2150	0	0	1	197.655	56967	81920	69.54	100	75	True	353.79
gr24_F4IIM1.yaml	2150	2150	0	0	1	198.178	56967	81920	69.54	100	75	True	353.79
gr24_F4IIM1.yaml	2150	2150	0	0	1	198.709	56967	81920	69.54	100	75	True	353.79
gr24_F4IIM1.yaml	2150	2150	0	0	1	199.237	56967	81920	69.54	100	75	True	353.79
gr24_F4IIM1.yaml	2150	2150	0	0	1	199.767	56967	81920	69.54	100	75	True	353.79
gr24_F4IIM1.yaml	2150	2150	0	0	1	200.298	56967	81920	69.54	100	75	True	353.79
gr24_F4IIM1.yaml	2150	2150	0	0	1	200.825	56967	81920	69.54	100	75	True	353.79
gr24_F4IIM1.yaml	2150	2150	0	0	1	201.361	56967	81920	69.54	100	75	True	353.79
gr24_F4IIM1.yaml	2150	2150	0	0	1	201.893	56967	81920	69.54	100	75	True	353.79
gr24_F4IIM1.yaml	2150	2150	0	0	1	202.422	56967	81920	69.54	100	75	True	353.79
gr24_F4IIM1.yaml	2150	2150	0	0	1	202.95	56967	81920	69.54	100	74	True	353.79
gr24_F4IIM1.yaml	2150	2150	0	0	1	203.489	56967	81920	69.54	100	75	True	353.79
gr24_F4IIM1.yaml	2150	2150	0	0	1	204.015	56967	81920	69.54	100	75	True	353.79
gr24_F4IIM1.yaml	2150	2150	0	0	1	204.551	56967	81920	69.54	100	74	True	353.79
gr24_F4IIM1.yaml	2150	2150	0	0	1	205.079	56967	81920	69.54	100	74	True	353.79
gr24_F4IIM1.yaml	2150	2150	0	0	1	205.611	56967	81920	69.54	100	75	True	353.79
gr24_F4IIM1.yaml	2150	2150	0	0	1	206.138	56967	81920	69.54	100	75	True	353.79
gr24_F4IIM1.yaml	2150	2150	0	0	1	206.669	56967	81920	69.54	100	75	True	353.79
gr24_F4IIM1.yaml	2150	2150	0	0	1	207.21	56967	81920	69.54	100	75	True	353.79
gr24_F4IIM1.yaml	2150	2150	0	0	1	207.74	56967	81920	69.54	100	74	True	353.79
gr24_F4IIM1.yaml	2150	2150	0	0	1	208.269	56967	81920	69.54	100	74	True	353.79
gr24_F4IIM1.yaml	2150	2150	0	0	1	208.796	56967	81920	69.54	100	75	True	353.79
gr24_F4IIM1.yaml	2150	2150	0	0	1	209.325	56967	81920	69.54	100	75	True	353.79
gr24_F4IIM1.yaml	2150	2150	0	0	1	209.856	56967	81920	69.54	100	74	True	353.79
gr24_F4IIM1.yaml	2150	2150	0	0	1	210.394	56967	81920	69.54	100	75	True	353.79
gr24_F4IIM1.yaml	2150	2150	0	0	1	210.924	56967	81920	69.54	100	75	True	353.79
gr24_F4IIM1.yaml	2150	2150	0	0	1	211.458	56967	81920	69.54	100	75	True	353.79
gr24_F4IIM1.yaml	2150	2150	0	0	1	211.986	56967	81920	69.54	100	75	True	353.79
gr24_F4IIM1.yaml	2150	2150	0	0	1	212.52	56967	81920	69.54	100	75	True	353.79
gr24_F4IIM1.yaml	2150	2150	0	0	1	213.055	56967	81920	69.54	100	75	True	353.79
gr24_F4IIM1.yaml	2150	2150	0	0	1	213.585	56967	81920	69.54	100	74	True	353.79
gr24_F4IIM1.yaml	2150	2150	0	0	1	214.119	56967	81920	69.54	100	75	True	353.79
gr24_F4IIM1.yaml	2150	2150	0	0	1	214.653	56967	81920	69.54	100	75	True	353.79
gr24_F4IIM1.yaml	2150	2150	0	0	1	215.186	56967	81920	69.54	100	75	True	353.79
gr24_F4IIM1.yaml	2150	2150	0	0	1	215.716	56967	81920	69.54	100	75	True	353.79
gr24_F4IIM1.yaml	2150	2150	0	0	1	216.244	56967	81920	69.54	100	74	True	353.79
gr24_F4IIM1.yaml	2150	2150	0	0	1	216.773	56967	81920	69.54	100	75	True	353.79
gr24_F4IIM1.yaml	2150	2150	0	0	1	217.305	56967	81920	69.54	100	75	True	353.79
gr24_F4IIM1.yaml	2150	2150	0	0	1	217.836	56967	81920	69.54	100	75	True	353.79
gr24_F4IIM1.yaml	2150	2150	0	0	1	218.371	56967	81920	69.54	100	75	True	353.79
gr24_F4IIM1.yaml	2150	2150	0	0	1	218.901	56967	81920	69.54	100	75	True	353.79
gr24_F4IIM1.yaml	2150	2150	0	0	1	219.43	56967	81920	69.54	100	75	True	353.79
gr24_F4IIM1.yaml	2150	2150	0	0	1	219.962	56967	81920	69.54	100	75	True	353.79
gr24_F4IIM1.yaml	2150	2150	0	0	1	220.496	56967	81920	69.54	100	75	True	353.79
gr24_F4IIM1.yaml	2150	2150	0	0	1	221.023	56967	81920	69.54	100	75	True	353.79
gr24_F4IIM1.yaml	2150	2150	0	0	1	221.553	56967	81920	69.54	100	75	True	353.79
gr24_F4IIM1.yaml	2150	2150	0	0	1	222.092	56967	81920	69.54	100	75	True	353.79
gr24_F4IIM1.yaml	2150	2150	0	0	1	222.63	56967	81920	69.54	100	75	True	353.79
gr24_F4IIM1.yaml	2150	2150	0	0	1	223.157	56967	81920	69.54	100	75	True	353.79
gr24_F4IIM1.yaml	2150	2150	0	0	1	223.68	56967	81920	69.54	100	75	True	353.79
gr24_F4IIM1.yaml	2150	2150	0	0	1	224.206	56967	81920	69.54	100	75	True	353.79
gr24_F4IIM1.yaml	2150	2150	0	0	1	224.736	56967	81920	69.54	100	75	True	353.79
gr24_F4IIM1.yaml	2150	2150	0	0	1	225.267	56967	81920	69.54	100	75	True	353.79
gr24_F4IIM1.yaml	2150	2150	0	0	1	225.796	56967	81920	69.54	100	75	True	353.79
gr24_F4IIM1.yaml	2150	2150	0	0	1	226.327	56967	81920	69.54	100	75	True	353.79
gr24_F4IIM1.yaml	2150	2150	0	0	1	226.857	56967	81920	69.54	100	75	True	353.79
gr24_F4IIM1.yaml	2150	2150	0	0	1	227.39	56967	81920	69.54	100	75	True	353.79
gr24_F4IIM1.yaml	2150	2150	0	0	1	227.918	56967	81920	69.54	100	75	True	353.79
gr24_F4IIM1.yaml	2150	2150	0	0	1	228.447	56967	81920	69.54	100	75	True	353.79
gr24_F4IIM1.yaml	2150	2150	0	0	1	228.978	56967	81920	69.54	100	75	True	353.79
gr24_F4IIM1.yaml	2150	2150	0	0	1	229.506	56967	81920	69.54	100	75	True	353.79
gr24_F4IIM1.yaml	2150	2150	0	0	1	230.038	56967	81920	69.54	100	75	True	353.79
gr24_F4IIM1.yaml	2150	2150	0	0	1	230.57	56967	81920	69.54	100	75	True	353.79
gr24_F4IIM1.yaml	2150	2150	0	0	1	231.1	56967	81920	69.54	100	75	True	353.79
gr24_F4IIM1.yaml	2150	2150	0	0	1	231.632	56967	81920	69.54	100	75	True	353.79
gr24_F4IIM1.yaml	2150	2150	0	0	1	232.163	56967	81920	69.54	100	75	True	353.79
gr24_F4IIM1.yaml	2150	2150	0	0	1	232.691	56967	81920	69.54	100	75	True	353.79
gr24_F4IIM1.yaml	2150	2150	0	0	1	233.221	56967	81920	69.54	100	75	True	353.79
gr24_F4IIM1.yaml	2150	2150	0	0	1	233.752	56967	81920	69.54	100	75	True	353.79
gr24_F4IIM1.yaml	2150	2150	0	0	1	234.281	56967	81920	69.54	100	76	True	353.79
gr24_F4IIM1.yaml	2150	2150	0	0	1	234.812	56969	81920	69.54	100	74	True	353.79
gr24_F4IIM1.yaml	2150	2150	0	0	1	235.345	63917	81920	78.02	86	72	True	353.79
gr24_F4IIM1.yaml	2150	2150	0	0	1	235.874	63917	81920	78.02	99	74	True	353.79
gr24_F4IIM1.yaml	2150	2150	0	0	1	236.406	63917	81920	78.02	100	74	True	353.79
gr24_F4IIM1.yaml	2150	2150	0	0	1	236.934	63917	81920	78.02	99	75	True	353.79
gr24_F4IIM1.yaml	2150	2150	0	0	1	237.466	63917	81920	78.02	99	75	True	353.79
gr24_F4IIM1.yaml	2150	2150	0	0	1	237.999	63917	81920	78.02	99	75	True	353.79
gr24_F4IIM1.yaml	2150	2150	0	0	1	238.534	63917	81920	78.02	99	76	True	353.79
gr24_F4IIM1.yaml	2150	2150	0	0	1	239.063	63917	81920	78.02	99	76	True	353.79
gr24_F4IIM1.yaml	2150	2150	0	0	1	239.597	63917	81920	78.02	99	75	True	353.79
gr24_F4IIM1.yaml	2150	2150	0	0	1	240.13	63917	81920	78.02	99	75	True	353.79
gr24_F4IIM1.yaml	2150	2150	0	0	1	240.66	63917	81920	78.02	99	76	True	353.79
gr24_F4IIM1.yaml	2150	2150	0	0	1	241.192	63917	81920	78.02	99	76	True	353.79
gr24_F4IIM1.yaml	2150	2150	0	0	1	241.722	63917	81920	78.02	99	76	True	353.79
gr24_F4IIM1.yaml	2150	2150	0	0	1	242.254	63917	81920	78.02	99	76	True	353.79
gr24_F4IIM1.yaml	2150	2150	0	0	1	242.788	63917	81920	78.02	99	76	True	353.79
gr24_F4IIM1.yaml	2150	2150	0	0	1	243.32	63917	81920	78.02	99	76	True	353.79
gr24_F4IIM1.yaml	2150	2150	0	0	1	243.859	63917	81920	78.02	99	76	True	353.79
gr24_F4IIM1.yaml	2150	2150	0	0	1	244.397	63917	81920	78.02	99	76	True	353.79
gr24_F4IIM1.yaml	2150	2150	0	0	1	244.926	63917	81920	78.02	99	76	True	353.79
gr24_F4IIM1.yaml	2150	2150	0	0	1	245.456	63917	81920	78.02	99	76	True	353.79
gr24_F4IIM1.yaml	2150	2150	0	0	1	245.984	63917	81920	78.02	99	76	True	353.79
gr24_F4IIM1.yaml	2150	2150	0	0	1	246.514	63917	81920	78.02	99	76	True	353.79
gr24_F4IIM1.yaml	2150	2150	0	0	1	247.046	63917	81920	78.02	99	76	True	353.79
gr24_F4IIM1.yaml	2150	2150	0	0	1	247.576	63917	81920	78.02	99	76	True	353.79
gr24_F4IIM1.yaml	2150	2150	0	0	1	248.107	63917	81920	78.02	99	76	True	353.79
gr24_F4IIM1.yaml	2150	2150	0	0	1	248.635	63917	81920	78.02	99	76	True	353.79
gr24_F4IIM1.yaml	2150	2150	0	0	1	249.167	63917	81920	78.02	100	76	True	353.79
gr24_F4IIM1.yaml	2150	2150	0	0	1	249.699	63917	81920	78.02	99	75	True	353.79
gr24_F4IIM1.yaml	2150	2150	0	0	1	250.235	63917	81920	78.02	99	76	True	353.79
gr24_F4IIM1.yaml	2150	2150	0	0	1	250.762	63917	81920	78.02	99	76	True	353.79
gr24_F4IIM1.yaml	2150	2150	0	0	1	251.297	63917	81920	78.02	99	76	True	353.79
gr24_F4IIM1.yaml	2150	2150	0	0	1	251.828	63917	81920	78.02	99	76	True	353.79
gr24_F4IIM1.yaml	2150	2150	0	0	1	252.36	63917	81920	78.02	100	76	True	353.79
gr24_F4IIM1.yaml	2150	2150	0	0	1	252.891	63917	81920	78.02	99	76	True	353.79
gr24_F4IIM1.yaml	2150	2150	0	0	1	253.425	63917	81920	78.02	99	76	True	353.79
gr24_F4IIM1.yaml	2150	2150	0	0	1	253.953	63917	81920	78.02	99	76	True	353.79
gr24_F4IIM1.yaml	2150	2150	0	0	1	254.481	63917	81920	78.02	99	76	True	353.79
gr24_F4IIM1.yaml	2150	2150	0	0	1	255.014	63917	81920	78.02	99	76	True	353.79
gr24_F4IIM1.yaml	2150	2150	0	0	1	255.544	63917	81920	78.02	100	76	True	353.79
gr24_F4IIM1.yaml	2150	2150	0	0	1	256.075	63917	81920	78.02	99	76	True	353.79
gr24_F4IIM1.yaml	2150	2150	0	0	1	256.605	63917	81920	78.02	100	75	True	353.79
gr24_F4IIM1.yaml	2150	2150	0	0	1	257.144	63917	81920	78.02	100	76	True	353.79
gr24_F4IIM1.yaml	2150	2150	0	0	1	257.673	63917	81920	78.02	99	76	True	353.79
gr24_F4IIM1.yaml	2150	2150	0	0	1	258.201	63917	81920	78.02	99	76	True	353.79
gr24_F4IIM1.yaml	2150	2150	0	0	1	258.731	63917	81920	78.02	100	76	True	353.79
gr24_F4IIM1.yaml	2150	2150	0	0	1	259.261	63917	81920	78.02	99	76	True	353.79
gr24_F4IIM1.yaml	2150	2150	0	0	1	259.793	63917	81920	78.02	99	76	True	353.79
gr24_F4IIM1.yaml	2150	2150	0	0	1	260.325	63917	81920	78.02	100	76	True	353.79
gr24_F4IIM1.yaml	2150	2150	0	0	1	260.855	63917	81920	78.02	99	76	True	353.79
gr24_F4IIM1.yaml	2150	2150	0	0	1	261.384	63917	81920	78.02	100	76	True	353.79
gr24_F4IIM1.yaml	2150	2150	0	0	1	261.918	63917	81920	78.02	100	76	True	353.79
gr24_F4IIM1.yaml	2150	2150	0	0	1	262.453	63917	81920	78.02	99	76	True	353.79
gr24_F4IIM1.yaml	2150	2150	0	0	1	262.987	63917	81920	78.02	100	76	True	353.79
gr24_F4IIM1.yaml	2150	2150	0	0	1	263.518	63917	81920	78.02	100	76	True	353.79
gr24_F4IIM1.yaml	2150	2150	0	0	1	264.046	63917	81920	78.02	99	76	True	353.79
gr24_F4IIM1.yaml	2150	2150	0	0	1	264.576	63917	81920	78.02	100	76	True	353.79
gr24_F4IIM1.yaml	2150	2150	0	0	1	265.107	63917	81920	78.02	100	76	True	353.79
gr24_F4IIM1.yaml	2150	2150	0	0	1	265.635	63917	81920	78.02	100	76	True	353.79
gr24_F4IIM1.yaml	2150	2150	0	0	1	266.169	63917	81920	78.02	100	76	True	353.79
gr24_F4IIM1.yaml	2150	2150	0	0	1	266.701	63917	81920	78.02	100	76	True	353.79
gr24_F4IIM1.yaml	2150	2150	0	0	1	267.242	63917	81920	78.02	99	75	True	353.79
gr24_F4IIM1.yaml	2150	2150	0	0	1	267.774	63917	81920	78.02	100	75	True	353.79
gr24_F4IIM1.yaml	2150	2150	0	0	1	268.303	63917	81920	78.02	100	75	True	353.79
gr24_F4IIM1.yaml	2150	2150	0	0	1	268.837	63917	81920	78.02	100	75	True	353.79
gr24_F4IIM1.yaml	2150	2150	0	0	1	269.365	63917	81920	78.02	100	75	True	353.79
gr24_F4IIM1.yaml	2150	2150	0	0	1	269.897	63917	81920	78.02	100	75	True	353.79
gr24_F4IIM1.yaml	2150	2150	0	0	1	270.429	63917	81920	78.02	100	76	True	353.79
gr24_F4IIM1.yaml	2150	2150	0	0	1	270.962	63917	81920	78.02	100	75	True	353.79
gr24_F4IIM1.yaml	2150	2150	0	0	1	271.497	63917	81920	78.02	100	75	True	353.79
gr24_F4IIM1.yaml	2150	2150	0	0	1	272.026	63917	81920	78.02	100	75	True	353.79
gr24_F4IIM1.yaml	2150	2150	0	0	1	272.559	63917	81920	78.02	100	75	True	353.79
gr24_F4IIM1.yaml	2150	2150	0	0	1	273.085	63917	81920	78.02	99	75	True	353.79
gr24_F4IIM1.yaml	2150	2150	0	0	1	273.615	63917	81920	78.02	100	75	True	353.79
gr24_F4IIM1.yaml	2150	2150	0	0	1	274.15	63917	81920	78.02	100	75	True	353.79
gr24_F4IIM1.yaml	2150	2150	0	0	1	274.69	63917	81920	78.02	99	75	True	353.79
gr24_F4IIM1.yaml	2150	2150	0	0	1	275.225	63917	81920	78.02	100	75	True	353.79
gr24_F4IIM1.yaml	2150	2150	0	0	1	275.759	63917	81920	78.02	100	75	True	353.79
gr24_F4IIM1.yaml	2150	2150	0	0	1	276.287	63917	81920	78.02	99	75	True	353.79
gr24_F4IIM1.yaml	2150	2150	0	0	1	276.818	63917	81920	78.02	100	75	True	353.79
gr24_F4IIM1.yaml	2150	2150	0	0	1	277.347	63917	81920	78.02	100	75	True	353.79
gr24_F4IIM1.yaml	2150	2150	0	0	1	277.881	63917	81920	78.02	99	75	True	353.79
gr24_F4IIM1.yaml	2150	2150	0	0	1	278.41	63917	81920	78.02	100	75	True	353.79
gr24_F4IIM1.yaml	2150	2150	0	0	1	278.94	63917	81920	78.02	99	75	True	353.79
gr24_F4IIM1.yaml	2150	2150	0	0	1	279.47	63917	81920	78.02	99	75	True	353.79
gr24_F4IIM1.yaml	2150	2150	0	0	1	280.003	63917	81920	78.02	100	75	True	353.79
gr24_F4IIM1.yaml	2150	2150	0	0	1	280.541	63917	81920	78.02	99	75	True	353.79
gr24_F4IIM1.yaml	2150	2150	0	0	1	281.071	63917	81920	78.02	99	75	True	353.79
gr24_F4IIM1.yaml	2150	2150	0	0	1	281.601	63917	81920	78.02	100	75	True	353.79
gr24_F4IIM1.yaml	2150	2150	0	0	1	282.133	63917	81920	78.02	99	75	True	353.79
gr24_F4IIM1.yaml	2150	2150	0	0	1	282.662	63917	81920	78.02	99	75	True	353.79
gr24_F4IIM1.yaml	2150	2150	0	0	1	283.191	63917	81920	78.02	99	75	True	353.79
gr24_F4IIM1.yaml	2150	2150	0	0	1	283.722	63917	81920	78.02	99	76	True	353.79
gr24_F4IIM1.yaml	2150	2150	0	0	1	284.257	63917	81920	78.02	99	75	True	353.79
gr24_F4IIM1.yaml	2150	2150	0	0	1	284.792	63917	81920	78.02	100	75	True	353.79
gr24_F4IIM1.yaml	2150	2150	0	0	1	285.322	63917	81920	78.02	99	75	True	353.79
gr24_F4IIM1.yaml	2150	2150	0	0	1	285.856	63917	81920	78.02	100	75	True	353.79
gr24_F4IIM1.yaml	2150	2150	0	0	1	286.387	63917	81920	78.02	99	75	True	353.79
gr24_F4IIM1.yaml	2150	2150	0	0	1	286.919	63917	81920	78.02	99	75	True	353.79
gr24_F4IIM1.yaml	2150	2150	0	0	1	287.45	63917	81920	78.02	99	75	True	353.79
gr24_F4IIM1.yaml	2150	2150	0	0	1	287.978	63917	81920	78.02	99	75	True	353.79
gr24_F4IIM1.yaml	2150	2150	0	0	1	288.509	63917	81920	78.02	99	75	True	353.79
gr24_F4IIM1.yaml	2150	2150	0	0	1	289.043	63917	81920	78.02	99	75	True	353.79
gr24_F4IIM1.yaml	2150	2150	0	0	1	289.579	63917	81920	78.02	99	75	True	353.79
gr24_F4IIM1.yaml	2150	2150	0	0	1	290.114	63917	81920	78.02	99	75	True	353.79
gr24_F4IIM1.yaml	2150	2150	0	0	1	290.648	63917	81920	78.02	99	75	True	353.79
gr24_F4IIM1.yaml	2150	2150	0	0	1	291.175	63917	81920	78.02	99	75	True	353.79
gr24_F4IIM1.yaml	2150	2150	0	0	1	291.705	63917	81920	78.02	99	75	True	353.79
gr24_F4IIM1.yaml	2150	2150	0	0	1	292.237	63917	81920	78.02	99	75	True	353.79
gr24_F4IIM1.yaml	2150	2150	0	0	1	292.765	63917	81920	78.02	99	75	True	353.79
gr24_F4IIM1.yaml	2150	2150	0	0	1	293.298	63917	81920	78.02	99	75	True	353.79
gr24_F4IIM1.yaml	2150	2150	0	0	1	293.829	63917	81920	78.02	99	75	True	353.79
gr24_F4IIM1.yaml	2150	2150	0	0	1	294.357	63917	81920	78.02	99	75	True	353.79
gr24_F4IIM1.yaml	2150	2150	0	0	1	294.888	63917	81920	78.02	99	75	True	353.79
gr24_F4IIM1.yaml	2150	2150	0	0	1	295.419	63917	81920	78.02	99	75	True	353.79
gr24_F4IIM1.yaml	2150	2150	0	0	1	295.95	63917	81920	78.02	99	75	True	353.79
gr24_F4IIM1.yaml	2150	2150	0	0	1	296.482	63917	81920	78.02	99	75	True	353.79
gr24_F4IIM1.yaml	2150	2150	0	0	1	297.012	63917	81920	78.02	99	75	True	353.79
gr24_F4IIM1.yaml	2150	2150	0	0	1	297.544	63917	81920	78.02	99	76	True	353.79
gr24_F4IIM1.yaml	2150	2150	0	0	1	298.083	63917	81920	78.02	99	75	True	353.79
gr24_F4IIM1.yaml	2150	2150	0	0	1	298.614	63917	81920	78.02	99	76	True	353.79
gr24_F4IIM1.yaml	2150	2150	0	0	1	299.144	63917	81920	78.02	99	75	True	353.79
gr24_F4IIM1.yaml	2150	2150	0	0	1	299.674	63917	81920	78.02	99	75	True	353.79
gr24_F4IIM1.yaml	2150	2150	0	0	1	300.202	63917	81920	78.02	100	74	True	353.79
gr24_F4IIM1.yaml	2150	2150	0	0	1	300.732	63917	81920	78.02	100	75	True	353.79
gr24_F4IIM1.yaml	2150	2150	0	0	1	301.27	63919	81920	78.03	100	75	True	353.79
gr24_F4IIM1.yaml	2150	2150	0	0	1	301.804	63919	81920	78.03	100	74	True	353.79
gr24_F4IIM1.yaml	2150	2150	0	0	1	302.333	63919	81920	78.03	100	74	True	353.79
gr24_F4IIM1.yaml	2150	2150	0	0	1	302.864	63921	81920	78.03	100	74	True	353.79
gr24_F4IIM1.yaml	2150	2150	0	0	1	303.397	63921	81920	78.03	100	74	True	353.79
gr24_F4IIM1.yaml	2150	2150	0	0	1	303.929	63921	81920	78.03	100	74	True	353.79
gr24_F4IIM1.yaml	2150	2150	0	0	1	304.458	63921	81920	78.03	100	74	True	353.79
gr24_F4IIM1.yaml	2150	2150	0	0	1	304.986	63921	81920	78.03	100	74	True	353.79
gr24_F4IIM1.yaml	2150	2150	0	0	1	305.514	63921	81920	78.03	5	68	True	353.79
gr24_F4IIM1.yaml	2150	2150	0	0	1	306.042	63921	81920	78.03	3	65	True	353.79
gr24_F4IIM1.yaml	2150	2150	0	0	1	306.571	63921	81920	78.03	2	63	True	353.79
gr24_F4IIM1.yaml	2150	2150	0	0	1	307.1	63921	81920	78.03	0	62	True	353.79
gr24_F4IIM1.yaml	2150	2150	0	0	1	307.627	63921	81920	78.03	0	60	True	353.79
gr24_F4IIM1.yaml	2150	2150	0	0	1	308.156	63921	81920	78.03	0	59	True	353.79
gr24_F4IIM1.yaml	2150	2150	0	0	1	308.698	63921	81920	78.03	7	58	True	353.79
gr24_F4IIM1.yaml	2150	2150	0	0	1	309.23	63921	81920	78.03	8	57	True	353.79
gr24_F4IIM1.yaml	2150	2150	0	0	1	309.759	565	81920	0.69	100	56	True	353.79
gr24_F4IIM1.yaml	2150	2150	0	0	1	310.29	565	81920	0.69	100	55	True	353.79
gr24_F4IIM1.yaml	2150	2150	0	0	1	310.82	565	81920	0.69	100	55	True	353.79
gr24_F4IIM1.yaml	2150	2150	0	0	1	311.351	565	81920	0.69	6	54	True	353.79
gr24_F4IIM1.yaml	2150	2150	0	0	1	311.904	565	81920	0.69	0	53	True	353.79
gr24_F4IIM1.yaml	2150	2150	0	0	1	312.435	565	81920	0.69	0	53	True	353.79
gr24_F4IIM1.yaml	2150	2150	0	0	1	312.958	565	81920	0.69	0	52	True	353.79
gr24_F4IIM1.yaml	2150	2150	0	0	1	313.478	565	81920	0.69	0	52	True	353.79
gr24_F4IIM1.yaml	2150	2150	0	0	1	313.998	565	81920	0.69	0	52	True	353.79
gr24_F4IIM1.yaml	2150	2150	0	0	1	314.517	565	81920	0.69	0	51	True	353.79
gr24_F4IIM1.yaml	2150	2150	0	0	1	315.039	565	81920	0.69	0	51	True	353.79
gr24_F4IIM1.yaml	2150	2150	0	0	1	315.568	565	81920	0.69	0	50	True	353.79
gr24_F4IIM1.yaml	2150	2150	0	0	1	316.087	565	81920	0.69	0	50	True	353.79
gr24_F4IIM1.yaml	2150	2150	0	0	1	316.606	565	81920	0.69	0	50	True	353.79
gr24_F4IIM1.yaml	2150	2150	0	0	1	317.123	565	81920	0.69	0	50	True	353.79
gr24_F4IIM1.yaml	2150	2150	0	0	1	317.644	565	81920	0.69	0	49	True	353.79
gr24_F4IIM1.yaml	2150	2150	0	0	1	318.161	565	81920	0.69	0	49	True	353.79
gr24_F4IIM1.yaml	2150	2150	0	0	1	318.69	565	81920	0.69	0	49	True	353.79
gr24_F4IIM1.yaml	2150	2150	0	0	1	319.206	565	81920	0.69	0	49	True	353.79
gr24_F4IIM1.yaml	2150	2150	0	0	1	319.722	565	81920	0.69	0	49	True	353.79
gr24_F4IIM1.yaml	2150	2150	0	0	1	320.24	565	81920	0.69	0	49	True	353.79
gr24_F4IIM1.yaml	2150	2150	0	0	1	320.758	565	81920	0.69	0	48	True	353.79
gr24_F4IIM1.yaml	2150	2150	0	0	1	321.275	565	81920	0.69	0	48	True	353.79
gr24_F4IIM1.yaml	2150	2150	0	0	1	321.792	565	81920	0.69	0	48	True	353.79
gr24_F4IIM1.yaml	2150	2150	0	0	1	322.321	565	81920	0.69	0	48	True	353.79
gr24_F4IIM1.yaml	2150	2150	0	0	1	322.838	565	81920	0.69	0	48	True	353.79
gr24_F4IIM1.yaml	2150	2150	0	0	1	323.356	565	81920	0.69	0	48	True	353.79
gr24_F4IIM1.yaml	2150	2150	0	0	1	323.876	565	81920	0.69	0	48	True	353.79
gr24_F4IIM1.yaml	2150	2150	0	0	1	324.396	565	81920	0.69	0	48	True	353.79
gr24_F4IIM1.yaml	2150	2150	0	0	1	324.916	565	81920	0.69	0	48	True	353.79
gr24_F4IIM1.yaml	2150	2150	0	0	1	325.439	565	81920	0.69	0	48	True	353.79
gr24_F4IIM1.yaml	2150	2150	0	0	1	325.958	565	81920	0.69	0	48	True	353.79
gr24_F4IIM1.yaml	2150	2150	0	0	1	326.481	565	81920	0.69	0	48	True	353.79
gr24_F4IIM1.yaml	2150	2150	0	0	1	327.004	565	81920	0.69	0	48	True	353.79
gr24_F4IIM1.yaml	2150	2150	0	0	1	327.533	565	81920	0.69	0	48	True	353.79
gr24_F4IIM1.yaml	2150	2150	0	0	1	328.054	565	81920	0.69	0	48	True	353.79
gr24_F4IIM1.yaml	2150	2150	0	0	1	328.571	565	81920	0.69	0	48	True	353.79
gr24_F4IIM1.yaml	2150	2150	0	0	1	329.09	565	81920	0.69	0	48	True	353.79
gr24_F4IIM1.yaml	2150	2150	0	0	1	329.61	565	81920	0.69	0	47	True	353.79
gr24_F4IIM1.yaml	2150	2150	0	0	1	330.136	565	81920	0.69	0	47	True	353.79
gr24_F4IIM1.yaml	2150	2150	0	0	1	330.655	1109	81920	1.35	0	47	True	353.79
gr24_F4IIM1.yaml	2150	2150	0	0	1	331.171	2705	81920	3.3	3	47	True	353.79
gr24_F4IIM1.yaml	2150	2150	0	0	1	331.692	2705	81920	3.3	0	47	True	353.79
gr24_F4IIM1.yaml	2150	2150	0	0	1	332.211	5277	81920	6.44	2	50	True	353.79
gr24_F4IIM1.yaml	2150	2150	0	0	1	332.734	5277	81920	6.44	100	56	True	353.79
gr24_F4IIM1.yaml	2150	2150	0	0	1	333.255	5277	81920	6.44	100	59	True	353.79
gr24_F4IIM1.yaml	2150	2150	0	0	1	333.777	5277	81920	6.44	100	61	True	353.79
gr24_F4IIM1.yaml	2150	2150	0	0	1	334.302	5277	81920	6.44	100	63	True	353.79
gr24_F4IIM1.yaml	2150	2150	0	0	1	334.826	5277	81920	6.44	100	64	True	353.79
gr24_F4IIM1.yaml	2150	2150	0	0	1	335.358	5277	81920	6.44	100	65	True	353.79
gr24_F4IIM1.yaml	2150	2150	0	0	1	335.914	5277	81920	6.44	98	68	True	353.79
gr24_F4IIM1.yaml	2150	2150	0	0	1	336.444	5277	81920	6.44	98	70	True	353.79
gr24_F4IIM1.yaml	2150	2150	0	0	1	336.973	5277	81920	6.44	98	71	True	353.79
gr24_F4IIM1.yaml	2150	2150	0	0	1	337.502	5277	81920	6.44	98	71	True	353.79
gr24_F4IIM1.yaml	2150	2150	0	0	1	338.031	5277	81920	6.44	97	72	True	353.79
gr24_F4IIM1.yaml	2150	2150	0	0	1	338.56	5277	81920	6.44	98	73	True	353.79
gr24_F4IIM1.yaml	2150	2150	0	0	1	339.089	5277	81920	6.44	98	74	True	353.79
gr24_F4IIM1.yaml	2150	2150	0	0	1	339.616	5277	81920	6.44	98	74	True	353.79
gr24_F4IIM1.yaml	2150	2150	0	0	1	340.146	5277	81920	6.44	98	75	True	353.79
gr24_F4IIM1.yaml	2150	2150	0	0	1	340.676	5277	81920	6.44	97	75	True	353.79
gr24_F4IIM1.yaml	2150	2150	0	0	1	341.206	5277	81920	6.44	97	75	True	353.79
gr24_F4IIM1.yaml	2150	2150	0	0	1	341.735	5277	81920	6.44	97	76	True	353.79
gr24_F4IIM1.yaml	2150	2150	0	0	1	342.263	5277	81920	6.44	98	76	True	353.79
gr24_F4IIM1.yaml	2150	2150	0	0	1	342.792	5277	81920	6.44	98	76	True	353.79
gr24_F4IIM1.yaml	2150	2150	0	0	1	343.321	5277	81920	6.44	98	76	True	353.79
gr24_F4IIM1.yaml	2150	2150	0	0	1	343.853	5277	81920	6.44	98	76	True	353.79
gr24_F4IIM1.yaml	2150	2150	0	0	1	344.383	5277	81920	6.44	98	77	True	353.79
gr24_F4IIM1.yaml	2150	2150	0	0	1	344.912	5277	81920	6.44	98	77	True	353.79
gr24_F4IIM1.yaml	2150	2150	0	0	1	345.441	5277	81920	6.44	98	77	True	353.79
gr24_F4IIM1.yaml	2150	2150	0	0	1	345.969	5277	81920	6.44	98	77	True	353.79
gr24_F4IIM1.yaml	2150	2150	0	0	1	346.5	5277	81920	6.44	97	77	True	353.79
gr24_F4IIM1.yaml	2150	2150	0	0	1	347.029	5277	81920	6.44	97	77	True	353.79
gr24_F4IIM1.yaml	2150	2150	0	0	1	347.563	5277	81920	6.44	98	77	True	353.79
gr24_F4IIM1.yaml	2150	2150	0	0	1	348.091	5277	81920	6.44	98	77	True	353.79
gr24_F4IIM1.yaml	2150	2150	0	0	1	348.621	5277	81920	6.44	98	77	True	353.79
gr24_F4IIM1.yaml	2150	2150	0	0	1	349.149	5291	81920	6.46	96	74	True	353.79
gr24_F4IIM1.yaml	2150	2150	0	0	1	349.681	5291	81920	6.46	7	69	True	353.79
gr24_F4IIM1.yaml	2150	2150	0	0	1	350.21	5291	81920	6.46	10	65	True	353.79
gr24_F4IIM1.yaml	2150	2150	0	0	1	350.738	563	81920	0.69	0	63	True	353.79
gr24_F4IIM1.yaml	2150	2150	0	0	1	351.266	563	81920	0.69	0	61	True	353.79
gr24_F4IIM1.yaml	2150	2150	0	0	1	351.796	527	81920	0.64	0	59	True	353.79
gr24_F4IIM1.yaml	2150	2150	0	0	1	352.324	527	81920	0.64	0	58	True	353.79
gr24_F4IIM1.yaml	2150	2150	0	0	1	352.852	527	81920	0.64	0	57	True	353.79
gr24_F4IIM1.yaml	2150	2150	0	0	1	353.38	0	81920	0.0	7	56	True	353.79
gr24_F4I1L3.yaml	2355	2355	0	0	1	0.0	0	81920	0.0	0	55	True	466.73
gr24_F4I1L3.yaml	2355	2355	0	0	1	0.528	0	81920	0.0	0	54	True	466.73
gr24_F4I1L3.yaml	2355	2355	0	0	1	1.056	0	81920	0.0	0	53	True	466.73
gr24_F4I1L3.yaml	2355	2355	0	0	1	1.586	0	81920	0.0	0	51	True	466.73
gr24_F4I1L3.yaml	2355	2355	0	0	1	2.121	0	81920	0.0	0	50	True	466.73
gr24_F4I1L3.yaml	2355	2355	0	0	1	2.65	0	81920	0.0	0	49	True	466.73
gr24_F4I1L3.yaml	2355	2355	0	0	1	3.179	0	81920	0.0	0	48	True	466.73
gr24_F4I1L3.yaml	2355	2355	0	0	1	3.715	0	81920	0.0	0	47	True	466.73
gr24_F4I1L3.yaml	2355	2355	0	0	1	4.245	0	81920	0.0	0	47	True	466.73
gr24_F4I1L3.yaml	2355	2355	0	0	1	4.775	0	81920	0.0	0	46	True	466.73
gr24_F4I1L3.yaml	2355	2355	0	0	1	5.304	0	81920	0.0	0	45	True	466.73
gr24_F4I1L3.yaml	2355	2355	0	0	1	5.833	0	81920	0.0	0	45	True	466.73
gr24_F4I1L3.yaml	2355	2355	0	0	1	6.364	0	81920	0.0	0	45	True	466.73
gr24_F4I1L3.yaml	2355	2355	0	0	1	6.894	0	81920	0.0	0	44	True	466.73
gr24_F4I1L3.yaml	2355	2355	0	0	1	7.423	0	81920	0.0	0	44	True	466.73
gr24_F4I1L3.yaml	2355	2355	0	0	1	7.953	0	81920	0.0	0	43	True	466.73
gr24_F4I1L3.yaml	2355	2355	0	0	1	8.484	0	81920	0.0	0	43	True	466.73
gr24_F4I1L3.yaml	2355	2355	0	0	1	9.015	0	81920	0.0	0	43	True	466.73
gr24_F4I1L3.yaml	2355	2355	0	0	1	9.543	0	81920	0.0	0	43	True	466.73
gr24_F4I1L3.yaml	2355	2355	0	0	1	10.072	0	81920	0.0	0	42	True	466.73
gr24_F4I1L3.yaml	2355	2355	0	0	1	10.602	0	81920	0.0	0	42	True	466.73
gr24_F4I1L3.yaml	2355	2355	0	0	1	11.131	0	81920	0.0	0	42	True	466.73
gr24_F4I1L3.yaml	2355	2355	0	0	1	11.661	0	81920	0.0	0	42	True	466.73
gr24_F4I1L3.yaml	2355	2355	0	0	1	12.197	0	81920	0.0	0	42	True	466.73
gr24_F4I1L3.yaml	2355	2355	0	0	1	12.731	0	81920	0.0	0	41	True	466.73
gr24_F4I1L3.yaml	2355	2355	0	0	1	13.259	0	81920	0.0	0	41	True	466.73
gr24_F4I1L3.yaml	2355	2355	0	0	1	13.789	0	81920	0.0	0	41	True	466.73
gr24_F4I1L3.yaml	2355	2355	0	0	1	14.32	0	81920	0.0	0	41	True	466.73
gr24_F4I1L3.yaml	2355	2355	0	0	1	14.851	0	81920	0.0	0	41	True	466.73
gr24_F4I1L3.yaml	2355	2355	0	0	1	15.383	0	81920	0.0	0	41	True	466.73
gr24_F4I1L3.yaml	2355	2355	0	0	1	15.902	0	81920	0.0	0	41	True	466.73
gr24_F4I1L3.yaml	2355	2355	0	0	1	16.425	0	81920	0.0	0	41	True	466.73
gr24_F4I1L3.yaml	2355	2355	0	0	1	16.947	0	81920	0.0	0	41	True	466.73
gr24_F4I1L3.yaml	2355	2355	0	0	1	17.472	0	81920	0.0	0	41	True	466.73
gr24_F4I1L3.yaml	2355	2355	0	0	1	17.991	0	81920	0.0	0	40	True	466.73
gr24_F4I1L3.yaml	2355	2355	0	0	1	18.51	0	81920	0.0	0	40	True	466.73
gr24_F4I1L3.yaml	2355	2355	0	0	1	19.032	0	81920	0.0	0	40	True	466.73
gr24_F4I1L3.yaml	2355	2355	0	0	1	19.552	0	81920	0.0	0	40	True	466.73
gr24_F4I1L3.yaml	2355	2355	0	0	1	20.08	0	81920	0.0	0	40	True	466.73
gr24_F4I1L3.yaml	2355	2355	0	0	1	20.604	0	81920	0.0	0	40	True	466.73
gr24_F4I1L3.yaml	2355	2355	0	0	1	21.146	0	81920	0.0	0	40	True	466.73
gr24_F4I1L3.yaml	2355	2355	0	0	1	21.677	0	81920	0.0	0	40	True	466.73
gr24_F4I1L3.yaml	2355	2355	0	0	1	22.202	0	81920	0.0	0	40	True	466.73
gr24_F4I1L3.yaml	2355	2355	0	0	1	22.735	0	81920	0.0	0	40	True	466.73
gr24_F4I1L3.yaml	2355	2355	0	0	1	23.271	0	81920	0.0	0	40	True	466.73
gr24_F4I1L3.yaml	2355	2355	0	0	1	23.795	0	81920	0.0	0	40	True	466.73
gr24_F4I1L3.yaml	2355	2355	0	0	1	24.325	0	81920	0.0	0	40	True	466.73
gr24_F4I1L3.yaml	2355	2355	0	0	1	24.855	0	81920	0.0	0	40	True	466.73
gr24_F4I1L3.yaml	2355	2355	0	0	1	25.384	0	81920	0.0	0	40	True	466.73
gr24_F4I1L3.yaml	2355	2355	0	0	1	25.912	0	81920	0.0	0	40	True	466.73
gr24_F4I1L3.yaml	2355	2355	0	0	1	26.446	0	81920	0.0	0	40	True	466.73
gr24_F4I1L3.yaml	2355	2355	0	0	1	26.979	0	81920	0.0	0	40	True	466.73
gr24_F4I1L3.yaml	2355	2355	0	0	1	27.499	0	81920	0.0	0	40	True	466.73
gr24_F4I1L3.yaml	2355	2355	0	0	1	28.018	0	81920	0.0	0	40	True	466.73
gr24_F4I1L3.yaml	2355	2355	0	0	1	28.549	0	81920	0.0	0	40	True	466.73
gr24_F4I1L3.yaml	2355	2355	0	0	1	29.073	0	81920	0.0	0	40	True	466.73
gr24_F4I1L3.yaml	2355	2355	0	0	1	29.605	0	81920	0.0	0	40	True	466.73
gr24_F4I1L3.yaml	2355	2355	0	0	1	30.141	0	81920	0.0	0	39	True	466.73
gr24_F4I1L3.yaml	2355	2355	0	0	1	30.664	0	81920	0.0	0	39	True	466.73
gr24_F4I1L3.yaml	2355	2355	0	0	1	31.192	0	81920	0.0	0	39	True	466.73
gr24_F4I1L3.yaml	2355	2355	0	0	1	31.712	0	81920	0.0	0	39	True	466.73
gr24_F4I1L3.yaml	2355	2355	0	0	1	32.231	0	81920	0.0	0	39	True	466.73
gr24_F4I1L3.yaml	2355	2355	0	0	1	32.748	0	81920	0.0	0	39	True	466.73
gr24_F4I1L3.yaml	2355	2355	0	0	1	33.264	1135	81920	1.39	3	40	True	466.73
gr24_F4I1L3.yaml	2355	2355	0	0	1	33.783	2609	81920	3.18	5	41	True	466.73
gr24_F4I1L3.yaml	2355	2355	0	0	1	34.312	2609	81920	3.18	0	41	True	466.73
gr24_F4I1L3.yaml	2355	2355	0	0	1	34.84	2609	81920	3.18	0	42	True	466.73
gr24_F4I1L3.yaml	2355	2355	0	0	1	35.372	2609	81920	3.18	0	42	True	466.73
gr24_F4I1L3.yaml	2355	2355	0	0	1	35.901	2609	81920	3.18	0	42	True	466.73
gr24_F4I1L3.yaml	2355	2355	0	0	1	36.431	2609	81920	3.18	0	42	True	466.73
gr24_F4I1L3.yaml	2355	2355	0	0	1	36.963	2609	81920	3.18	0	42	True	466.73
gr24_F4I1L3.yaml	2355	2355	0	0	1	37.492	2609	81920	3.18	0	42	True	466.73
gr24_F4I1L3.yaml	2355	2355	0	0	1	38.02	2609	81920	3.18	0	43	True	466.73
gr24_F4I1L3.yaml	2355	2355	0	0	1	38.552	2609	81920	3.18	0	43	True	466.73
gr24_F4I1L3.yaml	2355	2355	0	0	1	39.083	2609	81920	3.18	0	43	True	466.73
gr24_F4I1L3.yaml	2355	2355	0	0	1	39.613	2609	81920	3.18	0	43	True	466.73
gr24_F4I1L3.yaml	2355	2355	0	0	1	40.142	2609	81920	3.18	0	43	True	466.73
gr24_F4I1L3.yaml	2355	2355	0	0	1	40.673	2609	81920	3.18	0	43	True	466.73
gr24_F4I1L3.yaml	2355	2355	0	0	1	41.201	2609	81920	3.18	0	43	True	466.73
gr24_F4I1L3.yaml	2355	2355	0	0	1	41.739	2609	81920	3.18	0	43	True	466.73
gr24_F4I1L3.yaml	2355	2355	0	0	1	42.268	2609	81920	3.18	0	43	True	466.73
gr24_F4I1L3.yaml	2355	2355	0	0	1	42.798	2609	81920	3.18	0	43	True	466.73
gr24_F4I1L3.yaml	2355	2355	0	0	1	43.328	2609	81920	3.18	0	43	True	466.73
gr24_F4I1L3.yaml	2355	2355	0	0	1	43.857	2609	81920	3.18	0	43	True	466.73
gr24_F4I1L3.yaml	2355	2355	0	0	1	44.383	2609	81920	3.18	0	43	True	466.73
gr24_F4I1L3.yaml	2355	2355	0	0	1	44.912	2609	81920	3.18	0	43	True	466.73
gr24_F4I1L3.yaml	2355	2355	0	0	1	45.448	2609	81920	3.18	0	43	True	466.73
gr24_F4I1L3.yaml	2355	2355	0	0	1	45.976	2609	81920	3.18	0	43	True	466.73
gr24_F4I1L3.yaml	2355	2355	0	0	1	46.504	2609	81920	3.18	0	43	True	466.73
gr24_F4I1L3.yaml	2355	2355	0	0	1	47.032	2609	81920	3.18	0	43	True	466.73
gr24_F4I1L3.yaml	2355	2355	0	0	1	47.561	2611	81920	3.19	0	43	True	466.73
gr24_F4I1L3.yaml	2355	2355	0	0	1	48.092	2613	81920	3.19	1	43	True	466.73
gr24_F4I1L3.yaml	2355	2355	0	0	1	48.62	2613	81920	3.19	0	43	True	466.73
gr24_F4I1L3.yaml	2355	2355	0	0	1	49.148	2617	81920	3.19	0	43	True	466.73
gr24_F4I1L3.yaml	2355	2355	0	0	1	49.678	2619	81920	3.2	0	43	True	466.73
gr24_F4I1L3.yaml	2355	2355	0	0	1	50.207	6379	81920	7.79	64	43	True	466.73
gr24_F4I1L3.yaml	2355	2355	0	0	1	50.737	24597	81920	30.03	2	44	True	466.73
gr24_F4I1L3.yaml	2355	2355	0	0	1	51.274	24597	81920	30.03	0	45	True	466.73
gr24_F4I1L3.yaml	2355	2355	0	0	1	51.804	24597	81920	30.03	0	44	True	466.73
gr24_F4I1L3.yaml	2355	2355	0	0	1	52.333	24597	81920	30.03	0	44	True	466.73
gr24_F4I1L3.yaml	2355	2355	0	0	1	52.86	24597	81920	30.03	0	44	True	466.73
gr24_F4I1L3.yaml	2355	2355	0	0	1	53.389	24597	81920	30.03	0	44	True	466.73
gr24_F4I1L3.yaml	2355	2355	0	0	1	53.917	24597	81920	30.03	0	44	True	466.73
gr24_F4I1L3.yaml	2355	2355	0	0	1	54.447	54879	81920	66.99	27	50	True	466.73
gr24_F4I1L3.yaml	2355	2355	0	0	1	54.997	54879	81920	66.99	100	54	True	466.73
gr24_F4I1L3.yaml	2355	2355	0	0	1	55.528	54879	81920	66.99	100	55	True	466.73
gr24_F4I1L3.yaml	2355	2355	0	0	1	56.058	54879	81920	66.99	100	58	True	466.73
gr24_F4I1L3.yaml	2355	2355	0	0	1	56.585	57639	81920	70.36	100	59	True	466.73
gr24_F4I1L3.yaml	2355	2355	0	0	1	57.115	57639	81920	70.36	100	62	True	466.73
gr24_F4I1L3.yaml	2355	2355	0	0	1	57.645	57639	81920	70.36	100	63	True	466.73
gr24_F4I1L3.yaml	2355	2355	0	0	1	58.181	74193	81920	90.57	100	63	True	466.73
gr24_F4I1L3.yaml	2355	2355	0	0	1	58.714	74193	81920	90.57	100	64	True	466.73
gr24_F4I1L3.yaml	2355	2355	0	0	1	59.241	74193	81920	90.57	100	64	True	466.73
gr24_F4I1L3.yaml	2355	2355	0	0	1	59.775	74193	81920	90.57	100	66	True	466.73
gr24_F4I1L3.yaml	2355	2355	0	0	1	60.305	74193	81920	90.57	100	67	True	466.73
gr24_F4I1L3.yaml	2355	2355	0	0	1	60.845	74193	81920	90.57	100	67	True	466.73
gr24_F4I1L3.yaml	2355	2355	0	0	1	61.376	74193	81920	90.57	100	68	True	466.73
gr24_F4I1L3.yaml	2355	2355	0	0	1	61.913	74193	81920	90.57	100	68	True	466.73
gr24_F4I1L3.yaml	2355	2355	0	0	1	62.439	74193	81920	90.57	100	68	True	466.73
gr24_F4I1L3.yaml	2355	2355	0	0	1	62.97	74193	81920	90.57	100	70	True	466.73
gr24_F4I1L3.yaml	2355	2355	0	0	1	63.501	74193	81920	90.57	100	70	True	466.73
gr24_F4I1L3.yaml	2355	2355	0	0	1	64.033	74193	81920	90.57	100	70	True	466.73
gr24_F4I1L3.yaml	2355	2355	0	0	1	64.564	74193	81920	90.57	100	70	True	466.73
gr24_F4I1L3.yaml	2355	2355	0	0	1	65.091	74193	81920	90.57	100	70	True	466.73
gr24_F4I1L3.yaml	2355	2355	0	0	1	65.624	74193	81920	90.57	100	72	True	466.73
gr24_F4I1L3.yaml	2355	2355	0	0	1	66.159	74193	81920	90.57	100	72	True	466.73
gr24_F4I1L3.yaml	2355	2355	0	0	1	66.69	74193	81920	90.57	100	71	True	466.73
gr24_F4I1L3.yaml	2355	2355	0	0	1	67.22	74193	81920	90.57	100	71	True	466.73
gr24_F4I1L3.yaml	2355	2355	0	0	1	67.75	74193	81920	90.57	100	71	True	466.73
gr24_F4I1L3.yaml	2355	2355	0	0	1	68.282	74193	81920	90.57	100	71	True	466.73
gr24_F4I1L3.yaml	2355	2355	0	0	1	68.812	74193	81920	90.57	100	71	True	466.73
gr24_F4I1L3.yaml	2355	2355	0	0	1	69.345	74193	81920	90.57	100	71	True	466.73
gr24_F4I1L3.yaml	2355	2355	0	0	1	69.873	74193	81920	90.57	100	71	True	466.73
gr24_F4I1L3.yaml	2355	2355	0	0	1	70.407	74193	81920	90.57	100	72	True	466.73
gr24_F4I1L3.yaml	2355	2355	0	0	1	70.937	74193	81920	90.57	100	72	True	466.73
gr24_F4I1L3.yaml	2355	2355	0	0	1	71.466	74193	81920	90.57	100	72	True	466.73
gr24_F4I1L3.yaml	2355	2355	0	0	1	72.001	74193	81920	90.57	100	72	True	466.73
gr24_F4I1L3.yaml	2355	2355	0	0	1	72.534	74193	81920	90.57	100	72	True	466.73
gr24_F4I1L3.yaml	2355	2355	0	0	1	73.063	74193	81920	90.57	100	72	True	466.73
gr24_F4I1L3.yaml	2355	2355	0	0	1	73.597	74193	81920	90.57	100	72	True	466.73
gr24_F4I1L3.yaml	2355	2355	0	0	1	74.13	74193	81920	90.57	100	72	True	466.73
gr24_F4I1L3.yaml	2355	2355	0	0	1	74.665	74193	81920	90.57	100	72	True	466.73
gr24_F4I1L3.yaml	2355	2355	0	0	1	75.195	74193	81920	90.57	100	72	True	466.73
gr24_F4I1L3.yaml	2355	2355	0	0	1	76.223	74193	81920	90.57	100	72	True	466.73
gr24_F4I1L3.yaml	2355	2355	0	0	1	76.756	74193	81920	90.57	100	72	True	466.73
gr24_F4I1L3.yaml	2355	2355	0	0	1	77.286	74193	81920	90.57	100	72	True	466.73
gr24_F4I1L3.yaml	2355	2355	0	0	1	77.821	74193	81920	90.57	100	73	True	466.73
gr24_F4I1L3.yaml	2355	2355	0	0	1	78.354	74193	81920	90.57	100	73	True	466.73
gr24_F4I1L3.yaml	2355	2355	0	0	1	78.886	74193	81920	90.57	100	73	True	466.73
gr24_F4I1L3.yaml	2355	2355	0	0	1	79.417	74193	81920	90.57	100	73	True	466.73
gr24_F4I1L3.yaml	2355	2355	0	0	1	79.951	74193	81920	90.57	100	73	True	466.73
gr24_F4I1L3.yaml	2355	2355	0	0	1	80.484	74193	81920	90.57	100	73	True	466.73
gr24_F4I1L3.yaml	2355	2355	0	0	1	81.017	74193	81920	90.57	100	73	True	466.73
gr24_F4I1L3.yaml	2355	2355	0	0	1	81.551	74193	81920	90.57	100	73	True	466.73
gr24_F4I1L3.yaml	2355	2355	0	0	1	82.083	74193	81920	90.57	100	73	True	466.73
gr24_F4I1L3.yaml	2355	2355	0	0	1	82.614	74193	81920	90.57	100	73	True	466.73
gr24_F4I1L3.yaml	2355	2355	0	0	1	83.144	74193	81920	90.57	100	73	True	466.73
gr24_F4I1L3.yaml	2355	2355	0	0	1	83.679	74193	81920	90.57	100	73	True	466.73
gr24_F4I1L3.yaml	2355	2355	0	0	1	84.211	74193	81920	90.57	100	73	True	466.73
gr24_F4I1L3.yaml	2355	2355	0	0	1	84.74	74193	81920	90.57	100	73	True	466.73
gr24_F4I1L3.yaml	2355	2355	0	0	1	85.269	74193	81920	90.57	100	73	True	466.73
gr24_F4I1L3.yaml	2355	2355	0	0	1	85.8	74193	81920	90.57	100	73	True	466.73
gr24_F4I1L3.yaml	2355	2355	0	0	1	86.335	74193	81920	90.57	100	73	True	466.73
gr24_F4I1L3.yaml	2355	2355	0	0	1	86.867	74193	81920	90.57	100	73	True	466.73
gr24_F4I1L3.yaml	2355	2355	0	0	1	87.396	74193	81920	90.57	100	73	True	466.73
gr24_F4I1L3.yaml	2355	2355	0	0	1	87.926	74193	81920	90.57	100	73	True	466.73
gr24_F4I1L3.yaml	2355	2355	0	0	1	88.456	74193	81920	90.57	100	73	True	466.73
gr24_F4I1L3.yaml	2355	2355	0	0	1	88.985	74193	81920	90.57	100	73	True	466.73
gr24_F4I1L3.yaml	2355	2355	0	0	1	89.516	74193	81920	90.57	100	73	True	466.73
gr24_F4I1L3.yaml	2355	2355	0	0	1	90.046	74193	81920	90.57	100	74	True	466.73
gr24_F4I1L3.yaml	2355	2355	0	0	1	90.576	74193	81920	90.57	100	73	True	466.73
gr24_F4I1L3.yaml	2355	2355	0	0	1	91.108	74193	81920	90.57	100	73	True	466.73
gr24_F4I1L3.yaml	2355	2355	0	0	1	91.638	74193	81920	90.57	100	74	True	466.73
gr24_F4I1L3.yaml	2355	2355	0	0	1	92.171	74193	81920	90.57	100	74	True	466.73
gr24_F4I1L3.yaml	2355	2355	0	0	1	92.707	74193	81920	90.57	100	74	True	466.73
gr24_F4I1L3.yaml	2355	2355	0	0	1	93.237	74193	81920	90.57	100	74	True	466.73
gr24_F4I1L3.yaml	2355	2355	0	0	1	93.767	74193	81920	90.57	100	73	True	466.73
gr24_F4I1L3.yaml	2355	2355	0	0	1	94.297	74193	81920	90.57	100	74	True	466.73
gr24_F4I1L3.yaml	2355	2355	0	0	1	94.827	74193	81920	90.57	100	74	True	466.73
gr24_F4I1L3.yaml	2355	2355	0	0	1	95.36	74193	81920	90.57	100	74	True	466.73
gr24_F4I1L3.yaml	2355	2355	0	0	1	95.892	74193	81920	90.57	100	74	True	466.73
gr24_F4I1L3.yaml	2355	2355	0	0	1	96.422	74193	81920	90.57	100	74	True	466.73
gr24_F4I1L3.yaml	2355	2355	0	0	1	96.952	74193	81920	90.57	100	74	True	466.73
gr24_F4I1L3.yaml	2355	2355	0	0	1	97.485	74193	81920	90.57	100	74	True	466.73
gr24_F4I1L3.yaml	2355	2355	0	0	1	98.017	74193	81920	90.57	100	74	True	466.73
gr24_F4I1L3.yaml	2355	2355	0	0	1	98.553	74193	81920	90.57	100	74	True	466.73
gr24_F4I1L3.yaml	2355	2355	0	0	1	99.087	74193	81920	90.57	100	74	True	466.73
gr24_F4I1L3.yaml	2355	2355	0	0	1	99.617	74193	81920	90.57	100	74	True	466.73
gr24_F4I1L3.yaml	2355	2355	0	0	1	100.149	74193	81920	90.57	100	74	True	466.73
gr24_F4I1L3.yaml	2355	2355	0	0	1	100.676	74193	81920	90.57	100	74	True	466.73
gr24_F4I1L3.yaml	2355	2355	0	0	1	101.206	74193	81920	90.57	100	74	True	466.73
gr24_F4I1L3.yaml	2355	2355	0	0	1	101.738	74193	81920	90.57	100	74	True	466.73
gr24_F4I1L3.yaml	2355	2355	0	0	1	102.265	74193	81920	90.57	100	74	True	466.73
gr24_F4I1L3.yaml	2355	2355	0	0	1	102.796	74193	81920	90.57	100	73	True	466.73
gr24_F4I1L3.yaml	2355	2355	0	0	1	103.329	74193	81920	90.57	100	74	True	466.73
gr24_F4I1L3.yaml	2355	2355	0	0	1	103.855	74193	81920	90.57	100	74	True	466.73
gr24_F4I1L3.yaml	2355	2355	0	0	1	104.383	74193	81920	90.57	100	74	True	466.73
gr24_F4I1L3.yaml	2355	2355	0	0	1	104.915	74193	81920	90.57	100	74	True	466.73
gr24_F4I1L3.yaml	2355	2355	0	0	1	105.445	74193	81920	90.57	100	74	True	466.73
gr24_F4I1L3.yaml	2355	2355	0	0	1	105.977	74193	81920	90.57	100	74	True	466.73
gr24_F4I1L3.yaml	2355	2355	0	0	1	106.51	74193	81920	90.57	100	74	True	466.73
gr24_F4I1L3.yaml	2355	2355	0	0	1	107.038	74193	81920	90.57	100	74	True	466.73
gr24_F4I1L3.yaml	2355	2355	0	0	1	107.567	74193	81920	90.57	100	74	True	466.73
gr24_F4I1L3.yaml	2355	2355	0	0	1	108.098	74193	81920	90.57	100	74	True	466.73
gr24_F4I1L3.yaml	2355	2355	0	0	1	108.634	74193	81920	90.57	100	74	True	466.73
gr24_F4I1L3.yaml	2355	2355	0	0	1	109.161	74193	81920	90.57	100	74	True	466.73
gr24_F4I1L3.yaml	2355	2355	0	0	1	109.688	74193	81920	90.57	100	74	True	466.73
gr24_F4I1L3.yaml	2355	2355	0	0	1	110.217	74193	81920	90.57	100	74	True	466.73
gr24_F4I1L3.yaml	2355	2355	0	0	1	110.745	74193	81920	90.57	100	74	True	466.73
gr24_F4I1L3.yaml	2355	2355	0	0	1	111.278	74193	81920	90.57	100	74	True	466.73
gr24_F4I1L3.yaml	2355	2355	0	0	1	111.808	74193	81920	90.57	100	74	True	466.73
gr24_F4I1L3.yaml	2355	2355	0	0	1	112.338	74193	81920	90.57	100	74	True	466.73
gr24_F4I1L3.yaml	2355	2355	0	0	1	112.881	74193	81920	90.57	100	74	True	466.73
gr24_F4I1L3.yaml	2355	2355	0	0	1	113.411	74193	81920	90.57	100	74	True	466.73
gr24_F4I1L3.yaml	2355	2355	0	0	1	113.946	74193	81920	90.57	100	74	True	466.73
gr24_F4I1L3.yaml	2355	2355	0	0	1	114.479	74193	81920	90.57	100	74	True	466.73
gr24_F4I1L3.yaml	2355	2355	0	0	1	115.008	74193	81920	90.57	100	74	True	466.73
gr24_F4I1L3.yaml	2355	2355	0	0	1	115.537	74193	81920	90.57	100	74	True	466.73
gr24_F4I1L3.yaml	2355	2355	0	0	1	116.066	74193	81920	90.57	100	74	True	466.73
gr24_F4I1L3.yaml	2355	2355	0	0	1	116.6	74193	81920	90.57	100	74	True	466.73
gr24_F4I1L3.yaml	2355	2355	0	0	1	117.133	74193	81920	90.57	100	74	True	466.73
gr24_F4I1L3.yaml	2355	2355	0	0	1	117.664	74193	81920	90.57	100	74	True	466.73
gr24_F4I1L3.yaml	2355	2355	0	0	1	118.195	74193	81920	90.57	100	74	True	466.73
gr24_F4I1L3.yaml	2355	2355	0	0	1	118.723	74193	81920	90.57	100	74	True	466.73
gr24_F4I1L3.yaml	2355	2355	0	0	1	119.252	74193	81920	90.57	100	74	True	466.73
gr24_F4I1L3.yaml	2355	2355	0	0	1	119.783	74193	81920	90.57	100	74	True	466.73
gr24_F4I1L3.yaml	2355	2355	0	0	1	120.321	74193	81920	90.57	100	74	True	466.73
gr24_F4I1L3.yaml	2355	2355	0	0	1	120.851	74193	81920	90.57	100	74	True	466.73
gr24_F4I1L3.yaml	2355	2355	0	0	1	121.379	74193	81920	90.57	100	74	True	466.73
gr24_F4I1L3.yaml	2355	2355	0	0	1	121.908	74193	81920	90.57	100	74	True	466.73
gr24_F4I1L3.yaml	2355	2355	0	0	1	122.445	74193	81920	90.57	100	74	True	466.73
gr24_F4I1L3.yaml	2355	2355	0	0	1	122.973	74193	81920	90.57	100	74	True	466.73
gr24_F4I1L3.yaml	2355	2355	0	0	1	123.503	74193	81920	90.57	100	74	True	466.73
gr24_F4I1L3.yaml	2355	2355	0	0	1	124.033	74193	81920	90.57	100	74	True	466.73
gr24_F4I1L3.yaml	2355	2355	0	0	1	124.563	74193	81920	90.57	100	75	True	466.73
gr24_F4I1L3.yaml	2355	2355	0	0	1	125.094	74193	81920	90.57	100	74	True	466.73
gr24_F4I1L3.yaml	2355	2355	0	0	1	125.624	74193	81920	90.57	100	75	True	466.73
gr24_F4I1L3.yaml	2355	2355	0	0	1	126.159	74193	81920	90.57	100	75	True	466.73
gr24_F4I1L3.yaml	2355	2355	0	0	1	126.689	74193	81920	90.57	100	75	True	466.73
gr24_F4I1L3.yaml	2355	2355	0	0	1	127.217	74193	81920	90.57	100	74	True	466.73
gr24_F4I1L3.yaml	2355	2355	0	0	1	127.744	74193	81920	90.57	100	75	True	466.73
gr24_F4I1L3.yaml	2355	2355	0	0	1	128.276	74193	81920	90.57	100	75	True	466.73
gr24_F4I1L3.yaml	2355	2355	0	0	1	128.805	74193	81920	90.57	100	76	True	466.73
gr24_F4I1L3.yaml	2355	2355	0	0	1	129.337	74193	81920	90.57	100	76	True	466.73
gr24_F4I1L3.yaml	2355	2355	0	0	1	129.868	74193	81920	90.57	100	75	True	466.73
gr24_F4I1L3.yaml	2355	2355	0	0	1	130.404	74193	81920	90.57	100	75	True	466.73
gr24_F4I1L3.yaml	2355	2355	0	0	1	130.935	74193	81920	90.57	100	74	True	466.73
gr24_F4I1L3.yaml	2355	2355	0	0	1	131.465	74193	81920	90.57	100	76	True	466.73
gr24_F4I1L3.yaml	2355	2355	0	0	1	132.002	74193	81920	90.57	100	76	True	466.73
gr24_F4I1L3.yaml	2355	2355	0	0	1	132.533	74193	81920	90.57	100	75	True	466.73
gr24_F4I1L3.yaml	2355	2355	0	0	1	133.062	74193	81920	90.57	100	74	True	466.73
gr24_F4I1L3.yaml	2355	2355	0	0	1	133.594	74193	81920	90.57	100	75	True	466.73
gr24_F4I1L3.yaml	2355	2355	0	0	1	134.124	74193	81920	90.57	100	75	True	466.73
gr24_F4I1L3.yaml	2355	2355	0	0	1	134.656	74193	81920	90.57	100	76	True	466.73
gr24_F4I1L3.yaml	2355	2355	0	0	1	135.189	74193	81920	90.57	100	75	True	466.73
gr24_F4I1L3.yaml	2355	2355	0	0	1	135.717	74193	81920	90.57	100	75	True	466.73
gr24_F4I1L3.yaml	2355	2355	0	0	1	136.246	74193	81920	90.57	100	74	True	466.73
gr24_F4I1L3.yaml	2355	2355	0	0	1	136.778	74193	81920	90.57	100	75	True	466.73
gr24_F4I1L3.yaml	2355	2355	0	0	1	137.311	74193	81920	90.57	100	75	True	466.73
gr24_F4I1L3.yaml	2355	2355	0	0	1	137.844	74193	81920	90.57	100	75	True	466.73
gr24_F4I1L3.yaml	2355	2355	0	0	1	138.382	74193	81920	90.57	100	75	True	466.73
gr24_F4I1L3.yaml	2355	2355	0	0	1	138.91	74193	81920	90.57	100	75	True	466.73
gr24_F4I1L3.yaml	2355	2355	0	0	1	139.454	74193	81920	90.57	100	74	True	466.73
gr24_F4I1L3.yaml	2355	2355	0	0	1	139.988	74193	81920	90.57	100	74	True	466.73
gr24_F4I1L3.yaml	2355	2355	0	0	1	140.515	74193	81920	90.57	100	75	True	466.73
gr24_F4I1L3.yaml	2355	2355	0	0	1	141.045	74193	81920	90.57	100	74	True	466.73
gr24_F4I1L3.yaml	2355	2355	0	0	1	141.569	74193	81920	90.57	100	75	True	466.73
gr24_F4I1L3.yaml	2355	2355	0	0	1	142.103	74193	81920	90.57	100	74	True	466.73
gr24_F4I1L3.yaml	2355	2355	0	0	1	142.634	74193	81920	90.57	100	74	True	466.73
gr24_F4I1L3.yaml	2355	2355	0	0	1	143.164	74193	81920	90.57	100	75	True	466.73
gr24_F4I1L3.yaml	2355	2355	0	0	1	143.695	74193	81920	90.57	100	75	True	466.73
gr24_F4I1L3.yaml	2355	2355	0	0	1	144.223	74193	81920	90.57	100	75	True	466.73
gr24_F4I1L3.yaml	2355	2355	0	0	1	144.752	74193	81920	90.57	100	74	True	466.73
gr24_F4I1L3.yaml	2355	2355	0	0	1	145.281	74193	81920	90.57	100	74	True	466.73
gr24_F4I1L3.yaml	2355	2355	0	0	1	145.814	74193	81920	90.57	100	75	True	466.73
gr24_F4I1L3.yaml	2355	2355	0	0	1	146.343	74193	81920	90.57	100	74	True	466.73
gr24_F4I1L3.yaml	2355	2355	0	0	1	146.876	74193	81920	90.57	100	75	True	466.73
gr24_F4I1L3.yaml	2355	2355	0	0	1	147.405	74193	81920	90.57	100	75	True	466.73
gr24_F4I1L3.yaml	2355	2355	0	0	1	147.937	74193	81920	90.57	100	75	True	466.73
gr24_F4I1L3.yaml	2355	2355	0	0	1	148.466	74193	81920	90.57	100	75	True	466.73
gr24_F4I1L3.yaml	2355	2355	0	0	1	148.997	74193	81920	90.57	100	74	True	466.73
gr24_F4I1L3.yaml	2355	2355	0	0	1	149.528	74193	81920	90.57	100	74	True	466.73
gr24_F4I1L3.yaml	2355	2355	0	0	1	150.058	74193	81920	90.57	100	75	True	466.73
gr24_F4I1L3.yaml	2355	2355	0	0	1	150.588	74193	81920	90.57	100	75	True	466.73
gr24_F4I1L3.yaml	2355	2355	0	0	1	151.117	74193	81920	90.57	100	75	True	466.73
gr24_F4I1L3.yaml	2355	2355	0	0	1	151.649	74193	81920	90.57	100	74	True	466.73
gr24_F4I1L3.yaml	2355	2355	0	0	1	152.183	74193	81920	90.57	100	74	True	466.73
gr24_F4I1L3.yaml	2355	2355	0	0	1	152.712	74193	81920	90.57	100	75	True	466.73
gr24_F4I1L3.yaml	2355	2355	0	0	1	153.243	74193	81920	90.57	100	75	True	466.73
gr24_F4I1L3.yaml	2355	2355	0	0	1	153.772	74193	81920	90.57	100	75	True	466.73
gr24_F4I1L3.yaml	2355	2355	0	0	1	154.301	74193	81920	90.57	100	74	True	466.73
gr24_F4I1L3.yaml	2355	2355	0	0	1	154.834	74193	81920	90.57	100	74	True	466.73
gr24_F4I1L3.yaml	2355	2355	0	0	1	155.362	74193	81920	90.57	100	75	True	466.73
gr24_F4I1L3.yaml	2355	2355	0	0	1	155.894	74193	81920	90.57	100	75	True	466.73
gr24_F4I1L3.yaml	2355	2355	0	0	1	156.428	74193	81920	90.57	100	75	True	466.73
gr24_F4I1L3.yaml	2355	2355	0	0	1	156.959	74193	81920	90.57	100	75	True	466.73
gr24_F4I1L3.yaml	2355	2355	0	0	1	157.488	74193	81920	90.57	100	75	True	466.73
gr24_F4I1L3.yaml	2355	2355	0	0	1	158.019	74193	81920	90.57	100	75	True	466.73
gr24_F4I1L3.yaml	2355	2355	0	0	1	158.548	74193	81920	90.57	100	74	True	466.73
gr24_F4I1L3.yaml	2355	2355	0	0	1	159.08	74193	81920	90.57	100	75	True	466.73
gr24_F4I1L3.yaml	2355	2355	0	0	1	159.614	74193	81920	90.57	100	75	True	466.73
gr24_F4I1L3.yaml	2355	2355	0	0	1	160.145	74193	81920	90.57	100	75	True	466.73
gr24_F4I1L3.yaml	2355	2355	0	0	1	160.676	74193	81920	90.57	100	75	True	466.73
gr24_F4I1L3.yaml	2355	2355	0	0	1	161.203	74193	81920	90.57	100	75	True	466.73
gr24_F4I1L3.yaml	2355	2355	0	0	1	161.737	74193	81920	90.57	100	74	True	466.73
gr24_F4I1L3.yaml	2355	2355	0	0	1	162.27	74193	81920	90.57	100	74	True	466.73
gr24_F4I1L3.yaml	2355	2355	0	0	1	162.803	74193	81920	90.57	100	75	True	466.73
gr24_F4I1L3.yaml	2355	2355	0	0	1	163.334	74193	81920	90.57	100	75	True	466.73
gr24_F4I1L3.yaml	2355	2355	0	0	1	163.863	74193	81920	90.57	100	74	True	466.73
gr24_F4I1L3.yaml	2355	2355	0	0	1	164.397	74193	81920	90.57	100	74	True	466.73
gr24_F4I1L3.yaml	2355	2355	0	0	1	164.926	74193	81920	90.57	100	75	True	466.73
gr24_F4I1L3.yaml	2355	2355	0	0	1	165.462	74193	81920	90.57	100	75	True	466.73
gr24_F4I1L3.yaml	2355	2355	0	0	1	165.997	74193	81920	90.57	100	75	True	466.73
gr24_F4I1L3.yaml	2355	2355	0	0	1	166.528	74193	81920	90.57	100	75	True	466.73
gr24_F4I1L3.yaml	2355	2355	0	0	1	167.059	74193	81920	90.57	100	75	True	466.73
gr24_F4I1L3.yaml	2355	2355	0	0	1	167.587	74193	81920	90.57	100	75	True	466.73
gr24_F4I1L3.yaml	2355	2355	0	0	1	168.116	74193	81920	90.57	100	74	True	466.73
gr24_F4I1L3.yaml	2355	2355	0	0	1	168.647	74193	81920	90.57	100	75	True	466.73
gr24_F4I1L3.yaml	2355	2355	0	0	1	169.177	74193	81920	90.57	100	75	True	466.73
gr24_F4I1L3.yaml	2355	2355	0	0	1	169.704	74193	81920	90.57	100	75	True	466.73
gr24_F4I1L3.yaml	2355	2355	0	0	1	170.237	74193	81920	90.57	100	75	True	466.73
gr24_F4I1L3.yaml	2355	2355	0	0	1	170.765	74193	81920	90.57	100	74	True	466.73
gr24_F4I1L3.yaml	2355	2355	0	0	1	171.308	74193	81920	90.57	100	75	True	466.73
gr24_F4I1L3.yaml	2355	2355	0	0	1	171.841	74193	81920	90.57	100	75	True	466.73
gr24_F4I1L3.yaml	2355	2355	0	0	1	172.375	74193	81920	90.57	100	74	True	466.73
gr24_F4I1L3.yaml	2355	2355	0	0	1	172.904	74193	81920	90.57	100	75	True	466.73
gr24_F4I1L3.yaml	2355	2355	0	0	1	173.435	74193	81920	90.57	100	74	True	466.73
gr24_F4I1L3.yaml	2355	2355	0	0	1	173.964	74193	81920	90.57	100	75	True	466.73
gr24_F4I1L3.yaml	2355	2355	0	0	1	174.496	74193	81920	90.57	100	75	True	466.73
gr24_F4I1L3.yaml	2355	2355	0	0	1	175.027	74193	81920	90.57	100	75	True	466.73
gr24_F4I1L3.yaml	2355	2355	0	0	1	175.554	74193	81920	90.57	100	74	True	466.73
gr24_F4I1L3.yaml	2355	2355	0	0	1	176.083	74193	81920	90.57	100	74	True	466.73
gr24_F4I1L3.yaml	2355	2355	0	0	1	176.618	74193	81920	90.57	100	75	True	466.73
gr24_F4I1L3.yaml	2355	2355	0	0	1	177.15	74193	81920	90.57	100	75	True	466.73
gr24_F4I1L3.yaml	2355	2355	0	0	1	177.678	74193	81920	90.57	100	74	True	466.73
gr24_F4I1L3.yaml	2355	2355	0	0	1	178.207	74193	81920	90.57	100	75	True	466.73
gr24_F4I1L3.yaml	2355	2355	0	0	1	178.737	74193	81920	90.57	100	75	True	466.73
gr24_F4I1L3.yaml	2355	2355	0	0	1	179.27	74193	81920	90.57	100	75	True	466.73
gr24_F4I1L3.yaml	2355	2355	0	0	1	179.807	74193	81920	90.57	100	75	True	466.73
gr24_F4I1L3.yaml	2355	2355	0	0	1	180.334	74193	81920	90.57	100	75	True	466.73
gr24_F4I1L3.yaml	2355	2355	0	0	1	180.861	74193	81920	90.57	100	75	True	466.73
gr24_F4I1L3.yaml	2355	2355	0	0	1	181.389	74193	81920	90.57	100	75	True	466.73
gr24_F4I1L3.yaml	2355	2355	0	0	1	181.915	74193	81920	90.57	100	75	True	466.73
gr24_F4I1L3.yaml	2355	2355	0	0	1	182.446	74193	81920	90.57	100	75	True	466.73
gr24_F4I1L3.yaml	2355	2355	0	0	1	182.973	74193	81920	90.57	100	74	True	466.73
gr24_F4I1L3.yaml	2355	2355	0	0	1	183.503	74193	81920	90.57	100	75	True	466.73
gr24_F4I1L3.yaml	2355	2355	0	0	1	184.031	74193	81920	90.57	100	75	True	466.73
gr24_F4I1L3.yaml	2355	2355	0	0	1	184.561	74193	81920	90.57	100	75	True	466.73
gr24_F4I1L3.yaml	2355	2355	0	0	1	185.094	74193	81920	90.57	100	75	True	466.73
gr24_F4I1L3.yaml	2355	2355	0	0	1	185.627	74193	81920	90.57	100	74	True	466.73
gr24_F4I1L3.yaml	2355	2355	0	0	1	186.158	74193	81920	90.57	100	75	True	466.73
gr24_F4I1L3.yaml	2355	2355	0	0	1	186.687	74193	81920	90.57	100	75	True	466.73
gr24_F4I1L3.yaml	2355	2355	0	0	1	187.216	74193	81920	90.57	100	75	True	466.73
gr24_F4I1L3.yaml	2355	2355	0	0	1	187.747	74193	81920	90.57	100	74	True	466.73
gr24_F4I1L3.yaml	2355	2355	0	0	1	188.279	74193	81920	90.57	100	75	True	466.73
gr24_F4I1L3.yaml	2355	2355	0	0	1	188.809	74193	81920	90.57	100	75	True	466.73
gr24_F4I1L3.yaml	2355	2355	0	0	1	189.339	74193	81920	90.57	100	75	True	466.73
gr24_F4I1L3.yaml	2355	2355	0	0	1	189.869	74193	81920	90.57	100	74	True	466.73
gr24_F4I1L3.yaml	2355	2355	0	0	1	190.398	74193	81920	90.57	100	74	True	466.73
gr24_F4I1L3.yaml	2355	2355	0	0	1	190.929	74193	81920	90.57	100	75	True	466.73
gr24_F4I1L3.yaml	2355	2355	0	0	1	191.471	74193	81920	90.57	100	75	True	466.73
gr24_F4I1L3.yaml	2355	2355	0	0	1	192.005	74193	81920	90.57	100	75	True	466.73
gr24_F4I1L3.yaml	2355	2355	0	0	1	192.534	74193	81920	90.57	100	75	True	466.73
gr24_F4I1L3.yaml	2355	2355	0	0	1	193.07	74193	81920	90.57	100	75	True	466.73
gr24_F4I1L3.yaml	2355	2355	0	0	1	193.689	74193	81920	90.57	100	76	True	466.73
gr24_F4I1L3.yaml	2355	2355	0	0	1	194.219	74193	81920	90.57	100	75	True	466.73
gr24_F4I1L3.yaml	2355	2355	0	0	1	194.75	74193	81920	90.57	100	76	True	466.73
gr24_F4I1L3.yaml	2355	2355	0	0	1	195.279	74193	81920	90.57	100	75	True	466.73
gr24_F4I1L3.yaml	2355	2355	0	0	1	195.81	74193	81920	90.57	100	75	True	466.73
gr24_F4I1L3.yaml	2355	2355	0	0	1	196.341	74193	81920	90.57	100	75	True	466.73
gr24_F4I1L3.yaml	2355	2355	0	0	1	196.872	74193	81920	90.57	100	75	True	466.73
gr24_F4I1L3.yaml	2355	2355	0	0	1	197.405	74193	81920	90.57	100	76	True	466.73
gr24_F4I1L3.yaml	2355	2355	0	0	1	197.936	74193	81920	90.57	100	76	True	466.73
gr24_F4I1L3.yaml	2355	2355	0	0	1	198.465	74193	81920	90.57	100	75	True	466.73
gr24_F4I1L3.yaml	2355	2355	0	0	1	198.994	74193	81920	90.57	100	75	True	466.73
gr24_F4I1L3.yaml	2355	2355	0	0	1	199.525	74193	81920	90.57	100	75	True	466.73
gr24_F4I1L3.yaml	2355	2355	0	0	1	200.055	74193	81920	90.57	100	75	True	466.73
gr24_F4I1L3.yaml	2355	2355	0	0	1	200.59	74193	81920	90.57	100	75	True	466.73
gr24_F4I1L3.yaml	2355	2355	0	0	1	201.119	74193	81920	90.57	100	76	True	466.73
gr24_F4I1L3.yaml	2355	2355	0	0	1	201.648	74193	81920	90.57	100	75	True	466.73
gr24_F4I1L3.yaml	2355	2355	0	0	1	202.176	74193	81920	90.57	100	75	True	466.73
gr24_F4I1L3.yaml	2355	2355	0	0	1	202.71	74193	81920	90.57	100	75	True	466.73
gr24_F4I1L3.yaml	2355	2355	0	0	1	203.241	74193	81920	90.57	100	77	True	466.73
gr24_F4I1L3.yaml	2355	2355	0	0	1	203.774	74193	81920	90.57	100	76	True	466.73
gr24_F4I1L3.yaml	2355	2355	0	0	1	204.308	74193	81920	90.57	100	75	True	466.73
gr24_F4I1L3.yaml	2355	2355	0	0	1	204.836	74193	81920	90.57	100	75	True	466.73
gr24_F4I1L3.yaml	2355	2355	0	0	1	205.365	74193	81920	90.57	100	75	True	466.73
gr24_F4I1L3.yaml	2355	2355	0	0	1	205.894	74193	81920	90.57	100	75	True	466.73
gr24_F4I1L3.yaml	2355	2355	0	0	1	206.422	74193	81920	90.57	100	75	True	466.73
gr24_F4I1L3.yaml	2355	2355	0	0	1	206.953	74193	81920	90.57	100	75	True	466.73
gr24_F4I1L3.yaml	2355	2355	0	0	1	207.481	74193	81920	90.57	100	75	True	466.73
gr24_F4I1L3.yaml	2355	2355	0	0	1	208.014	74193	81920	90.57	100	74	True	466.73
gr24_F4I1L3.yaml	2355	2355	0	0	1	208.544	74193	81920	90.57	100	75	True	466.73
gr24_F4I1L3.yaml	2355	2355	0	0	1	209.077	74193	81920	90.57	100	75	True	466.73
gr24_F4I1L3.yaml	2355	2355	0	0	1	209.604	74193	81920	90.57	100	75	True	466.73
gr24_F4I1L3.yaml	2355	2355	0	0	1	210.14	74193	81920	90.57	100	74	True	466.73
gr24_F4I1L3.yaml	2355	2355	0	0	1	210.671	74193	81920	90.57	100	75	True	466.73
gr24_F4I1L3.yaml	2355	2355	0	0	1	211.201	74193	81920	90.57	100	75	True	466.73
gr24_F4I1L3.yaml	2355	2355	0	0	1	211.73	74193	81920	90.57	100	75	True	466.73
gr24_F4I1L3.yaml	2355	2355	0	0	1	212.262	74193	81920	90.57	100	75	True	466.73
gr24_F4I1L3.yaml	2355	2355	0	0	1	212.791	74193	81920	90.57	100	75	True	466.73
gr24_F4I1L3.yaml	2355	2355	0	0	1	213.325	74193	81920	90.57	100	75	True	466.73
gr24_F4I1L3.yaml	2355	2355	0	0	1	213.855	74193	81920	90.57	100	75	True	466.73
gr24_F4I1L3.yaml	2355	2355	0	0	1	214.387	74193	81920	90.57	100	75	True	466.73
gr24_F4I1L3.yaml	2355	2355	0	0	1	214.922	74193	81920	90.57	100	75	True	466.73
gr24_F4I1L3.yaml	2355	2355	0	0	1	215.451	74193	81920	90.57	100	75	True	466.73
gr24_F4I1L3.yaml	2355	2355	0	0	1	215.979	74193	81920	90.57	100	75	True	466.73
gr24_F4I1L3.yaml	2355	2355	0	0	1	216.508	74193	81920	90.57	100	75	True	466.73
gr24_F4I1L3.yaml	2355	2355	0	0	1	217.046	74193	81920	90.57	100	75	True	466.73
gr24_F4I1L3.yaml	2355	2355	0	0	1	217.585	74193	81920	90.57	100	75	True	466.73
gr24_F4I1L3.yaml	2355	2355	0	0	1	218.119	74193	81920	90.57	100	75	True	466.73
gr24_F4I1L3.yaml	2355	2355	0	0	1	218.648	74193	81920	90.57	100	75	True	466.73
gr24_F4I1L3.yaml	2355	2355	0	0	1	219.177	74193	81920	90.57	100	75	True	466.73
gr24_F4I1L3.yaml	2355	2355	0	0	1	219.706	74193	81920	90.57	100	74	True	466.73
gr24_F4I1L3.yaml	2355	2355	0	0	1	220.236	74193	81920	90.57	100	74	True	466.73
gr24_F4I1L3.yaml	2355	2355	0	0	1	220.764	74193	81920	90.57	100	75	True	466.73
gr24_F4I1L3.yaml	2355	2355	0	0	1	221.298	74193	81920	90.57	100	75	True	466.73
gr24_F4I1L3.yaml	2355	2355	0	0	1	221.826	74193	81920	90.57	100	75	True	466.73
gr24_F4I1L3.yaml	2355	2355	0	0	1	222.354	74193	81920	90.57	100	74	True	466.73
gr24_F4I1L3.yaml	2355	2355	0	0	1	222.895	74193	81920	90.57	100	75	True	466.73
gr24_F4I1L3.yaml	2355	2355	0	0	1	223.425	74193	81920	90.57	100	75	True	466.73
gr24_F4I1L3.yaml	2355	2355	0	0	1	223.956	74193	81920	90.57	100	74	True	466.73
gr24_F4I1L3.yaml	2355	2355	0	0	1	224.485	74193	81920	90.57	100	75	True	466.73
gr24_F4I1L3.yaml	2355	2355	0	0	1	225.025	74193	81920	90.57	100	75	True	466.73
gr24_F4I1L3.yaml	2355	2355	0	0	1	225.557	74193	81920	90.57	100	75	True	466.73
gr24_F4I1L3.yaml	2355	2355	0	0	1	226.084	74193	81920	90.57	100	75	True	466.73
gr24_F4I1L3.yaml	2355	2355	0	0	1	226.614	74193	81920	90.57	100	74	True	466.73
gr24_F4I1L3.yaml	2355	2355	0	0	1	227.144	74193	81920	90.57	100	74	True	466.73
gr24_F4I1L3.yaml	2355	2355	0	0	1	227.681	74193	81920	90.57	100	75	True	466.73
gr24_F4I1L3.yaml	2355	2355	0	0	1	228.212	74193	81920	90.57	100	75	True	466.73
gr24_F4I1L3.yaml	2355	2355	0	0	1	228.743	74193	81920	90.57	100	75	True	466.73
gr24_F4I1L3.yaml	2355	2355	0	0	1	229.273	74193	81920	90.57	100	75	True	466.73
gr24_F4I1L3.yaml	2355	2355	0	0	1	229.805	74193	81920	90.57	100	74	True	466.73
gr24_F4I1L3.yaml	2355	2355	0	0	1	230.337	74193	81920	90.57	100	75	True	466.73
gr24_F4I1L3.yaml	2355	2355	0	0	1	230.865	74193	81920	90.57	100	75	True	466.73
gr24_F4I1L3.yaml	2355	2355	0	0	1	231.393	74193	81920	90.57	100	75	True	466.73
gr24_F4I1L3.yaml	2355	2355	0	0	1	231.926	74193	81920	90.57	100	75	True	466.73
gr24_F4I1L3.yaml	2355	2355	0	0	1	232.456	74193	81920	90.57	100	75	True	466.73
gr24_F4I1L3.yaml	2355	2355	0	0	1	232.989	74193	81920	90.57	100	75	True	466.73
gr24_F4I1L3.yaml	2355	2355	0	0	1	233.526	74193	81920	90.57	100	74	True	466.73
gr24_F4I1L3.yaml	2355	2355	0	0	1	234.057	74193	81920	90.57	100	75	True	466.73
gr24_F4I1L3.yaml	2355	2355	0	0	1	234.586	74193	81920	90.57	100	75	True	466.73
gr24_F4I1L3.yaml	2355	2355	0	0	1	235.119	74193	81920	90.57	100	75	True	466.73
gr24_F4I1L3.yaml	2355	2355	0	0	1	235.65	74193	81920	90.57	100	75	True	466.73
gr24_F4I1L3.yaml	2355	2355	0	0	1	236.185	74193	81920	90.57	100	75	True	466.73
gr24_F4I1L3.yaml	2355	2355	0	0	1	236.716	74193	81920	90.57	100	75	True	466.73
gr24_F4I1L3.yaml	2355	2355	0	0	1	237.244	74193	81920	90.57	100	74	True	466.73
gr24_F4I1L3.yaml	2355	2355	0	0	1	237.774	74193	81920	90.57	100	75	True	466.73
gr24_F4I1L3.yaml	2355	2355	0	0	1	238.305	74193	81920	90.57	100	75	True	466.73
gr24_F4I1L3.yaml	2355	2355	0	0	1	238.834	74193	81920	90.57	100	74	True	466.73
gr24_F4I1L3.yaml	2355	2355	0	0	1	239.365	74193	81920	90.57	100	74	True	466.73
gr24_F4I1L3.yaml	2355	2355	0	0	1	239.896	74193	81920	90.57	100	75	True	466.73
gr24_F4I1L3.yaml	2355	2355	0	0	1	240.426	74193	81920	90.57	100	74	True	466.73
gr24_F4I1L3.yaml	2355	2355	0	0	1	240.955	74193	81920	90.57	100	75	True	466.73
gr24_F4I1L3.yaml	2355	2355	0	0	1	241.486	74193	81920	90.57	100	75	True	466.73
gr24_F4I1L3.yaml	2355	2355	0	0	1	242.018	74193	81920	90.57	100	75	True	466.73
gr24_F4I1L3.yaml	2355	2355	0	0	1	242.553	74193	81920	90.57	100	75	True	466.73
gr24_F4I1L3.yaml	2355	2355	0	0	1	243.092	74193	81920	90.57	100	75	True	466.73
gr24_F4I1L3.yaml	2355	2355	0	0	1	243.622	74193	81920	90.57	100	74	True	466.73
gr24_F4I1L3.yaml	2355	2355	0	0	1	244.155	74193	81920	90.57	100	75	True	466.73
gr24_F4I1L3.yaml	2355	2355	0	0	1	244.684	74193	81920	90.57	100	75	True	466.73
gr24_F4I1L3.yaml	2355	2355	0	0	1	245.217	74193	81920	90.57	100	75	True	466.73
gr24_F4I1L3.yaml	2355	2355	0	0	1	245.743	74193	81920	90.57	100	74	True	466.73
gr24_F4I1L3.yaml	2355	2355	0	0	1	246.273	74193	81920	90.57	100	75	True	466.73
gr24_F4I1L3.yaml	2355	2355	0	0	1	246.803	74193	81920	90.57	100	75	True	466.73
gr24_F4I1L3.yaml	2355	2355	0	0	1	247.332	74193	81920	90.57	100	75	True	466.73
gr24_F4I1L3.yaml	2355	2355	0	0	1	247.867	74193	81920	90.57	100	75	True	466.73
gr24_F4I1L3.yaml	2355	2355	0	0	1	248.398	74193	81920	90.57	100	75	True	466.73
gr24_F4I1L3.yaml	2355	2355	0	0	1	248.932	74193	81920	90.57	100	75	True	466.73
gr24_F4I1L3.yaml	2355	2355	0	0	1	249.461	74193	81920	90.57	100	75	True	466.73
gr24_F4I1L3.yaml	2355	2355	0	0	1	249.994	74193	81920	90.57	100	75	True	466.73
gr24_F4I1L3.yaml	2355	2355	0	0	1	250.526	74193	81920	90.57	100	75	True	466.73
gr24_F4I1L3.yaml	2355	2355	0	0	1	251.056	74193	81920	90.57	100	75	True	466.73
gr24_F4I1L3.yaml	2355	2355	0	0	1	251.593	74193	81920	90.57	100	75	True	466.73
gr24_F4I1L3.yaml	2355	2355	0	0	1	252.123	74193	81920	90.57	100	75	True	466.73
gr24_F4I1L3.yaml	2355	2355	0	0	1	252.656	74193	81920	90.57	100	74	True	466.73
gr24_F4I1L3.yaml	2355	2355	0	0	1	253.186	74193	81920	90.57	100	74	True	466.73
gr24_F4I1L3.yaml	2355	2355	0	0	1	253.714	74193	81920	90.57	100	74	True	466.73
gr24_F4I1L3.yaml	2355	2355	0	0	1	254.243	74193	81920	90.57	100	75	True	466.73
gr24_F4I1L3.yaml	2355	2355	0	0	1	254.776	74193	81920	90.57	100	75	True	466.73
gr24_F4I1L3.yaml	2355	2355	0	0	1	255.308	74193	81920	90.57	100	74	True	466.73
gr24_F4I1L3.yaml	2355	2355	0	0	1	255.835	74193	81920	90.57	100	74	True	466.73
gr24_F4I1L3.yaml	2355	2355	0	0	1	256.364	74193	81920	90.57	100	75	True	466.73
gr24_F4I1L3.yaml	2355	2355	0	0	1	256.896	74193	81920	90.57	100	75	True	466.73
gr24_F4I1L3.yaml	2355	2355	0	0	1	257.423	74193	81920	90.57	100	75	True	466.73
gr24_F4I1L3.yaml	2355	2355	0	0	1	257.959	74193	81920	90.57	100	74	True	466.73
gr24_F4I1L3.yaml	2355	2355	0	0	1	258.498	74193	81920	90.57	100	75	True	466.73
gr24_F4I1L3.yaml	2355	2355	0	0	1	259.026	74193	81920	90.57	100	75	True	466.73
gr24_F4I1L3.yaml	2355	2355	0	0	1	259.553	74193	81920	90.57	100	75	True	466.73
gr24_F4I1L3.yaml	2355	2355	0	0	1	260.084	74193	81920	90.57	100	75	True	466.73
gr24_F4I1L3.yaml	2355	2355	0	0	1	260.612	74193	81920	90.57	100	74	True	466.73
gr24_F4I1L3.yaml	2355	2355	0	0	1	261.148	74193	81920	90.57	100	75	True	466.73
gr24_F4I1L3.yaml	2355	2355	0	0	1	261.68	74193	81920	90.57	100	75	True	466.73
gr24_F4I1L3.yaml	2355	2355	0	0	1	262.209	74193	81920	90.57	100	75	True	466.73
gr24_F4I1L3.yaml	2355	2355	0	0	1	262.738	74193	81920	90.57	100	75	True	466.73
gr24_F4I1L3.yaml	2355	2355	0	0	1	263.271	74193	81920	90.57	100	75	True	466.73
gr24_F4I1L3.yaml	2355	2355	0	0	1	263.803	74193	81920	90.57	100	76	True	466.73
gr24_F4I1L3.yaml	2355	2355	0	0	1	264.34	74193	81920	90.57	100	76	True	466.73
gr24_F4I1L3.yaml	2355	2355	0	0	1	264.872	74193	81920	90.57	100	75	True	466.73
gr24_F4I1L3.yaml	2355	2355	0	0	1	265.403	74193	81920	90.57	100	75	True	466.73
gr24_F4I1L3.yaml	2355	2355	0	0	1	265.933	74193	81920	90.57	100	75	True	466.73
gr24_F4I1L3.yaml	2355	2355	0	0	1	266.467	74193	81920	90.57	100	76	True	466.73
gr24_F4I1L3.yaml	2355	2355	0	0	1	267.0	74193	81920	90.57	100	77	True	466.73
gr24_F4I1L3.yaml	2355	2355	0	0	1	267.543	74193	81920	90.57	100	75	True	466.73
gr24_F4I1L3.yaml	2355	2355	0	0	1	268.073	74193	81920	90.57	100	75	True	466.73
gr24_F4I1L3.yaml	2355	2355	0	0	1	268.606	74193	81920	90.57	100	75	True	466.73
gr24_F4I1L3.yaml	2355	2355	0	0	1	269.144	74193	81920	90.57	100	76	True	466.73
gr24_F4I1L3.yaml	2355	2355	0	0	1	269.676	74193	81920	90.57	100	76	True	466.73
gr24_F4I1L3.yaml	2355	2355	0	0	1	270.205	74193	81920	90.57	100	75	True	466.73
gr24_F4I1L3.yaml	2355	2355	0	0	1	270.737	74193	81920	90.57	100	75	True	466.73
gr24_F4I1L3.yaml	2355	2355	0	0	1	271.272	74193	81920	90.57	100	75	True	466.73
gr24_F4I1L3.yaml	2355	2355	0	0	1	271.803	74193	81920	90.57	100	75	True	466.73
gr24_F4I1L3.yaml	2355	2355	0	0	1	272.358	74193	81920	90.57	100	76	True	466.73
gr24_F4I1L3.yaml	2355	2355	0	0	1	272.891	74193	81920	90.57	100	76	True	466.73
gr24_F4I1L3.yaml	2355	2355	0	0	1	273.426	74193	81920	90.57	100	75	True	466.73
gr24_F4I1L3.yaml	2355	2355	0	0	1	273.957	74193	81920	90.57	100	75	True	466.73
gr24_F4I1L3.yaml	2355	2355	0	0	1	274.488	74193	81920	90.57	100	75	True	466.73
gr24_F4I1L3.yaml	2355	2355	0	0	1	275.02	74193	81920	90.57	100	75	True	466.73
gr24_F4I1L3.yaml	2355	2355	0	0	1	275.551	74193	81920	90.57	100	75	True	466.73
gr24_F4I1L3.yaml	2355	2355	0	0	1	276.079	74193	81920	90.57	100	75	True	466.73
gr24_F4I1L3.yaml	2355	2355	0	0	1	276.615	74193	81920	90.57	100	75	True	466.73
gr24_F4I1L3.yaml	2355	2355	0	0	1	277.144	74193	81920	90.57	100	75	True	466.73
gr24_F4I1L3.yaml	2355	2355	0	0	1	277.681	74193	81920	90.57	100	75	True	466.73
gr24_F4I1L3.yaml	2355	2355	0	0	1	278.211	74193	81920	90.57	100	74	True	466.73
gr24_F4I1L3.yaml	2355	2355	0	0	1	278.743	74193	81920	90.57	100	74	True	466.73
gr24_F4I1L3.yaml	2355	2355	0	0	1	279.272	74193	81920	90.57	100	75	True	466.73
gr24_F4I1L3.yaml	2355	2355	0	0	1	279.8	74193	81920	90.57	100	74	True	466.73
gr24_F4I1L3.yaml	2355	2355	0	0	1	280.332	74193	81920	90.57	100	75	True	466.73
gr24_F4I1L3.yaml	2355	2355	0	0	1	280.863	74193	81920	90.57	100	75	True	466.73
gr24_F4I1L3.yaml	2355	2355	0	0	1	281.398	74193	81920	90.57	100	75	True	466.73
gr24_F4I1L3.yaml	2355	2355	0	0	1	281.926	74193	81920	90.57	100	75	True	466.73
gr24_F4I1L3.yaml	2355	2355	0	0	1	282.454	74193	81920	90.57	100	75	True	466.73
gr24_F4I1L3.yaml	2355	2355	0	0	1	282.982	74193	81920	90.57	100	74	True	466.73
gr24_F4I1L3.yaml	2355	2355	0	0	1	283.513	74193	81920	90.57	100	75	True	466.73
gr24_F4I1L3.yaml	2355	2355	0	0	1	284.052	74193	81920	90.57	100	75	True	466.73
gr24_F4I1L3.yaml	2355	2355	0	0	1	284.579	74193	81920	90.57	100	75	True	466.73
gr24_F4I1L3.yaml	2355	2355	0	0	1	285.108	74193	81920	90.57	100	74	True	466.73
gr24_F4I1L3.yaml	2355	2355	0	0	1	285.638	74193	81920	90.57	100	75	True	466.73
gr24_F4I1L3.yaml	2355	2355	0	0	1	286.166	74193	81920	90.57	100	75	True	466.73
gr24_F4I1L3.yaml	2355	2355	0	0	1	286.702	74193	81920	90.57	100	75	True	466.73
gr24_F4I1L3.yaml	2355	2355	0	0	1	287.231	74193	81920	90.57	100	75	True	466.73
gr24_F4I1L3.yaml	2355	2355	0	0	1	287.765	74193	81920	90.57	100	75	True	466.73
gr24_F4I1L3.yaml	2355	2355	0	0	1	288.294	74193	81920	90.57	100	75	True	466.73
gr24_F4I1L3.yaml	2355	2355	0	0	1	288.824	74193	81920	90.57	100	75	True	466.73
gr24_F4I1L3.yaml	2355	2355	0	0	1	289.359	74193	81920	90.57	100	75	True	466.73
gr24_F4I1L3.yaml	2355	2355	0	0	1	289.889	74193	81920	90.57	100	75	True	466.73
gr24_F4I1L3.yaml	2355	2355	0	0	1	290.42	74193	81920	90.57	100	75	True	466.73
gr24_F4I1L3.yaml	2355	2355	0	0	1	290.951	74193	81920	90.57	100	75	True	466.73
gr24_F4I1L3.yaml	2355	2355	0	0	1	291.481	74193	81920	90.57	100	75	True	466.73
gr24_F4I1L3.yaml	2355	2355	0	0	1	292.012	74193	81920	90.57	100	75	True	466.73
gr24_F4I1L3.yaml	2355	2355	0	0	1	292.551	74193	81920	90.57	100	75	True	466.73
gr24_F4I1L3.yaml	2355	2355	0	0	1	293.083	74193	81920	90.57	100	75	True	466.73
gr24_F4I1L3.yaml	2355	2355	0	0	1	293.612	74193	81920	90.57	100	75	True	466.73
gr24_F4I1L3.yaml	2355	2355	0	0	1	294.144	74193	81920	90.57	100	75	True	466.73
gr24_F4I1L3.yaml	2355	2355	0	0	1	294.677	74193	81920	90.57	100	74	True	466.73
gr24_F4I1L3.yaml	2355	2355	0	0	1	295.207	74193	81920	90.57	100	75	True	466.73
gr24_F4I1L3.yaml	2355	2355	0	0	1	295.734	74193	81920	90.57	100	75	True	466.73
gr24_F4I1L3.yaml	2355	2355	0	0	1	296.262	74193	81920	90.57	100	75	True	466.73
gr24_F4I1L3.yaml	2355	2355	0	0	1	296.796	74193	81920	90.57	100	75	True	466.73
gr24_F4I1L3.yaml	2355	2355	0	0	1	297.327	74193	81920	90.57	100	75	True	466.73
gr24_F4I1L3.yaml	2355	2355	0	0	1	297.857	74193	81920	90.57	100	75	True	466.73
gr24_F4I1L3.yaml	2355	2355	0	0	1	298.386	74193	81920	90.57	100	75	True	466.73
gr24_F4I1L3.yaml	2355	2355	0	0	1	298.917	74193	81920	90.57	100	75	True	466.73
gr24_F4I1L3.yaml	2355	2355	0	0	1	299.447	74193	81920	90.57	100	75	True	466.73
gr24_F4I1L3.yaml	2355	2355	0	0	1	299.986	74193	81920	90.57	100	75	True	466.73
gr24_F4I1L3.yaml	2355	2355	0	0	1	300.513	74193	81920	90.57	100	75	True	466.73
gr24_F4I1L3.yaml	2355	2355	0	0	1	301.042	74193	81920	90.57	100	75	True	466.73
gr24_F4I1L3.yaml	2355	2355	0	0	1	301.571	74193	81920	90.57	100	74	True	466.73
gr24_F4I1L3.yaml	2355	2355	0	0	1	302.104	74193	81920	90.57	100	75	True	466.73
gr24_F4I1L3.yaml	2355	2355	0	0	1	302.636	74193	81920	90.57	100	75	True	466.73
gr24_F4I1L3.yaml	2355	2355	0	0	1	303.163	74193	81920	90.57	100	75	True	466.73
gr24_F4I1L3.yaml	2355	2355	0	0	1	303.697	74193	81920	90.57	100	75	True	466.73
gr24_F4I1L3.yaml	2355	2355	0	0	1	304.225	74193	81920	90.57	100	74	True	466.73
gr24_F4I1L3.yaml	2355	2355	0	0	1	304.752	74193	81920	90.57	100	74	True	466.73
gr24_F4I1L3.yaml	2355	2355	0	0	1	305.285	74193	81920	90.57	100	75	True	466.73
gr24_F4I1L3.yaml	2355	2355	0	0	1	305.814	74193	81920	90.57	100	75	True	466.73
gr24_F4I1L3.yaml	2355	2355	0	0	1	306.346	74193	81920	90.57	100	75	True	466.73
gr24_F4I1L3.yaml	2355	2355	0	0	1	306.877	74193	81920	90.57	100	74	True	466.73
gr24_F4I1L3.yaml	2355	2355	0	0	1	307.405	74193	81920	90.57	100	75	True	466.73
gr24_F4I1L3.yaml	2355	2355	0	0	1	307.932	74193	81920	90.57	100	75	True	466.73
gr24_F4I1L3.yaml	2355	2355	0	0	1	308.467	74193	81920	90.57	100	75	True	466.73
gr24_F4I1L3.yaml	2355	2355	0	0	1	308.997	74193	81920	90.57	100	75	True	466.73
gr24_F4I1L3.yaml	2355	2355	0	0	1	309.528	74193	81920	90.57	100	75	True	466.73
gr24_F4I1L3.yaml	2355	2355	0	0	1	310.062	74193	81920	90.57	100	75	True	466.73
gr24_F4I1L3.yaml	2355	2355	0	0	1	310.592	74193	81920	90.57	100	75	True	466.73
gr24_F4I1L3.yaml	2355	2355	0	0	1	311.12	74193	81920	90.57	100	75	True	466.73
gr24_F4I1L3.yaml	2355	2355	0	0	1	311.648	74193	81920	90.57	100	75	True	466.73
gr24_F4I1L3.yaml	2355	2355	0	0	1	312.179	74193	81920	90.57	100	75	True	466.73
gr24_F4I1L3.yaml	2355	2355	0	0	1	312.711	74193	81920	90.57	100	75	True	466.73
gr24_F4I1L3.yaml	2355	2355	0	0	1	313.248	74193	81920	90.57	100	75	True	466.73
gr24_F4I1L3.yaml	2355	2355	0	0	1	313.776	74193	81920	90.57	100	74	True	466.73
gr24_F4I1L3.yaml	2355	2355	0	0	1	314.303	74193	81920	90.57	100	75	True	466.73
gr24_F4I1L3.yaml	2355	2355	0	0	1	314.834	74193	81920	90.57	100	75	True	466.73
gr24_F4I1L3.yaml	2355	2355	0	0	1	315.367	74193	81920	90.57	100	75	True	466.73
gr24_F4I1L3.yaml	2355	2355	0	0	1	315.943	74193	81920	90.57	100	75	True	466.73
gr24_F4I1L3.yaml	2355	2355	0	0	1	316.473	74193	81920	90.57	100	75	True	466.73
gr24_F4I1L3.yaml	2355	2355	0	0	1	317.001	74193	81920	90.57	100	75	True	466.73
gr24_F4I1L3.yaml	2355	2355	0	0	1	317.53	74193	81920	90.57	100	75	True	466.73
gr24_F4I1L3.yaml	2355	2355	0	0	1	318.06	74193	81920	90.57	100	75	True	466.73
gr24_F4I1L3.yaml	2355	2355	0	0	1	318.59	74193	81920	90.57	100	75	True	466.73
gr24_F4I1L3.yaml	2355	2355	0	0	1	319.12	74193	81920	90.57	100	75	True	466.73
gr24_F4I1L3.yaml	2355	2355	0	0	1	319.661	74193	81920	90.57	100	75	True	466.73
gr24_F4I1L3.yaml	2355	2355	0	0	1	320.188	74193	81920	90.57	100	75	True	466.73
gr24_F4I1L3.yaml	2355	2355	0	0	1	320.718	74193	81920	90.57	100	75	True	466.73
gr24_F4I1L3.yaml	2355	2355	0	0	1	321.247	74193	81920	90.57	100	75	True	466.73
gr24_F4I1L3.yaml	2355	2355	0	0	1	321.775	74193	81920	90.57	100	75	True	466.73
gr24_F4I1L3.yaml	2355	2355	0	0	1	322.303	74193	81920	90.57	100	75	True	466.73
gr24_F4I1L3.yaml	2355	2355	0	0	1	322.835	74193	81920	90.57	100	75	True	466.73
gr24_F4I1L3.yaml	2355	2355	0	0	1	323.374	74193	81920	90.57	100	74	True	466.73
gr24_F4I1L3.yaml	2355	2355	0	0	1	323.901	74193	81920	90.57	100	74	True	466.73
gr24_F4I1L3.yaml	2355	2355	0	0	1	324.43	74193	81920	90.57	100	75	True	466.73
gr24_F4I1L3.yaml	2355	2355	0	0	1	324.961	74193	81920	90.57	100	75	True	466.73
gr24_F4I1L3.yaml	2355	2355	0	0	1	325.501	74193	81920	90.57	100	75	True	466.73
gr24_F4I1L3.yaml	2355	2355	0	0	1	326.036	74193	81920	90.57	100	75	True	466.73
gr24_F4I1L3.yaml	2355	2355	0	0	1	326.573	74193	81920	90.57	100	75	True	466.73
gr24_F4I1L3.yaml	2355	2355	0	0	1	327.103	74193	81920	90.57	100	75	True	466.73
gr24_F4I1L3.yaml	2355	2355	0	0	1	327.631	74193	81920	90.57	100	75	True	466.73
gr24_F4I1L3.yaml	2355	2355	0	0	1	328.159	74193	81920	90.57	100	75	True	466.73
gr24_F4I1L3.yaml	2355	2355	0	0	1	328.686	74193	81920	90.57	100	75	True	466.73
gr24_F4I1L3.yaml	2355	2355	0	0	1	329.232	74193	81920	90.57	100	75	True	466.73
gr24_F4I1L3.yaml	2355	2355	0	0	1	329.758	74193	81920	90.57	100	76	True	466.73
gr24_F4I1L3.yaml	2355	2355	0	0	1	330.287	74195	81920	90.57	100	74	True	466.73
gr24_F4I1L3.yaml	2355	2355	0	0	1	330.818	28273	81920	34.51	100	69	True	466.73
gr24_F4I1L3.yaml	2355	2355	0	0	1	331.381	28311	81920	34.56	100	69	True	466.73
gr24_F4I1L3.yaml	2355	2355	0	0	1	331.911	28311	81920	34.56	100	71	True	466.73
gr24_F4I1L3.yaml	2355	2355	0	0	1	332.447	28311	81920	34.56	99	73	True	466.73
gr24_F4I1L3.yaml	2355	2355	0	0	1	332.986	28311	81920	34.56	100	73	True	466.73
gr24_F4I1L3.yaml	2355	2355	0	0	1	333.521	28311	81920	34.56	100	74	True	466.73
gr24_F4I1L3.yaml	2355	2355	0	0	1	334.051	28311	81920	34.56	99	74	True	466.73
gr24_F4I1L3.yaml	2355	2355	0	0	1	334.581	28311	81920	34.56	100	74	True	466.73
gr24_F4I1L3.yaml	2355	2355	0	0	1	335.113	28311	81920	34.56	100	75	True	466.73
gr24_F4I1L3.yaml	2355	2355	0	0	1	335.649	28311	81920	34.56	99	75	True	466.73
gr24_F4I1L3.yaml	2355	2355	0	0	1	336.177	28311	81920	34.56	100	75	True	466.73
gr24_F4I1L3.yaml	2355	2355	0	0	1	336.706	28311	81920	34.56	99	75	True	466.73
gr24_F4I1L3.yaml	2355	2355	0	0	1	337.237	28311	81920	34.56	100	75	True	466.73
gr24_F4I1L3.yaml	2355	2355	0	0	1	337.764	28311	81920	34.56	100	75	True	466.73
gr24_F4I1L3.yaml	2355	2355	0	0	1	338.301	28311	81920	34.56	99	75	True	466.73
gr24_F4I1L3.yaml	2355	2355	0	0	1	338.84	28311	81920	34.56	100	75	True	466.73
gr24_F4I1L3.yaml	2355	2355	0	0	1	339.372	28311	81920	34.56	100	75	True	466.73
gr24_F4I1L3.yaml	2355	2355	0	0	1	339.901	28311	81920	34.56	100	75	True	466.73
gr24_F4I1L3.yaml	2355	2355	0	0	1	340.429	28311	81920	34.56	100	75	True	466.73
gr24_F4I1L3.yaml	2355	2355	0	0	1	340.964	28311	81920	34.56	99	75	True	466.73
gr24_F4I1L3.yaml	2355	2355	0	0	1	341.498	28311	81920	34.56	100	75	True	466.73
gr24_F4I1L3.yaml	2355	2355	0	0	1	342.03	28311	81920	34.56	99	75	True	466.73
gr24_F4I1L3.yaml	2355	2355	0	0	1	342.565	28311	81920	34.56	99	76	True	466.73
gr24_F4I1L3.yaml	2355	2355	0	0	1	343.092	28311	81920	34.56	100	76	True	466.73
gr24_F4I1L3.yaml	2355	2355	0	0	1	343.624	28311	81920	34.56	99	75	True	466.73
gr24_F4I1L3.yaml	2355	2355	0	0	1	344.157	28311	81920	34.56	100	76	True	466.73
gr24_F4I1L3.yaml	2355	2355	0	0	1	344.687	28311	81920	34.56	100	76	True	466.73
gr24_F4I1L3.yaml	2355	2355	0	0	1	345.228	28311	81920	34.56	99	76	True	466.73
gr24_F4I1L3.yaml	2355	2355	0	0	1	345.761	28311	81920	34.56	100	76	True	466.73
gr24_F4I1L3.yaml	2355	2355	0	0	1	346.288	28311	81920	34.56	99	76	True	466.73
gr24_F4I1L3.yaml	2355	2355	0	0	1	346.816	28311	81920	34.56	99	75	True	466.73
gr24_F4I1L3.yaml	2355	2355	0	0	1	347.347	28311	81920	34.56	99	76	True	466.73
gr24_F4I1L3.yaml	2355	2355	0	0	1	347.876	28311	81920	34.56	99	76	True	466.73
gr24_F4I1L3.yaml	2355	2355	0	0	1	348.405	28311	81920	34.56	100	75	True	466.73
gr24_F4I1L3.yaml	2355	2355	0	0	1	348.939	28311	81920	34.56	99	76	True	466.73
gr24_F4I1L3.yaml	2355	2355	0	0	1	349.468	28311	81920	34.56	100	76	True	466.73
gr24_F4I1L3.yaml	2355	2355	0	0	1	350.002	28311	81920	34.56	100	76	True	466.73
gr24_F4I1L3.yaml	2355	2355	0	0	1	350.533	28311	81920	34.56	100	76	True	466.73
gr24_F4I1L3.yaml	2355	2355	0	0	1	351.064	28311	81920	34.56	99	76	True	466.73
gr24_F4I1L3.yaml	2355	2355	0	0	1	351.593	28311	81920	34.56	99	76	True	466.73
gr24_F4I1L3.yaml	2355	2355	0	0	1	352.124	28311	81920	34.56	100	76	True	466.73
gr24_F4I1L3.yaml	2355	2355	0	0	1	352.656	28311	81920	34.56	100	76	True	466.73
gr24_F4I1L3.yaml	2355	2355	0	0	1	353.186	28311	81920	34.56	99	76	True	466.73
gr24_F4I1L3.yaml	2355	2355	0	0	1	353.717	28311	81920	34.56	99	76	True	466.73
gr24_F4I1L3.yaml	2355	2355	0	0	1	354.244	28311	81920	34.56	100	76	True	466.73
gr24_F4I1L3.yaml	2355	2355	0	0	1	354.778	28311	81920	34.56	100	76	True	466.73
gr24_F4I1L3.yaml	2355	2355	0	0	1	355.314	28311	81920	34.56	100	76	True	466.73
gr24_F4I1L3.yaml	2355	2355	0	0	1	355.842	28311	81920	34.56	99	76	True	466.73
gr24_F4I1L3.yaml	2355	2355	0	0	1	356.37	28311	81920	34.56	100	75	True	466.73
gr24_F4I1L3.yaml	2355	2355	0	0	1	356.898	28311	81920	34.56	100	75	True	466.73
gr24_F4I1L3.yaml	2355	2355	0	0	1	357.426	28311	81920	34.56	99	76	True	466.73
gr24_F4I1L3.yaml	2355	2355	0	0	1	357.958	28311	81920	34.56	99	75	True	466.73
gr24_F4I1L3.yaml	2355	2355	0	0	1	358.486	28311	81920	34.56	100	76	True	466.73
gr24_F4I1L3.yaml	2355	2355	0	0	1	359.02	28311	81920	34.56	99	76	True	466.73
gr24_F4I1L3.yaml	2355	2355	0	0	1	359.556	28311	81920	34.56	100	75	True	466.73
gr24_F4I1L3.yaml	2355	2355	0	0	1	360.085	28311	81920	34.56	99	75	True	466.73
gr24_F4I1L3.yaml	2355	2355	0	0	1	360.616	28311	81920	34.56	100	75	True	466.73
gr24_F4I1L3.yaml	2355	2355	0	0	1	361.151	28311	81920	34.56	100	76	True	466.73
gr24_F4I1L3.yaml	2355	2355	0	0	1	361.682	28311	81920	34.56	99	75	True	466.73
gr24_F4I1L3.yaml	2355	2355	0	0	1	362.212	28311	81920	34.56	99	76	True	466.73
gr24_F4I1L3.yaml	2355	2355	0	0	1	362.748	28311	81920	34.56	100	76	True	466.73
gr24_F4I1L3.yaml	2355	2355	0	0	1	363.276	28311	81920	34.56	100	76	True	466.73
gr24_F4I1L3.yaml	2355	2355	0	0	1	363.805	28311	81920	34.56	100	76	True	466.73
gr24_F4I1L3.yaml	2355	2355	0	0	1	364.334	28311	81920	34.56	99	76	True	466.73
gr24_F4I1L3.yaml	2355	2355	0	0	1	364.868	28311	81920	34.56	100	76	True	466.73
gr24_F4I1L3.yaml	2355	2355	0	0	1	365.401	28311	81920	34.56	100	76	True	466.73
gr24_F4I1L3.yaml	2355	2355	0	0	1	365.934	28311	81920	34.56	99	76	True	466.73
gr24_F4I1L3.yaml	2355	2355	0	0	1	366.462	28311	81920	34.56	99	76	True	466.73
gr24_F4I1L3.yaml	2355	2355	0	0	1	366.995	28311	81920	34.56	99	76	True	466.73
gr24_F4I1L3.yaml	2355	2355	0	0	1	367.526	28311	81920	34.56	100	76	True	466.73
gr24_F4I1L3.yaml	2355	2355	0	0	1	368.054	28311	81920	34.56	100	76	True	466.73
gr24_F4I1L3.yaml	2355	2355	0	0	1	368.581	28311	81920	34.56	99	75	True	466.73
gr24_F4I1L3.yaml	2355	2355	0	0	1	369.105	28311	81920	34.56	100	75	True	466.73
gr24_F4I1L3.yaml	2355	2355	0	0	1	369.635	28311	81920	34.56	100	76	True	466.73
gr24_F4I1L3.yaml	2355	2355	0	0	1	370.17	28311	81920	34.56	99	76	True	466.73
gr24_F4I1L3.yaml	2355	2355	0	0	1	370.707	28311	81920	34.56	99	75	True	466.73
gr24_F4I1L3.yaml	2355	2355	0	0	1	371.238	28311	81920	34.56	99	75	True	466.73
gr24_F4I1L3.yaml	2355	2355	0	0	1	371.772	28311	81920	34.56	100	75	True	466.73
gr24_F4I1L3.yaml	2355	2355	0	0	1	372.303	28311	81920	34.56	100	76	True	466.73
gr24_F4I1L3.yaml	2355	2355	0	0	1	372.843	28311	81920	34.56	99	76	True	466.73
gr24_F4I1L3.yaml	2355	2355	0	0	1	373.373	28311	81920	34.56	100	75	True	466.73
gr24_F4I1L3.yaml	2355	2355	0	0	1	373.902	28311	81920	34.56	99	76	True	466.73
gr24_F4I1L3.yaml	2355	2355	0	0	1	374.432	28311	81920	34.56	99	75	True	466.73
gr24_F4I1L3.yaml	2355	2355	0	0	1	374.963	28311	81920	34.56	99	76	True	466.73
gr24_F4I1L3.yaml	2355	2355	0	0	1	375.496	28311	81920	34.56	99	76	True	466.73
gr24_F4I1L3.yaml	2355	2355	0	0	1	376.027	28311	81920	34.56	100	76	True	466.73
gr24_F4I1L3.yaml	2355	2355	0	0	1	376.558	28311	81920	34.56	99	75	True	466.73
gr24_F4I1L3.yaml	2355	2355	0	0	1	377.087	28311	81920	34.56	99	76	True	466.73
gr24_F4I1L3.yaml	2355	2355	0	0	1	377.619	28311	81920	34.56	100	76	True	466.73
gr24_F4I1L3.yaml	2355	2355	0	0	1	378.149	28311	81920	34.56	100	75	True	466.73
gr24_F4I1L3.yaml	2355	2355	0	0	1	378.678	28311	81920	34.56	100	75	True	466.73
gr24_F4I1L3.yaml	2355	2355	0	0	1	379.209	28311	81920	34.56	100	75	True	466.73
gr24_F4I1L3.yaml	2355	2355	0	0	1	379.742	28311	81920	34.56	99	75	True	466.73
gr24_F4I1L3.yaml	2355	2355	0	0	1	380.276	28311	81920	34.56	100	75	True	466.73
gr24_F4I1L3.yaml	2355	2355	0	0	1	380.805	28311	81920	34.56	99	75	True	466.73
gr24_F4I1L3.yaml	2355	2355	0	0	1	381.345	28311	81920	34.56	99	75	True	466.73
gr24_F4I1L3.yaml	2355	2355	0	0	1	381.877	28311	81920	34.56	100	76	True	466.73
gr24_F4I1L3.yaml	2355	2355	0	0	1	382.408	28311	81920	34.56	100	76	True	466.73
gr24_F4I1L3.yaml	2355	2355	0	0	1	382.94	28311	81920	34.56	100	75	True	466.73
gr24_F4I1L3.yaml	2355	2355	0	0	1	383.472	28311	81920	34.56	99	76	True	466.73
gr24_F4I1L3.yaml	2355	2355	0	0	1	384.006	28311	81920	34.56	100	75	True	466.73
gr24_F4I1L3.yaml	2355	2355	0	0	1	384.541	28311	81920	34.56	100	76	True	466.73
gr24_F4I1L3.yaml	2355	2355	0	0	1	385.074	28311	81920	34.56	99	76	True	466.73
gr24_F4I1L3.yaml	2355	2355	0	0	1	385.603	28311	81920	34.56	99	76	True	466.73
gr24_F4I1L3.yaml	2355	2355	0	0	1	386.136	28311	81920	34.56	100	75	True	466.73
gr24_F4I1L3.yaml	2355	2355	0	0	1	386.668	28311	81920	34.56	100	75	True	466.73
gr24_F4I1L3.yaml	2355	2355	0	0	1	387.202	28311	81920	34.56	100	76	True	466.73
gr24_F4I1L3.yaml	2355	2355	0	0	1	387.744	28311	81920	34.56	99	75	True	466.73
gr24_F4I1L3.yaml	2355	2355	0	0	1	388.276	28311	81920	34.56	99	75	True	466.73
gr24_F4I1L3.yaml	2355	2355	0	0	1	388.811	28311	81920	34.56	100	75	True	466.73
gr24_F4I1L3.yaml	2355	2355	0	0	1	389.338	28311	81920	34.56	99	75	True	466.73
gr24_F4I1L3.yaml	2355	2355	0	0	1	389.867	28311	81920	34.56	100	76	True	466.73
gr24_F4I1L3.yaml	2355	2355	0	0	1	390.395	28311	81920	34.56	99	75	True	466.73
gr24_F4I1L3.yaml	2355	2355	0	0	1	390.928	28311	81920	34.56	100	75	True	466.73
gr24_F4I1L3.yaml	2355	2355	0	0	1	391.462	28311	81920	34.56	100	75	True	466.73
gr24_F4I1L3.yaml	2355	2355	0	0	1	391.993	28311	81920	34.56	99	76	True	466.73
gr24_F4I1L3.yaml	2355	2355	0	0	1	392.52	28311	81920	34.56	99	76	True	466.73
gr24_F4I1L3.yaml	2355	2355	0	0	1	393.048	28311	81920	34.56	100	75	True	466.73
gr24_F4I1L3.yaml	2355	2355	0	0	1	393.578	28311	81920	34.56	99	75	True	466.73
gr24_F4I1L3.yaml	2355	2355	0	0	1	394.109	28311	81920	34.56	99	75	True	466.73
gr24_F4I1L3.yaml	2355	2355	0	0	1	394.64	28311	81920	34.56	99	76	True	466.73
gr24_F4I1L3.yaml	2355	2355	0	0	1	395.173	28311	81920	34.56	100	75	True	466.73
gr24_F4I1L3.yaml	2355	2355	0	0	1	395.707	28311	81920	34.56	100	76	True	466.73
gr24_F4I1L3.yaml	2355	2355	0	0	1	396.236	28311	81920	34.56	99	75	True	466.73
gr24_F4I1L3.yaml	2355	2355	0	0	1	396.767	28311	81920	34.56	99	75	True	466.73
gr24_F4I1L3.yaml	2355	2355	0	0	1	397.296	28311	81920	34.56	100	76	True	466.73
gr24_F4I1L3.yaml	2355	2355	0	0	1	397.828	28311	81920	34.56	99	75	True	466.73
gr24_F4I1L3.yaml	2355	2355	0	0	1	398.356	28311	81920	34.56	100	75	True	466.73
gr24_F4I1L3.yaml	2355	2355	0	0	1	398.887	28311	81920	34.56	99	75	True	466.73
gr24_F4I1L3.yaml	2355	2355	0	0	1	399.427	28311	81920	34.56	100	75	True	466.73
gr24_F4I1L3.yaml	2355	2355	0	0	1	399.958	28311	81920	34.56	99	75	True	466.73
gr24_F4I1L3.yaml	2355	2355	0	0	1	400.489	28311	81920	34.56	99	75	True	466.73
gr24_F4I1L3.yaml	2355	2355	0	0	1	401.019	28311	81920	34.56	100	75	True	466.73
gr24_F4I1L3.yaml	2355	2355	0	0	1	401.55	28311	81920	34.56	100	76	True	466.73
gr24_F4I1L3.yaml	2355	2355	0	0	1	402.082	28311	81920	34.56	100	76	True	466.73
gr24_F4I1L3.yaml	2355	2355	0	0	1	402.615	28311	81920	34.56	100	76	True	466.73
gr24_F4I1L3.yaml	2355	2355	0	0	1	403.151	28311	81920	34.56	99	75	True	466.73
gr24_F4I1L3.yaml	2355	2355	0	0	1	403.681	28311	81920	34.56	100	75	True	466.73
gr24_F4I1L3.yaml	2355	2355	0	0	1	404.216	28311	81920	34.56	100	75	True	466.73
gr24_F4I1L3.yaml	2355	2355	0	0	1	404.743	28311	81920	34.56	99	75	True	466.73
gr24_F4I1L3.yaml	2355	2355	0	0	1	405.277	28311	81920	34.56	99	76	True	466.73
gr24_F4I1L3.yaml	2355	2355	0	0	1	405.805	28311	81920	34.56	100	75	True	466.73
gr24_F4I1L3.yaml	2355	2355	0	0	1	406.333	28311	81920	34.56	100	75	True	466.73
gr24_F4I1L3.yaml	2355	2355	0	0	1	406.862	28311	81920	34.56	99	75	True	466.73
gr24_F4I1L3.yaml	2355	2355	0	0	1	407.404	28311	81920	34.56	99	75	True	466.73
gr24_F4I1L3.yaml	2355	2355	0	0	1	407.932	60411	81920	73.74	100	75	True	466.73
gr24_F4I1L3.yaml	2355	2355	0	0	1	408.462	60411	81920	73.74	100	75	True	466.73
gr24_F4I1L3.yaml	2355	2355	0	0	1	408.99	60413	81920	73.75	100	74	True	466.73
gr24_F4I1L3.yaml	2355	2355	0	0	1	409.519	60413	81920	73.75	100	75	True	466.73
gr24_F4I1L3.yaml	2355	2355	0	0	1	410.049	60413	81920	73.75	100	75	True	466.73
gr24_F4I1L3.yaml	2355	2355	0	0	1	410.58	60413	81920	73.75	100	75	True	466.73
gr24_F4I1L3.yaml	2355	2355	0	0	1	411.116	60413	81920	73.75	100	75	True	466.73
gr24_F4I1L3.yaml	2355	2355	0	0	1	411.65	60413	81920	73.75	100	74	True	466.73
gr24_F4I1L3.yaml	2355	2355	0	0	1	412.177	60415	81920	73.75	100	75	True	466.73
gr24_F4I1L3.yaml	2355	2355	0	0	1	412.707	60415	81920	73.75	100	75	True	466.73
gr24_F4I1L3.yaml	2355	2355	0	0	1	413.235	60415	81920	73.75	100	74	True	466.73
gr24_F4I1L3.yaml	2355	2355	0	0	1	413.762	60415	81920	73.75	100	75	True	466.73
gr24_F4I1L3.yaml	2355	2355	0	0	1	414.313	60415	81920	73.75	100	75	True	466.73
gr24_F4I1L3.yaml	2355	2355	0	0	1	414.844	60415	81920	73.75	100	75	True	466.73
gr24_F4I1L3.yaml	2355	2355	0	0	1	415.376	60415	81920	73.75	1	71	True	466.73
gr24_F4I1L3.yaml	2355	2355	0	0	1	415.904	60415	81920	73.75	3	67	True	466.73
gr24_F4I1L3.yaml	2355	2355	0	0	1	416.434	60415	81920	73.75	3	64	True	466.73
gr24_F4I1L3.yaml	2355	2355	0	0	1	416.961	60415	81920	73.75	0	63	True	466.73
gr24_F4I1L3.yaml	2355	2355	0	0	1	417.491	60415	81920	73.75	0	61	True	466.73
gr24_F4I1L3.yaml	2355	2355	0	0	1	418.021	60415	81920	73.75	1	60	True	466.73
gr24_F4I1L3.yaml	2355	2355	0	0	1	418.549	60415	81920	73.75	0	59	True	466.73
gr24_F4I1L3.yaml	2355	2355	0	0	1	419.075	60415	81920	73.75	8	58	True	466.73
gr24_F4I1L3.yaml	2355	2355	0	0	1	419.607	60415	81920	73.75	6	57	True	466.73
gr24_F4I1L3.yaml	2355	2355	0	0	1	420.139	567	81920	0.69	81	56	True	466.73
gr24_F4I1L3.yaml	2355	2355	0	0	1	420.669	567	81920	0.69	100	55	True	466.73
gr24_F4I1L3.yaml	2355	2355	0	0	1	421.2	567	81920	0.69	100	54	True	466.73
gr24_F4I1L3.yaml	2355	2355	0	0	1	421.731	567	81920	0.69	100	54	True	466.73
gr24_F4I1L3.yaml	2355	2355	0	0	1	422.261	567	81920	0.69	0	53	True	466.73
gr24_F4I1L3.yaml	2355	2355	0	0	1	422.799	567	81920	0.69	0	53	True	466.73
gr24_F4I1L3.yaml	2355	2355	0	0	1	423.319	567	81920	0.69	0	52	True	466.73
gr24_F4I1L3.yaml	2355	2355	0	0	1	423.849	567	81920	0.69	0	52	True	466.73
gr24_F4I1L3.yaml	2355	2355	0	0	1	424.369	567	81920	0.69	0	51	True	466.73
gr24_F4I1L3.yaml	2355	2355	0	0	1	424.94	567	81920	0.69	0	51	True	466.73
gr24_F4I1L3.yaml	2355	2355	0	0	1	425.46	567	81920	0.69	0	51	True	466.73
gr24_F4I1L3.yaml	2355	2355	0	0	1	425.979	567	81920	0.69	0	50	True	466.73
gr24_F4I1L3.yaml	2355	2355	0	0	1	426.497	567	81920	0.69	0	50	True	466.73
gr24_F4I1L3.yaml	2355	2355	0	0	1	427.017	567	81920	0.69	0	50	True	466.73
gr24_F4I1L3.yaml	2355	2355	0	0	1	427.551	567	81920	0.69	0	50	True	466.73
gr24_F4I1L3.yaml	2355	2355	0	0	1	428.079	567	81920	0.69	0	49	True	466.73
gr24_F4I1L3.yaml	2355	2355	0	0	1	428.607	567	81920	0.69	0	49	True	466.73
gr24_F4I1L3.yaml	2355	2355	0	0	1	429.125	567	81920	0.69	0	49	True	466.73
gr24_F4I1L3.yaml	2355	2355	0	0	1	429.651	567	81920	0.69	0	49	True	466.73
gr24_F4I1L3.yaml	2355	2355	0	0	1	430.17	567	81920	0.69	0	49	True	466.73
gr24_F4I1L3.yaml	2355	2355	0	0	1	430.688	567	81920	0.69	0	49	True	466.73
gr24_F4I1L3.yaml	2355	2355	0	0	1	431.215	567	81920	0.69	0	49	True	466.73
gr24_F4I1L3.yaml	2355	2355	0	0	1	431.735	567	81920	0.69	0	48	True	466.73
gr24_F4I1L3.yaml	2355	2355	0	0	1	432.252	567	81920	0.69	0	48	True	466.73
gr24_F4I1L3.yaml	2355	2355	0	0	1	432.77	567	81920	0.69	0	48	True	466.73
gr24_F4I1L3.yaml	2355	2355	0	0	1	433.288	567	81920	0.69	0	48	True	466.73
gr24_F4I1L3.yaml	2355	2355	0	0	1	433.806	567	81920	0.69	0	48	True	466.73
gr24_F4I1L3.yaml	2355	2355	0	0	1	434.325	567	81920	0.69	0	48	True	466.73
gr24_F4I1L3.yaml	2355	2355	0	0	1	434.843	567	81920	0.69	0	48	True	466.73
gr24_F4I1L3.yaml	2355	2355	0	0	1	435.363	567	81920	0.69	0	48	True	466.73
gr24_F4I1L3.yaml	2355	2355	0	0	1	435.887	567	81920	0.69	0	48	True	466.73
gr24_F4I1L3.yaml	2355	2355	0	0	1	436.407	567	81920	0.69	0	48	True	466.73
gr24_F4I1L3.yaml	2355	2355	0	0	1	436.925	567	81920	0.69	0	48	True	466.73
gr24_F4I1L3.yaml	2355	2355	0	0	1	437.452	567	81920	0.69	0	48	True	466.73
gr24_F4I1L3.yaml	2355	2355	0	0	1	437.976	567	81920	0.69	0	48	True	466.73
gr24_F4I1L3.yaml	2355	2355	0	0	1	438.499	567	81920	0.69	0	48	True	466.73
gr24_F4I1L3.yaml	2355	2355	0	0	1	439.031	567	81920	0.69	0	48	True	466.73
gr24_F4I1L3.yaml	2355	2355	0	0	1	439.564	567	81920	0.69	0	48	True	466.73
gr24_F4I1L3.yaml	2355	2355	0	0	1	440.081	567	81920	0.69	0	48	True	466.73
gr24_F4I1L3.yaml	2355	2355	0	0	1	440.597	567	81920	0.69	0	48	True	466.73
gr24_F4I1L3.yaml	2355	2355	0	0	1	441.138	567	81920	0.69	0	48	True	466.73
gr24_F4I1L3.yaml	2355	2355	0	0	1	441.674	619	81920	0.76	0	48	True	466.73
gr24_F4I1L3.yaml	2355	2355	0	0	1	442.191	2707	81920	3.3	30	48	True	466.73
gr24_F4I1L3.yaml	2355	2355	0	0	1	442.711	2707	81920	3.3	0	48	True	466.73
gr24_F4I1L3.yaml	2355	2355	0	0	1	443.231	2707	81920	3.3	0	48	True	466.73
gr24_F4I1L3.yaml	2355	2355	0	0	1	443.751	2707	81920	3.3	0	48	True	466.73
gr24_F4I1L3.yaml	2355	2355	0	0	1	444.271	10053	81920	12.27	0	51	True	466.73
gr24_F4I1L3.yaml	2355	2355	0	0	1	444.79	10053	81920	12.27	100	56	True	466.73
gr24_F4I1L3.yaml	2355	2355	0	0	1	445.31	10053	81920	12.27	100	59	True	466.73
gr24_F4I1L3.yaml	2355	2355	0	0	1	445.831	10053	81920	12.27	100	61	True	466.73
gr24_F4I1L3.yaml	2355	2355	0	0	1	446.356	10053	81920	12.27	100	62	True	466.73
gr24_F4I1L3.yaml	2355	2355	0	0	1	446.885	10053	81920	12.27	100	64	True	466.73
gr24_F4I1L3.yaml	2355	2355	0	0	1	447.416	10053	81920	12.27	100	65	True	466.73
gr24_F4I1L3.yaml	2355	2355	0	0	1	447.947	10053	81920	12.27	100	67	True	466.73
gr24_F4I1L3.yaml	2355	2355	0	0	1	448.474	10053	81920	12.27	98	69	True	466.73
gr24_F4I1L3.yaml	2355	2355	0	0	1	449.003	10053	81920	12.27	98	71	True	466.73
gr24_F4I1L3.yaml	2355	2355	0	0	1	449.533	10053	81920	12.27	98	71	True	466.73
gr24_F4I1L3.yaml	2355	2355	0	0	1	450.071	10053	81920	12.27	98	73	True	466.73
gr24_F4I1L3.yaml	2355	2355	0	0	1	450.599	10053	81920	12.27	98	73	True	466.73
gr24_F4I1L3.yaml	2355	2355	0	0	1	451.132	10053	81920	12.27	97	73	True	466.73
gr24_F4I1L3.yaml	2355	2355	0	0	1	451.659	10053	81920	12.27	98	74	True	466.73
gr24_F4I1L3.yaml	2355	2355	0	0	1	452.194	10053	81920	12.27	98	74	True	466.73
gr24_F4I1L3.yaml	2355	2355	0	0	1	452.723	10053	81920	12.27	98	75	True	466.73
gr24_F4I1L3.yaml	2355	2355	0	0	1	453.252	10053	81920	12.27	98	75	True	466.73
gr24_F4I1L3.yaml	2355	2355	0	0	1	453.784	10053	81920	12.27	98	76	True	466.73
gr24_F4I1L3.yaml	2355	2355	0	0	1	454.314	10053	81920	12.27	98	76	True	466.73
gr24_F4I1L3.yaml	2355	2355	0	0	1	454.844	10053	81920	12.27	98	77	True	466.73
gr24_F4I1L3.yaml	2355	2355	0	0	1	455.378	10053	81920	12.27	98	77	True	466.73
gr24_F4I1L3.yaml	2355	2355	0	0	1	455.912	10053	81920	12.27	98	76	True	466.73
gr24_F4I1L3.yaml	2355	2355	0	0	1	456.446	10053	81920	12.27	98	77	True	466.73
gr24_F4I1L3.yaml	2355	2355	0	0	1	456.975	10053	81920	12.27	98	77	True	466.73
gr24_F4I1L3.yaml	2355	2355	0	0	1	457.503	10053	81920	12.27	98	77	True	466.73
gr24_F4I1L3.yaml	2355	2355	0	0	1	458.034	10053	81920	12.27	97	77	True	466.73
gr24_F4I1L3.yaml	2355	2355	0	0	1	458.565	10053	81920	12.27	98	77	True	466.73
gr24_F4I1L3.yaml	2355	2355	0	0	1	459.093	10053	81920	12.27	98	77	True	466.73
gr24_F4I1L3.yaml	2355	2355	0	0	1	459.628	10053	81920	12.27	98	78	True	466.73
gr24_F4I1L3.yaml	2355	2355	0	0	1	460.158	10053	81920	12.27	98	78	True	466.73
gr24_F4I1L3.yaml	2355	2355	0	0	1	460.687	10053	81920	12.27	98	78	True	466.73
gr24_F4I1L3.yaml	2355	2355	0	0	1	461.216	10053	81920	12.27	98	78	True	466.73
gr24_F4I1L3.yaml	2355	2355	0	0	1	461.747	10069	81920	12.29	96	76	True	466.73
gr24_F4I1L3.yaml	2355	2355	0	0	1	462.28	10069	81920	12.29	8	70	True	466.73
gr24_F4I1L3.yaml	2355	2355	0	0	1	462.81	10069	81920	12.29	7	66	True	466.73
gr24_F4I1L3.yaml	2355	2355	0	0	1	463.339	565	81920	0.69	100	63	True	466.73
gr24_F4I1L3.yaml	2355	2355	0	0	1	463.878	565	81920	0.69	0	61	True	466.73
gr24_F4I1L3.yaml	2355	2355	0	0	1	464.408	529	81920	0.65	0	60	True	466.73
gr24_F4I1L3.yaml	2355	2355	0	0	1	464.937	529	81920	0.65	0	59	True	466.73
gr24_F4I1L3.yaml	2355	2355	0	0	1	465.468	529	81920	0.65	0	57	True	466.73
gr24_F4I1L3.yaml	2355	2355	0	0	1	465.996	0	81920	0.0	0	56	True	466.73
gr24_F4IVL6.yaml	2554	2554	0	0	1	0.0	0	81920	0.0	0	55	True	493.01
gr24_F4IVL6.yaml	2554	2554	0	0	1	0.525	0	81920	0.0	0	54	True	493.01
gr24_F4IVL6.yaml	2554	2554	0	0	1	1.058	0	81920	0.0	0	53	True	493.01
gr24_F4IVL6.yaml	2554	2554	0	0	1	1.587	0	81920	0.0	0	51	True	493.01
gr24_F4IVL6.yaml	2554	2554	0	0	1	2.117	0	81920	0.0	0	50	True	493.01
gr24_F4IVL6.yaml	2554	2554	0	0	1	2.647	0	81920	0.0	0	49	True	493.01
gr24_F4IVL6.yaml	2554	2554	0	0	1	3.174	0	81920	0.0	0	48	True	493.01
gr24_F4IVL6.yaml	2554	2554	0	0	1	3.695	0	81920	0.0	0	47	True	493.01
gr24_F4IVL6.yaml	2554	2554	0	0	1	4.219	0	81920	0.0	0	47	True	493.01
gr24_F4IVL6.yaml	2554	2554	0	0	1	4.744	0	81920	0.0	0	46	True	493.01
gr24_F4IVL6.yaml	2554	2554	0	0	1	5.27	0	81920	0.0	0	46	True	493.01
gr24_F4IVL6.yaml	2554	2554	0	0	1	5.8	0	81920	0.0	0	45	True	493.01
gr24_F4IVL6.yaml	2554	2554	0	0	1	6.322	0	81920	0.0	0	45	True	493.01
gr24_F4IVL6.yaml	2554	2554	0	0	1	6.852	0	81920	0.0	0	44	True	493.01
gr24_F4IVL6.yaml	2554	2554	0	0	1	7.382	0	81920	0.0	0	44	True	493.01
gr24_F4IVL6.yaml	2554	2554	0	0	1	7.911	0	81920	0.0	0	44	True	493.01
gr24_F4IVL6.yaml	2554	2554	0	0	1	8.439	0	81920	0.0	0	43	True	493.01
gr24_F4IVL6.yaml	2554	2554	0	0	1	8.969	0	81920	0.0	0	43	True	493.01
gr24_F4IVL6.yaml	2554	2554	0	0	1	9.498	0	81920	0.0	0	43	True	493.01
gr24_F4IVL6.yaml	2554	2554	0	0	1	10.03	0	81920	0.0	0	43	True	493.01
gr24_F4IVL6.yaml	2554	2554	0	0	1	10.558	0	81920	0.0	0	42	True	493.01
gr24_F4IVL6.yaml	2554	2554	0	0	1	11.093	0	81920	0.0	0	42	True	493.01
gr24_F4IVL6.yaml	2554	2554	0	0	1	11.622	0	81920	0.0	0	42	True	493.01
gr24_F4IVL6.yaml	2554	2554	0	0	1	12.15	0	81920	0.0	0	42	True	493.01
gr24_F4IVL6.yaml	2554	2554	0	0	1	12.68	0	81920	0.0	0	42	True	493.01
gr24_F4IVL6.yaml	2554	2554	0	0	1	13.209	0	81920	0.0	0	42	True	493.01
gr24_F4IVL6.yaml	2554	2554	0	0	1	13.739	0	81920	0.0	0	41	True	493.01
gr24_F4IVL6.yaml	2554	2554	0	0	1	14.269	0	81920	0.0	0	41	True	493.01
gr24_F4IVL6.yaml	2554	2554	0	0	1	14.815	0	81920	0.0	0	41	True	493.01
gr24_F4IVL6.yaml	2554	2554	0	0	1	15.337	0	81920	0.0	0	41	True	493.01
gr24_F4IVL6.yaml	2554	2554	0	0	1	15.865	0	81920	0.0	0	41	True	493.01
gr24_F4IVL6.yaml	2554	2554	0	0	1	16.386	0	81920	0.0	0	41	True	493.01
gr24_F4IVL6.yaml	2554	2554	0	0	1	16.909	0	81920	0.0	0	41	True	493.01
gr24_F4IVL6.yaml	2554	2554	0	0	1	17.428	0	81920	0.0	0	41	True	493.01
gr24_F4IVL6.yaml	2554	2554	0	0	1	17.969	0	81920	0.0	0	41	True	493.01
gr24_F4IVL6.yaml	2554	2554	0	0	1	18.486	0	81920	0.0	0	41	True	493.01
gr24_F4IVL6.yaml	2554	2554	0	0	1	19.005	0	81920	0.0	0	41	True	493.01
gr24_F4IVL6.yaml	2554	2554	0	0	1	19.523	0	81920	0.0	0	40	True	493.01
gr24_F4IVL6.yaml	2554	2554	0	0	1	20.041	0	81920	0.0	0	40	True	493.01
gr24_F4IVL6.yaml	2554	2554	0	0	1	20.56	0	81920	0.0	0	40	True	493.01
gr24_F4IVL6.yaml	2554	2554	0	0	1	21.078	0	81920	0.0	0	40	True	493.01
gr24_F4IVL6.yaml	2554	2554	0	0	1	21.602	0	81920	0.0	0	40	True	493.01
gr24_F4IVL6.yaml	2554	2554	0	0	1	22.119	0	81920	0.0	0	40	True	493.01
gr24_F4IVL6.yaml	2554	2554	0	0	1	22.637	0	81920	0.0	0	40	True	493.01
gr24_F4IVL6.yaml	2554	2554	0	0	1	23.156	0	81920	0.0	0	40	True	493.01
gr24_F4IVL6.yaml	2554	2554	0	0	1	23.68	0	81920	0.0	0	40	True	493.01
gr24_F4IVL6.yaml	2554	2554	0	0	1	24.21	0	81920	0.0	0	40	True	493.01
gr24_F4IVL6.yaml	2554	2554	0	0	1	24.729	0	81920	0.0	0	40	True	493.01
gr24_F4IVL6.yaml	2554	2554	0	0	1	25.249	0	81920	0.0	0	40	True	493.01
gr24_F4IVL6.yaml	2554	2554	0	0	1	25.771	0	81920	0.0	0	40	True	493.01
gr24_F4IVL6.yaml	2554	2554	0	0	1	26.288	0	81920	0.0	0	40	True	493.01
gr24_F4IVL6.yaml	2554	2554	0	0	1	26.805	0	81920	0.0	0	40	True	493.01
gr24_F4IVL6.yaml	2554	2554	0	0	1	27.324	0	81920	0.0	0	40	True	493.01
gr24_F4IVL6.yaml	2554	2554	0	0	1	27.847	0	81920	0.0	0	40	True	493.01
gr24_F4IVL6.yaml	2554	2554	0	0	1	28.367	0	81920	0.0	0	40	True	493.01
gr24_F4IVL6.yaml	2554	2554	0	0	1	28.885	0	81920	0.0	0	40	True	493.01
gr24_F4IVL6.yaml	2554	2554	0	0	1	29.402	0	81920	0.0	0	40	True	493.01
gr24_F4IVL6.yaml	2554	2554	0	0	1	29.918	0	81920	0.0	0	40	True	493.01
gr24_F4IVL6.yaml	2554	2554	0	0	1	30.445	0	81920	0.0	0	40	True	493.01
gr24_F4IVL6.yaml	2554	2554	0	0	1	30.965	0	81920	0.0	0	40	True	493.01
gr24_F4IVL6.yaml	2554	2554	0	0	1	31.489	0	81920	0.0	0	40	True	493.01
gr24_F4IVL6.yaml	2554	2554	0	0	1	32.019	0	81920	0.0	0	39	True	493.01
gr24_F4IVL6.yaml	2554	2554	0	0	1	32.544	0	81920	0.0	0	39	True	493.01
gr24_F4IVL6.yaml	2554	2554	0	0	1	33.071	0	81920	0.0	0	39	True	493.01
gr24_F4IVL6.yaml	2554	2554	0	0	1	33.597	1095	81920	1.34	12	40	True	493.01
gr24_F4IVL6.yaml	2554	2554	0	0	1	34.114	2609	81920	3.18	21	41	True	493.01
gr24_F4IVL6.yaml	2554	2554	0	0	1	34.634	2609	81920	3.18	0	41	True	493.01
gr24_F4IVL6.yaml	2554	2554	0	0	1	35.157	2609	81920	3.18	0	42	True	493.01
gr24_F4IVL6.yaml	2554	2554	0	0	1	35.684	2609	81920	3.18	0	42	True	493.01
gr24_F4IVL6.yaml	2554	2554	0	0	1	36.212	2609	81920	3.18	0	42	True	493.01
gr24_F4IVL6.yaml	2554	2554	0	0	1	36.749	2609	81920	3.18	0	42	True	493.01
gr24_F4IVL6.yaml	2554	2554	0	0	1	37.278	2609	81920	3.18	0	42	True	493.01
gr24_F4IVL6.yaml	2554	2554	0	0	1	37.812	2609	81920	3.18	0	42	True	493.01
gr24_F4IVL6.yaml	2554	2554	0	0	1	38.34	2609	81920	3.18	0	43	True	493.01
gr24_F4IVL6.yaml	2554	2554	0	0	1	38.872	2609	81920	3.18	0	43	True	493.01
gr24_F4IVL6.yaml	2554	2554	0	0	1	39.401	2609	81920	3.18	0	43	True	493.01
gr24_F4IVL6.yaml	2554	2554	0	0	1	39.929	2609	81920	3.18	0	43	True	493.01
gr24_F4IVL6.yaml	2554	2554	0	0	1	40.459	2609	81920	3.18	0	43	True	493.01
gr24_F4IVL6.yaml	2554	2554	0	0	1	40.995	2609	81920	3.18	0	43	True	493.01
gr24_F4IVL6.yaml	2554	2554	0	0	1	41.523	2609	81920	3.18	0	43	True	493.01
gr24_F4IVL6.yaml	2554	2554	0	0	1	42.05	2609	81920	3.18	0	43	True	493.01
gr24_F4IVL6.yaml	2554	2554	0	0	1	42.58	2609	81920	3.18	0	43	True	493.01
gr24_F4IVL6.yaml	2554	2554	0	0	1	43.11	2609	81920	3.18	0	43	True	493.01
gr24_F4IVL6.yaml	2554	2554	0	0	1	43.637	2609	81920	3.18	0	43	True	493.01
gr24_F4IVL6.yaml	2554	2554	0	0	1	44.165	2609	81920	3.18	0	43	True	493.01
gr24_F4IVL6.yaml	2554	2554	0	0	1	44.695	2609	81920	3.18	0	43	True	493.01
gr24_F4IVL6.yaml	2554	2554	0	0	1	45.225	2609	81920	3.18	0	43	True	493.01
gr24_F4IVL6.yaml	2554	2554	0	0	1	45.754	2609	81920	3.18	0	43	True	493.01
gr24_F4IVL6.yaml	2554	2554	0	0	1	46.297	2609	81920	3.18	0	43	True	493.01
gr24_F4IVL6.yaml	2554	2554	0	0	1	46.828	2609	81920	3.18	0	43	True	493.01
gr24_F4IVL6.yaml	2554	2554	0	0	1	47.357	2609	81920	3.18	0	43	True	493.01
gr24_F4IVL6.yaml	2554	2554	0	0	1	47.885	2609	81920	3.18	0	43	True	493.01
gr24_F4IVL6.yaml	2554	2554	0	0	1	48.413	2609	81920	3.18	0	43	True	493.01
gr24_F4IVL6.yaml	2554	2554	0	0	1	48.946	2609	81920	3.18	0	43	True	493.01
gr24_F4IVL6.yaml	2554	2554	0	0	1	49.474	2611	81920	3.19	0	43	True	493.01
gr24_F4IVL6.yaml	2554	2554	0	0	1	50.003	2613	81920	3.19	1	43	True	493.01
gr24_F4IVL6.yaml	2554	2554	0	0	1	50.532	2617	81920	3.19	0	43	True	493.01
gr24_F4IVL6.yaml	2554	2554	0	0	1	51.063	2617	81920	3.19	0	43	True	493.01
gr24_F4IVL6.yaml	2554	2554	0	0	1	51.593	2619	81920	3.2	1	43	True	493.01
gr24_F4IVL6.yaml	2554	2554	0	0	1	52.123	6807	81920	8.31	55	43	True	493.01
gr24_F4IVL6.yaml	2554	2554	0	0	1	52.656	9419	81920	11.5	6	44	True	493.01
gr24_F4IVL6.yaml	2554	2554	0	0	1	53.187	28273	81920	34.51	39	45	True	493.01
gr24_F4IVL6.yaml	2554	2554	0	0	1	53.717	28273	81920	34.51	0	45	True	493.01
gr24_F4IVL6.yaml	2554	2554	0	0	1	54.247	28273	81920	34.51	0	44	True	493.01
gr24_F4IVL6.yaml	2554	2554	0	0	1	54.776	28273	81920	34.51	0	44	True	493.01
gr24_F4IVL6.yaml	2554	2554	0	0	1	55.307	28273	81920	34.51	0	44	True	493.01
gr24_F4IVL6.yaml	2554	2554	0	0	1	55.836	28273	81920	34.51	0	44	True	493.01
gr24_F4IVL6.yaml	2554	2554	0	0	1	56.364	62543	81920	76.35	4	47	True	493.01
gr24_F4IVL6.yaml	2554	2554	0	0	1	56.896	62543	81920	76.35	100	52	True	493.01
gr24_F4IVL6.yaml	2554	2554	0	0	1	57.445	62543	81920	76.35	100	55	True	493.01
gr24_F4IVL6.yaml	2554	2554	0	0	1	57.978	62543	81920	76.35	100	58	True	493.01
gr24_F4IVL6.yaml	2554	2554	0	0	1	58.509	65785	81920	80.3	100	58	True	493.01
gr24_F4IVL6.yaml	2554	2554	0	0	1	59.048	65785	81920	80.3	100	61	True	493.01
gr24_F4IVL6.yaml	2554	2554	0	0	1	59.582	65785	81920	80.3	100	63	True	493.01
gr24_F4IVL6.yaml	2554	2554	0	0	1	60.112	78749	81920	96.13	100	62	True	493.01
gr24_F4IVL6.yaml	2554	2554	0	0	1	60.642	58265	81920	71.12	100	59	True	493.01
gr24_F4IVL6.yaml	2554	2554	0	0	1	61.334	58265	81920	71.12	100	62	True	493.01
gr24_F4IVL6.yaml	2554	2554	0	0	1	61.862	77711	81920	94.86	100	64	True	493.01
gr24_F4IVL6.yaml	2554	2554	0	0	1	62.394	77711	81920	94.86	100	66	True	493.01
gr24_F4IVL6.yaml	2554	2554	0	0	1	62.923	77711	81920	94.86	100	66	True	493.01
gr24_F4IVL6.yaml	2554	2554	0	0	1	63.457	77711	81920	94.86	100	66	True	493.01
gr24_F4IVL6.yaml	2554	2554	0	0	1	63.983	77711	81920	94.86	100	67	True	493.01
gr24_F4IVL6.yaml	2554	2554	0	0	1	64.513	77711	81920	94.86	100	67	True	493.01
gr24_F4IVL6.yaml	2554	2554	0	0	1	65.042	77711	81920	94.86	100	69	True	493.01
gr24_F4IVL6.yaml	2554	2554	0	0	1	65.575	77711	81920	94.86	100	69	True	493.01
gr24_F4IVL6.yaml	2554	2554	0	0	1	66.117	77711	81920	94.86	100	69	True	493.01
gr24_F4IVL6.yaml	2554	2554	0	0	1	66.659	77711	81920	94.86	100	68	True	493.01
gr24_F4IVL6.yaml	2554	2554	0	0	1	67.191	77711	81920	94.86	100	69	True	493.01
gr24_F4IVL6.yaml	2554	2554	0	0	1	67.724	77711	81920	94.86	100	71	True	493.01
gr24_F4IVL6.yaml	2554	2554	0	0	1	68.254	77711	81920	94.86	100	70	True	493.01
gr24_F4IVL6.yaml	2554	2554	0	0	1	68.788	77711	81920	94.86	100	70	True	493.01
gr24_F4IVL6.yaml	2554	2554	0	0	1	69.315	77711	81920	94.86	100	70	True	493.01
gr24_F4IVL6.yaml	2554	2554	0	0	1	69.844	77711	81920	94.86	100	70	True	493.01
gr24_F4IVL6.yaml	2554	2554	0	0	1	70.377	77711	81920	94.86	100	70	True	493.01
gr24_F4IVL6.yaml	2554	2554	0	0	1	70.909	77711	81920	94.86	100	70	True	493.01
gr24_F4IVL6.yaml	2554	2554	0	0	1	71.445	77711	81920	94.86	100	70	True	493.01
gr24_F4IVL6.yaml	2554	2554	0	0	1	71.971	77711	81920	94.86	100	71	True	493.01
gr24_F4IVL6.yaml	2554	2554	0	0	1	72.499	77711	81920	94.86	100	71	True	493.01
gr24_F4IVL6.yaml	2554	2554	0	0	1	73.029	77711	81920	94.86	100	71	True	493.01
gr24_F4IVL6.yaml	2554	2554	0	0	1	73.56	77711	81920	94.86	100	71	True	493.01
gr24_F4IVL6.yaml	2554	2554	0	0	1	74.097	77711	81920	94.86	100	71	True	493.01
gr24_F4IVL6.yaml	2554	2554	0	0	1	74.628	77711	81920	94.86	100	72	True	493.01
gr24_F4IVL6.yaml	2554	2554	0	0	1	75.159	77711	81920	94.86	100	72	True	493.01
gr24_F4IVL6.yaml	2554	2554	0	0	1	75.692	77711	81920	94.86	100	71	True	493.01
gr24_F4IVL6.yaml	2554	2554	0	0	1	76.222	77711	81920	94.86	100	72	True	493.01
gr24_F4IVL6.yaml	2554	2554	0	0	1	76.752	77711	81920	94.86	100	72	True	493.01
gr24_F4IVL6.yaml	2554	2554	0	0	1	77.28	77711	81920	94.86	100	72	True	493.01
gr24_F4IVL6.yaml	2554	2554	0	0	1	77.814	77711	81920	94.86	100	72	True	493.01
gr24_F4IVL6.yaml	2554	2554	0	0	1	78.344	77711	81920	94.86	100	72	True	493.01
gr24_F4IVL6.yaml	2554	2554	0	0	1	78.881	77711	81920	94.86	100	72	True	493.01
gr24_F4IVL6.yaml	2554	2554	0	0	1	79.41	77711	81920	94.86	100	72	True	493.01
gr24_F4IVL6.yaml	2554	2554	0	0	1	79.938	77711	81920	94.86	100	72	True	493.01
gr24_F4IVL6.yaml	2554	2554	0	0	1	80.471	77711	81920	94.86	100	72	True	493.01
gr24_F4IVL6.yaml	2554	2554	0	0	1	81.001	77711	81920	94.86	100	72	True	493.01
gr24_F4IVL6.yaml	2554	2554	0	0	1	81.539	77711	81920	94.86	100	72	True	493.01
gr24_F4IVL6.yaml	2554	2554	0	0	1	82.07	77711	81920	94.86	100	72	True	493.01
gr24_F4IVL6.yaml	2554	2554	0	0	1	82.598	77711	81920	94.86	100	73	True	493.01
gr24_F4IVL6.yaml	2554	2554	0	0	1	83.131	77711	81920	94.86	100	72	True	493.01
gr24_F4IVL6.yaml	2554	2554	0	0	1	83.659	77711	81920	94.86	100	73	True	493.01
gr24_F4IVL6.yaml	2554	2554	0	0	1	84.188	77711	81920	94.86	100	73	True	493.01
gr24_F4IVL6.yaml	2554	2554	0	0	1	84.719	77711	81920	94.86	100	73	True	493.01
gr24_F4IVL6.yaml	2554	2554	0	0	1	85.252	77711	81920	94.86	100	73	True	493.01
gr24_F4IVL6.yaml	2554	2554	0	0	1	85.783	77711	81920	94.86	100	73	True	493.01
gr24_F4IVL6.yaml	2554	2554	0	0	1	86.314	77711	81920	94.86	100	73	True	493.01
gr24_F4IVL6.yaml	2554	2554	0	0	1	86.844	77711	81920	94.86	100	73	True	493.01
gr24_F4IVL6.yaml	2554	2554	0	0	1	87.373	77711	81920	94.86	100	73	True	493.01
gr24_F4IVL6.yaml	2554	2554	0	0	1	87.908	77711	81920	94.86	100	73	True	493.01
gr24_F4IVL6.yaml	2554	2554	0	0	1	88.441	77711	81920	94.86	100	72	True	493.01
gr24_F4IVL6.yaml	2554	2554	0	0	1	88.976	77711	81920	94.86	100	73	True	493.01
gr24_F4IVL6.yaml	2554	2554	0	0	1	89.509	77711	81920	94.86	100	73	True	493.01
gr24_F4IVL6.yaml	2554	2554	0	0	1	90.037	77711	81920	94.86	100	73	True	493.01
gr24_F4IVL6.yaml	2554	2554	0	0	1	90.579	77711	81920	94.86	100	73	True	493.01
gr24_F4IVL6.yaml	2554	2554	0	0	1	91.113	77711	81920	94.86	100	73	True	493.01
gr24_F4IVL6.yaml	2554	2554	0	0	1	91.646	77711	81920	94.86	100	73	True	493.01
gr24_F4IVL6.yaml	2554	2554	0	0	1	92.178	77711	81920	94.86	100	73	True	493.01
gr24_F4IVL6.yaml	2554	2554	0	0	1	92.712	77711	81920	94.86	100	73	True	493.01
gr24_F4IVL6.yaml	2554	2554	0	0	1	93.247	77711	81920	94.86	100	73	True	493.01
gr24_F4IVL6.yaml	2554	2554	0	0	1	93.788	77711	81920	94.86	100	73	True	493.01
gr24_F4IVL6.yaml	2554	2554	0	0	1	94.325	77711	81920	94.86	100	73	True	493.01
gr24_F4IVL6.yaml	2554	2554	0	0	1	94.854	77711	81920	94.86	100	73	True	493.01
gr24_F4IVL6.yaml	2554	2554	0	0	1	95.385	77711	81920	94.86	100	73	True	493.01
gr24_F4IVL6.yaml	2554	2554	0	0	1	95.913	77711	81920	94.86	100	73	True	493.01
gr24_F4IVL6.yaml	2554	2554	0	0	1	96.44	77711	81920	94.86	100	73	True	493.01
gr24_F4IVL6.yaml	2554	2554	0	0	1	96.972	77711	81920	94.86	100	74	True	493.01
gr24_F4IVL6.yaml	2554	2554	0	0	1	97.501	77711	81920	94.86	100	73	True	493.01
gr24_F4IVL6.yaml	2554	2554	0	0	1	98.034	77711	81920	94.86	100	73	True	493.01
gr24_F4IVL6.yaml	2554	2554	0	0	1	98.566	77711	81920	94.86	100	73	True	493.01
gr24_F4IVL6.yaml	2554	2554	0	0	1	99.093	77711	81920	94.86	100	74	True	493.01
gr24_F4IVL6.yaml	2554	2554	0	0	1	99.622	77711	81920	94.86	100	73	True	493.01
gr24_F4IVL6.yaml	2554	2554	0	0	1	100.149	77711	81920	94.86	100	73	True	493.01
gr24_F4IVL6.yaml	2554	2554	0	0	1	100.682	77711	81920	94.86	100	74	True	493.01
gr24_F4IVL6.yaml	2554	2554	0	0	1	101.218	77711	81920	94.86	100	74	True	493.01
gr24_F4IVL6.yaml	2554	2554	0	0	1	101.75	77711	81920	94.86	100	74	True	493.01
gr24_F4IVL6.yaml	2554	2554	0	0	1	102.277	77711	81920	94.86	100	74	True	493.01
gr24_F4IVL6.yaml	2554	2554	0	0	1	102.814	77711	81920	94.86	100	74	True	493.01
gr24_F4IVL6.yaml	2554	2554	0	0	1	103.344	77711	81920	94.86	100	74	True	493.01
gr24_F4IVL6.yaml	2554	2554	0	0	1	103.876	77711	81920	94.86	100	73	True	493.01
gr24_F4IVL6.yaml	2554	2554	0	0	1	104.408	77711	81920	94.86	100	74	True	493.01
gr24_F4IVL6.yaml	2554	2554	0	0	1	104.939	77711	81920	94.86	100	74	True	493.01
gr24_F4IVL6.yaml	2554	2554	0	0	1	105.468	77711	81920	94.86	100	74	True	493.01
gr24_F4IVL6.yaml	2554	2554	0	0	1	105.995	77711	81920	94.86	100	73	True	493.01
gr24_F4IVL6.yaml	2554	2554	0	0	1	106.526	77711	81920	94.86	100	74	True	493.01
gr24_F4IVL6.yaml	2554	2554	0	0	1	107.07	77711	81920	94.86	100	74	True	493.01
gr24_F4IVL6.yaml	2554	2554	0	0	1	107.603	77711	81920	94.86	100	74	True	493.01
gr24_F4IVL6.yaml	2554	2554	0	0	1	108.134	77711	81920	94.86	100	74	True	493.01
gr24_F4IVL6.yaml	2554	2554	0	0	1	108.664	77711	81920	94.86	100	74	True	493.01
gr24_F4IVL6.yaml	2554	2554	0	0	1	109.197	77711	81920	94.86	100	74	True	493.01
gr24_F4IVL6.yaml	2554	2554	0	0	1	109.734	77711	81920	94.86	100	74	True	493.01
gr24_F4IVL6.yaml	2554	2554	0	0	1	110.263	77711	81920	94.86	100	73	True	493.01
gr24_F4IVL6.yaml	2554	2554	0	0	1	110.793	77711	81920	94.86	100	74	True	493.01
gr24_F4IVL6.yaml	2554	2554	0	0	1	111.323	77711	81920	94.86	100	74	True	493.01
gr24_F4IVL6.yaml	2554	2554	0	0	1	111.854	77711	81920	94.86	100	74	True	493.01
gr24_F4IVL6.yaml	2554	2554	0	0	1	112.387	77711	81920	94.86	100	74	True	493.01
gr24_F4IVL6.yaml	2554	2554	0	0	1	112.918	77711	81920	94.86	100	74	True	493.01
gr24_F4IVL6.yaml	2554	2554	0	0	1	113.447	77711	81920	94.86	100	74	True	493.01
gr24_F4IVL6.yaml	2554	2554	0	0	1	113.976	77711	81920	94.86	100	74	True	493.01
gr24_F4IVL6.yaml	2554	2554	0	0	1	114.506	77711	81920	94.86	100	74	True	493.01
gr24_F4IVL6.yaml	2554	2554	0	0	1	115.036	77711	81920	94.86	100	74	True	493.01
gr24_F4IVL6.yaml	2554	2554	0	0	1	115.57	77711	81920	94.86	100	74	True	493.01
gr24_F4IVL6.yaml	2554	2554	0	0	1	116.1	77711	81920	94.86	100	74	True	493.01
gr24_F4IVL6.yaml	2554	2554	0	0	1	116.631	77711	81920	94.86	100	74	True	493.01
gr24_F4IVL6.yaml	2554	2554	0	0	1	117.164	77711	81920	94.86	100	74	True	493.01
gr24_F4IVL6.yaml	2554	2554	0	0	1	117.703	77711	81920	94.86	100	74	True	493.01
gr24_F4IVL6.yaml	2554	2554	0	0	1	118.232	77711	81920	94.86	100	74	True	493.01
gr24_F4IVL6.yaml	2554	2554	0	0	1	118.759	77711	81920	94.86	100	74	True	493.01
gr24_F4IVL6.yaml	2554	2554	0	0	1	119.289	77711	81920	94.86	100	74	True	493.01
gr24_F4IVL6.yaml	2554	2554	0	0	1	119.821	77711	81920	94.86	100	74	True	493.01
gr24_F4IVL6.yaml	2554	2554	0	0	1	120.357	77711	81920	94.86	100	74	True	493.01
gr24_F4IVL6.yaml	2554	2554	0	0	1	120.886	77711	81920	94.86	100	74	True	493.01
gr24_F4IVL6.yaml	2554	2554	0	0	1	121.416	77711	81920	94.86	100	74	True	493.01
gr24_F4IVL6.yaml	2554	2554	0	0	1	121.945	77711	81920	94.86	100	74	True	493.01
gr24_F4IVL6.yaml	2554	2554	0	0	1	122.48	77711	81920	94.86	100	74	True	493.01
gr24_F4IVL6.yaml	2554	2554	0	0	1	123.01	77711	81920	94.86	100	74	True	493.01
gr24_F4IVL6.yaml	2554	2554	0	0	1	123.54	77711	81920	94.86	100	74	True	493.01
gr24_F4IVL6.yaml	2554	2554	0	0	1	124.07	77711	81920	94.86	100	74	True	493.01
gr24_F4IVL6.yaml	2554	2554	0	0	1	124.599	77711	81920	94.86	100	74	True	493.01
gr24_F4IVL6.yaml	2554	2554	0	0	1	125.143	77711	81920	94.86	100	74	True	493.01
gr24_F4IVL6.yaml	2554	2554	0	0	1	125.673	77711	81920	94.86	100	74	True	493.01
gr24_F4IVL6.yaml	2554	2554	0	0	1	126.203	77711	81920	94.86	100	74	True	493.01
gr24_F4IVL6.yaml	2554	2554	0	0	1	126.732	77711	81920	94.86	100	74	True	493.01
gr24_F4IVL6.yaml	2554	2554	0	0	1	127.269	77711	81920	94.86	100	74	True	493.01
gr24_F4IVL6.yaml	2554	2554	0	0	1	127.801	77711	81920	94.86	100	74	True	493.01
gr24_F4IVL6.yaml	2554	2554	0	0	1	128.331	77711	81920	94.86	100	74	True	493.01
gr24_F4IVL6.yaml	2554	2554	0	0	1	128.86	77711	81920	94.86	100	75	True	493.01
gr24_F4IVL6.yaml	2554	2554	0	0	1	129.393	77711	81920	94.86	100	75	True	493.01
gr24_F4IVL6.yaml	2554	2554	0	0	1	129.923	77711	81920	94.86	100	74	True	493.01
gr24_F4IVL6.yaml	2554	2554	0	0	1	130.452	77711	81920	94.86	100	74	True	493.01
gr24_F4IVL6.yaml	2554	2554	0	0	1	130.981	77711	81920	94.86	100	75	True	493.01
gr24_F4IVL6.yaml	2554	2554	0	0	1	131.515	77711	81920	94.86	100	76	True	493.01
gr24_F4IVL6.yaml	2554	2554	0	0	1	132.044	77711	81920	94.86	100	75	True	493.01
gr24_F4IVL6.yaml	2554	2554	0	0	1	132.574	77711	81920	94.86	100	75	True	493.01
gr24_F4IVL6.yaml	2554	2554	0	0	1	133.108	77711	81920	94.86	100	74	True	493.01
gr24_F4IVL6.yaml	2554	2554	0	0	1	133.641	77711	81920	94.86	100	75	True	493.01
gr24_F4IVL6.yaml	2554	2554	0	0	1	134.176	77711	81920	94.86	100	76	True	493.01
gr24_F4IVL6.yaml	2554	2554	0	0	1	134.708	77711	81920	94.86	100	76	True	493.01
gr24_F4IVL6.yaml	2554	2554	0	0	1	135.242	77711	81920	94.86	100	75	True	493.01
gr24_F4IVL6.yaml	2554	2554	0	0	1	135.774	77711	81920	94.86	100	75	True	493.01
gr24_F4IVL6.yaml	2554	2554	0	0	1	136.304	77711	81920	94.86	100	74	True	493.01
gr24_F4IVL6.yaml	2554	2554	0	0	1	136.839	77711	81920	94.86	100	76	True	493.01
gr24_F4IVL6.yaml	2554	2554	0	0	1	137.369	77711	81920	94.86	100	75	True	493.01
gr24_F4IVL6.yaml	2554	2554	0	0	1	137.902	77711	81920	94.86	100	75	True	493.01
gr24_F4IVL6.yaml	2554	2554	0	0	1	138.432	77711	81920	94.86	100	75	True	493.01
gr24_F4IVL6.yaml	2554	2554	0	0	1	138.967	77711	81920	94.86	100	74	True	493.01
gr24_F4IVL6.yaml	2554	2554	0	0	1	139.497	77711	81920	94.86	100	76	True	493.01
gr24_F4IVL6.yaml	2554	2554	0	0	1	140.026	77711	81920	94.86	100	76	True	493.01
gr24_F4IVL6.yaml	2554	2554	0	0	1	140.56	77711	81920	94.86	100	75	True	493.01
gr24_F4IVL6.yaml	2554	2554	0	0	1	141.093	77711	81920	94.86	100	75	True	493.01
gr24_F4IVL6.yaml	2554	2554	0	0	1	141.625	77711	81920	94.86	100	75	True	493.01
gr24_F4IVL6.yaml	2554	2554	0	0	1	142.157	77711	81920	94.86	100	75	True	493.01
gr24_F4IVL6.yaml	2554	2554	0	0	1	142.689	77711	81920	94.86	100	74	True	493.01
gr24_F4IVL6.yaml	2554	2554	0	0	1	143.225	77711	81920	94.86	100	75	True	493.01
gr24_F4IVL6.yaml	2554	2554	0	0	1	143.754	77711	81920	94.86	100	74	True	493.01
gr24_F4IVL6.yaml	2554	2554	0	0	1	144.285	77711	81920	94.86	100	74	True	493.01
gr24_F4IVL6.yaml	2554	2554	0	0	1	144.814	77711	81920	94.86	100	74	True	493.01
gr24_F4IVL6.yaml	2554	2554	0	0	1	145.343	77711	81920	94.86	100	75	True	493.01
gr24_F4IVL6.yaml	2554	2554	0	0	1	145.879	77711	81920	94.86	100	75	True	493.01
gr24_F4IVL6.yaml	2554	2554	0	0	1	146.411	77711	81920	94.86	100	74	True	493.01
gr24_F4IVL6.yaml	2554	2554	0	0	1	146.942	77711	81920	94.86	100	74	True	493.01
gr24_F4IVL6.yaml	2554	2554	0	0	1	147.474	77711	81920	94.86	100	74	True	493.01
gr24_F4IVL6.yaml	2554	2554	0	0	1	148.004	77711	81920	94.86	100	74	True	493.01
gr24_F4IVL6.yaml	2554	2554	0	0	1	148.534	77711	81920	94.86	100	75	True	493.01
gr24_F4IVL6.yaml	2554	2554	0	0	1	149.063	77711	81920	94.86	100	74	True	493.01
gr24_F4IVL6.yaml	2554	2554	0	0	1	149.598	77711	81920	94.86	100	74	True	493.01
gr24_F4IVL6.yaml	2554	2554	0	0	1	150.131	77711	81920	94.86	100	74	True	493.01
gr24_F4IVL6.yaml	2554	2554	0	0	1	150.662	77711	81920	94.86	100	74	True	493.01
gr24_F4IVL6.yaml	2554	2554	0	0	1	151.2	77711	81920	94.86	100	74	True	493.01
gr24_F4IVL6.yaml	2554	2554	0	0	1	151.728	77711	81920	94.86	100	74	True	493.01
gr24_F4IVL6.yaml	2554	2554	0	0	1	152.259	77711	81920	94.86	100	75	True	493.01
gr24_F4IVL6.yaml	2554	2554	0	0	1	152.795	77711	81920	94.86	100	75	True	493.01
gr24_F4IVL6.yaml	2554	2554	0	0	1	153.324	77711	81920	94.86	100	75	True	493.01
gr24_F4IVL6.yaml	2554	2554	0	0	1	153.852	77711	81920	94.86	100	74	True	493.01
gr24_F4IVL6.yaml	2554	2554	0	0	1	154.385	77711	81920	94.86	100	75	True	493.01
gr24_F4IVL6.yaml	2554	2554	0	0	1	154.917	77711	81920	94.86	100	74	True	493.01
gr24_F4IVL6.yaml	2554	2554	0	0	1	155.457	77711	81920	94.86	100	74	True	493.01
gr24_F4IVL6.yaml	2554	2554	0	0	1	155.987	77711	81920	94.86	100	74	True	493.01
gr24_F4IVL6.yaml	2554	2554	0	0	1	156.519	77711	81920	94.86	100	75	True	493.01
gr24_F4IVL6.yaml	2554	2554	0	0	1	157.052	77711	81920	94.86	100	75	True	493.01
gr24_F4IVL6.yaml	2554	2554	0	0	1	157.585	77711	81920	94.86	100	74	True	493.01
gr24_F4IVL6.yaml	2554	2554	0	0	1	158.118	77711	81920	94.86	100	75	True	493.01
gr24_F4IVL6.yaml	2554	2554	0	0	1	158.65	77711	81920	94.86	100	75	True	493.01
gr24_F4IVL6.yaml	2554	2554	0	0	1	159.189	77711	81920	94.86	100	74	True	493.01
gr24_F4IVL6.yaml	2554	2554	0	0	1	159.717	77711	81920	94.86	100	75	True	493.01
gr24_F4IVL6.yaml	2554	2554	0	0	1	160.248	77711	81920	94.86	100	75	True	493.01
gr24_F4IVL6.yaml	2554	2554	0	0	1	160.778	77711	81920	94.86	100	75	True	493.01
gr24_F4IVL6.yaml	2554	2554	0	0	1	161.307	77711	81920	94.86	100	74	True	493.01
gr24_F4IVL6.yaml	2554	2554	0	0	1	161.845	77711	81920	94.86	100	75	True	493.01
gr24_F4IVL6.yaml	2554	2554	0	0	1	162.375	77711	81920	94.86	100	74	True	493.01
gr24_F4IVL6.yaml	2554	2554	0	0	1	162.902	77711	81920	94.86	100	75	True	493.01
gr24_F4IVL6.yaml	2554	2554	0	0	1	163.431	77711	81920	94.86	100	74	True	493.01
gr24_F4IVL6.yaml	2554	2554	0	0	1	163.963	77711	81920	94.86	100	75	True	493.01
gr24_F4IVL6.yaml	2554	2554	0	0	1	164.498	77711	81920	94.86	100	75	True	493.01
gr24_F4IVL6.yaml	2554	2554	0	0	1	165.04	77711	81920	94.86	100	75	True	493.01
gr24_F4IVL6.yaml	2554	2554	0	0	1	165.57	77711	81920	94.86	100	74	True	493.01
gr24_F4IVL6.yaml	2554	2554	0	0	1	166.1	77711	81920	94.86	100	75	True	493.01
gr24_F4IVL6.yaml	2554	2554	0	0	1	166.629	77711	81920	94.86	100	75	True	493.01
gr24_F4IVL6.yaml	2554	2554	0	0	1	167.165	77711	81920	94.86	100	74	True	493.01
gr24_F4IVL6.yaml	2554	2554	0	0	1	167.693	77711	81920	94.86	100	75	True	493.01
gr24_F4IVL6.yaml	2554	2554	0	0	1	168.223	77711	81920	94.86	100	75	True	493.01
gr24_F4IVL6.yaml	2554	2554	0	0	1	168.753	77711	81920	94.86	100	75	True	493.01
gr24_F4IVL6.yaml	2554	2554	0	0	1	169.284	77711	81920	94.86	100	75	True	493.01
gr24_F4IVL6.yaml	2554	2554	0	0	1	169.814	77711	81920	94.86	100	75	True	493.01
gr24_F4IVL6.yaml	2554	2554	0	0	1	170.347	77711	81920	94.86	100	75	True	493.01
gr24_F4IVL6.yaml	2554	2554	0	0	1	170.88	77711	81920	94.86	100	75	True	493.01
gr24_F4IVL6.yaml	2554	2554	0	0	1	171.41	77711	81920	94.86	100	75	True	493.01
gr24_F4IVL6.yaml	2554	2554	0	0	1	171.944	77711	81920	94.86	100	75	True	493.01
gr24_F4IVL6.yaml	2554	2554	0	0	1	172.472	77711	81920	94.86	100	74	True	493.01
gr24_F4IVL6.yaml	2554	2554	0	0	1	173.0	77711	81920	94.86	100	74	True	493.01
gr24_F4IVL6.yaml	2554	2554	0	0	1	173.532	77711	81920	94.86	100	75	True	493.01
gr24_F4IVL6.yaml	2554	2554	0	0	1	174.062	77711	81920	94.86	100	75	True	493.01
gr24_F4IVL6.yaml	2554	2554	0	0	1	174.589	77711	81920	94.86	100	74	True	493.01
gr24_F4IVL6.yaml	2554	2554	0	0	1	175.121	77711	81920	94.86	100	75	True	493.01
gr24_F4IVL6.yaml	2554	2554	0	0	1	175.649	77711	81920	94.86	100	75	True	493.01
gr24_F4IVL6.yaml	2554	2554	0	0	1	176.179	77711	81920	94.86	100	74	True	493.01
gr24_F4IVL6.yaml	2554	2554	0	0	1	176.711	77711	81920	94.86	100	74	True	493.01
gr24_F4IVL6.yaml	2554	2554	0	0	1	177.241	77711	81920	94.86	100	75	True	493.01
gr24_F4IVL6.yaml	2554	2554	0	0	1	177.793	77711	81920	94.86	100	75	True	493.01
gr24_F4IVL6.yaml	2554	2554	0	0	1	178.324	77711	81920	94.86	100	75	True	493.01
gr24_F4IVL6.yaml	2554	2554	0	0	1	178.855	77711	81920	94.86	100	75	True	493.01
gr24_F4IVL6.yaml	2554	2554	0	0	1	179.382	77711	81920	94.86	100	75	True	493.01
gr24_F4IVL6.yaml	2554	2554	0	0	1	179.911	77711	81920	94.86	100	75	True	493.01
gr24_F4IVL6.yaml	2554	2554	0	0	1	180.446	77711	81920	94.86	100	75	True	493.01
gr24_F4IVL6.yaml	2554	2554	0	0	1	180.981	77711	81920	94.86	100	74	True	493.01
gr24_F4IVL6.yaml	2554	2554	0	0	1	181.512	77711	81920	94.86	100	75	True	493.01
gr24_F4IVL6.yaml	2554	2554	0	0	1	182.043	77711	81920	94.86	100	75	True	493.01
gr24_F4IVL6.yaml	2554	2554	0	0	1	182.578	77711	81920	94.86	100	75	True	493.01
gr24_F4IVL6.yaml	2554	2554	0	0	1	183.11	77711	81920	94.86	100	75	True	493.01
gr24_F4IVL6.yaml	2554	2554	0	0	1	183.643	77711	81920	94.86	100	75	True	493.01
gr24_F4IVL6.yaml	2554	2554	0	0	1	184.177	77711	81920	94.86	100	75	True	493.01
gr24_F4IVL6.yaml	2554	2554	0	0	1	184.713	77711	81920	94.86	100	75	True	493.01
gr24_F4IVL6.yaml	2554	2554	0	0	1	185.245	77711	81920	94.86	100	75	True	493.01
gr24_F4IVL6.yaml	2554	2554	0	0	1	185.856	77711	81920	94.86	100	75	True	493.01
gr24_F4IVL6.yaml	2554	2554	0	0	1	186.383	77711	81920	94.86	100	74	True	493.01
gr24_F4IVL6.yaml	2554	2554	0	0	1	186.914	77711	81920	94.86	100	74	True	493.01
gr24_F4IVL6.yaml	2554	2554	0	0	1	187.442	77711	81920	94.86	100	75	True	493.01
gr24_F4IVL6.yaml	2554	2554	0	0	1	187.981	77711	81920	94.86	100	75	True	493.01
gr24_F4IVL6.yaml	2554	2554	0	0	1	188.514	77711	81920	94.86	100	75	True	493.01
gr24_F4IVL6.yaml	2554	2554	0	0	1	189.041	77711	81920	94.86	100	74	True	493.01
gr24_F4IVL6.yaml	2554	2554	0	0	1	189.57	77711	81920	94.86	100	75	True	493.01
gr24_F4IVL6.yaml	2554	2554	0	0	1	190.111	77711	81920	94.86	100	75	True	493.01
gr24_F4IVL6.yaml	2554	2554	0	0	1	190.648	77711	81920	94.86	100	74	True	493.01
gr24_F4IVL6.yaml	2554	2554	0	0	1	191.18	77711	81920	94.86	100	74	True	493.01
gr24_F4IVL6.yaml	2554	2554	0	0	1	191.709	77711	81920	94.86	100	75	True	493.01
gr24_F4IVL6.yaml	2554	2554	0	0	1	192.238	77711	81920	94.86	100	75	True	493.01
gr24_F4IVL6.yaml	2554	2554	0	0	1	192.767	77711	81920	94.86	100	75	True	493.01
gr24_F4IVL6.yaml	2554	2554	0	0	1	193.305	77711	81920	94.86	100	75	True	493.01
gr24_F4IVL6.yaml	2554	2554	0	0	1	193.837	77711	81920	94.86	100	75	True	493.01
gr24_F4IVL6.yaml	2554	2554	0	0	1	194.369	77711	81920	94.86	100	75	True	493.01
gr24_F4IVL6.yaml	2554	2554	0	0	1	194.898	77711	81920	94.86	100	74	True	493.01
gr24_F4IVL6.yaml	2554	2554	0	0	1	195.43	77711	81920	94.86	100	75	True	493.01
gr24_F4IVL6.yaml	2554	2554	0	0	1	195.958	77711	81920	94.86	100	75	True	493.01
gr24_F4IVL6.yaml	2554	2554	0	0	1	196.49	77711	81920	94.86	100	75	True	493.01
gr24_F4IVL6.yaml	2554	2554	0	0	1	197.023	77711	81920	94.86	100	75	True	493.01
gr24_F4IVL6.yaml	2554	2554	0	0	1	197.551	77711	81920	94.86	100	75	True	493.01
gr24_F4IVL6.yaml	2554	2554	0	0	1	198.082	77711	81920	94.86	100	75	True	493.01
gr24_F4IVL6.yaml	2554	2554	0	0	1	198.616	77711	81920	94.86	100	75	True	493.01
gr24_F4IVL6.yaml	2554	2554	0	0	1	199.148	77711	81920	94.86	100	75	True	493.01
gr24_F4IVL6.yaml	2554	2554	0	0	1	199.676	77711	81920	94.86	100	75	True	493.01
gr24_F4IVL6.yaml	2554	2554	0	0	1	200.205	77711	81920	94.86	100	75	True	493.01
gr24_F4IVL6.yaml	2554	2554	0	0	1	200.734	77711	81920	94.86	100	75	True	493.01
gr24_F4IVL6.yaml	2554	2554	0	0	1	201.272	77711	81920	94.86	100	75	True	493.01
gr24_F4IVL6.yaml	2554	2554	0	0	1	201.801	77711	81920	94.86	100	75	True	493.01
gr24_F4IVL6.yaml	2554	2554	0	0	1	202.334	77711	81920	94.86	100	75	True	493.01
gr24_F4IVL6.yaml	2554	2554	0	0	1	202.865	77711	81920	94.86	100	75	True	493.01
gr24_F4IVL6.yaml	2554	2554	0	0	1	203.397	77711	81920	94.86	100	76	True	493.01
gr24_F4IVL6.yaml	2554	2554	0	0	1	203.925	77711	81920	94.86	100	76	True	493.01
gr24_F4IVL6.yaml	2554	2554	0	0	1	204.464	77711	81920	94.86	100	75	True	493.01
gr24_F4IVL6.yaml	2554	2554	0	0	1	204.993	77711	81920	94.86	100	76	True	493.01
gr24_F4IVL6.yaml	2554	2554	0	0	1	205.524	77711	81920	94.86	100	75	True	493.01
gr24_F4IVL6.yaml	2554	2554	0	0	1	206.055	77711	81920	94.86	100	76	True	493.01
gr24_F4IVL6.yaml	2554	2554	0	0	1	206.595	77711	81920	94.86	100	75	True	493.01
gr24_F4IVL6.yaml	2554	2554	0	0	1	207.124	77711	81920	94.86	100	75	True	493.01
gr24_F4IVL6.yaml	2554	2554	0	0	1	207.653	77711	81920	94.86	100	75	True	493.01
gr24_F4IVL6.yaml	2554	2554	0	0	1	208.183	77711	81920	94.86	100	74	True	493.01
gr24_F4IVL6.yaml	2554	2554	0	0	1	208.714	77711	81920	94.86	100	76	True	493.01
gr24_F4IVL6.yaml	2554	2554	0	0	1	209.245	77711	81920	94.86	100	76	True	493.01
gr24_F4IVL6.yaml	2554	2554	0	0	1	209.774	77711	81920	94.86	100	75	True	493.01
gr24_F4IVL6.yaml	2554	2554	0	0	1	210.308	77711	81920	94.86	100	75	True	493.01
gr24_F4IVL6.yaml	2554	2554	0	0	1	210.84	77711	81920	94.86	100	75	True	493.01
gr24_F4IVL6.yaml	2554	2554	0	0	1	211.385	77711	81920	94.86	100	76	True	493.01
gr24_F4IVL6.yaml	2554	2554	0	0	1	211.923	77711	81920	94.86	100	76	True	493.01
gr24_F4IVL6.yaml	2554	2554	0	0	1	212.454	77711	81920	94.86	100	75	True	493.01
gr24_F4IVL6.yaml	2554	2554	0	0	1	212.982	77711	81920	94.86	100	75	True	493.01
gr24_F4IVL6.yaml	2554	2554	0	0	1	213.514	77711	81920	94.86	100	74	True	493.01
gr24_F4IVL6.yaml	2554	2554	0	0	1	214.045	77711	81920	94.86	100	75	True	493.01
gr24_F4IVL6.yaml	2554	2554	0	0	1	214.575	77711	81920	94.86	100	75	True	493.01
gr24_F4IVL6.yaml	2554	2554	0	0	1	215.102	77711	81920	94.86	100	75	True	493.01
gr24_F4IVL6.yaml	2554	2554	0	0	1	215.632	77711	81920	94.86	100	75	True	493.01
gr24_F4IVL6.yaml	2554	2554	0	0	1	216.163	77711	81920	94.86	100	75	True	493.01
gr24_F4IVL6.yaml	2554	2554	0	0	1	216.694	77711	81920	94.86	100	75	True	493.01
gr24_F4IVL6.yaml	2554	2554	0	0	1	217.225	77711	81920	94.86	100	75	True	493.01
gr24_F4IVL6.yaml	2554	2554	0	0	1	217.753	77711	81920	94.86	100	75	True	493.01
gr24_F4IVL6.yaml	2554	2554	0	0	1	218.286	77711	81920	94.86	100	75	True	493.01
gr24_F4IVL6.yaml	2554	2554	0	0	1	218.821	77711	81920	94.86	100	75	True	493.01
gr24_F4IVL6.yaml	2554	2554	0	0	1	219.354	77711	81920	94.86	100	75	True	493.01
gr24_F4IVL6.yaml	2554	2554	0	0	1	219.884	77711	81920	94.86	100	75	True	493.01
gr24_F4IVL6.yaml	2554	2554	0	0	1	220.417	77711	81920	94.86	100	75	True	493.01
gr24_F4IVL6.yaml	2554	2554	0	0	1	220.95	77711	81920	94.86	100	74	True	493.01
gr24_F4IVL6.yaml	2554	2554	0	0	1	221.483	77711	81920	94.86	100	75	True	493.01
gr24_F4IVL6.yaml	2554	2554	0	0	1	222.013	77711	81920	94.86	100	75	True	493.01
gr24_F4IVL6.yaml	2554	2554	0	0	1	222.542	77711	81920	94.86	100	75	True	493.01
gr24_F4IVL6.yaml	2554	2554	0	0	1	223.08	77711	81920	94.86	100	75	True	493.01
gr24_F4IVL6.yaml	2554	2554	0	0	1	223.611	77711	81920	94.86	100	75	True	493.01
gr24_F4IVL6.yaml	2554	2554	0	0	1	224.14	77711	81920	94.86	100	75	True	493.01
gr24_F4IVL6.yaml	2554	2554	0	0	1	224.674	77711	81920	94.86	100	75	True	493.01
gr24_F4IVL6.yaml	2554	2554	0	0	1	225.203	77711	81920	94.86	100	74	True	493.01
gr24_F4IVL6.yaml	2554	2554	0	0	1	225.733	77711	81920	94.86	100	75	True	493.01
gr24_F4IVL6.yaml	2554	2554	0	0	1	226.269	77711	81920	94.86	100	75	True	493.01
gr24_F4IVL6.yaml	2554	2554	0	0	1	226.797	77711	81920	94.86	100	75	True	493.01
gr24_F4IVL6.yaml	2554	2554	0	0	1	227.325	77711	81920	94.86	100	75	True	493.01
gr24_F4IVL6.yaml	2554	2554	0	0	1	227.857	77711	81920	94.86	100	75	True	493.01
gr24_F4IVL6.yaml	2554	2554	0	0	1	228.39	77711	81920	94.86	100	75	True	493.01
gr24_F4IVL6.yaml	2554	2554	0	0	1	228.918	77711	81920	94.86	100	75	True	493.01
gr24_F4IVL6.yaml	2554	2554	0	0	1	229.451	77711	81920	94.86	100	75	True	493.01
gr24_F4IVL6.yaml	2554	2554	0	0	1	229.98	77711	81920	94.86	100	75	True	493.01
gr24_F4IVL6.yaml	2554	2554	0	0	1	230.509	77711	81920	94.86	100	74	True	493.01
gr24_F4IVL6.yaml	2554	2554	0	0	1	231.042	77711	81920	94.86	100	75	True	493.01
gr24_F4IVL6.yaml	2554	2554	0	0	1	231.573	77711	81920	94.86	100	75	True	493.01
gr24_F4IVL6.yaml	2554	2554	0	0	1	232.11	77711	81920	94.86	100	74	True	493.01
gr24_F4IVL6.yaml	2554	2554	0	0	1	232.639	77711	81920	94.86	100	75	True	493.01
gr24_F4IVL6.yaml	2554	2554	0	0	1	233.169	77711	81920	94.86	100	75	True	493.01
gr24_F4IVL6.yaml	2554	2554	0	0	1	233.697	77711	81920	94.86	100	75	True	493.01
gr24_F4IVL6.yaml	2554	2554	0	0	1	234.228	77711	81920	94.86	100	74	True	493.01
gr24_F4IVL6.yaml	2554	2554	0	0	1	234.767	77711	81920	94.86	100	75	True	493.01
gr24_F4IVL6.yaml	2554	2554	0	0	1	235.295	77711	81920	94.86	100	75	True	493.01
gr24_F4IVL6.yaml	2554	2554	0	0	1	235.826	77711	81920	94.86	100	75	True	493.01
gr24_F4IVL6.yaml	2554	2554	0	0	1	236.356	77711	81920	94.86	100	75	True	493.01
gr24_F4IVL6.yaml	2554	2554	0	0	1	236.883	77711	81920	94.86	100	75	True	493.01
gr24_F4IVL6.yaml	2554	2554	0	0	1	237.412	77711	81920	94.86	100	75	True	493.01
gr24_F4IVL6.yaml	2554	2554	0	0	1	237.943	77711	81920	94.86	100	75	True	493.01
gr24_F4IVL6.yaml	2554	2554	0	0	1	238.478	77711	81920	94.86	100	74	True	493.01
gr24_F4IVL6.yaml	2554	2554	0	0	1	239.009	77711	81920	94.86	100	75	True	493.01
gr24_F4IVL6.yaml	2554	2554	0	0	1	239.538	77711	81920	94.86	100	75	True	493.01
gr24_F4IVL6.yaml	2554	2554	0	0	1	240.068	77711	81920	94.86	100	75	True	493.01
gr24_F4IVL6.yaml	2554	2554	0	0	1	240.601	77711	81920	94.86	100	75	True	493.01
gr24_F4IVL6.yaml	2554	2554	0	0	1	241.138	77711	81920	94.86	100	75	True	493.01
gr24_F4IVL6.yaml	2554	2554	0	0	1	241.67	77711	81920	94.86	100	75	True	493.01
gr24_F4IVL6.yaml	2554	2554	0	0	1	242.203	77711	81920	94.86	100	75	True	493.01
gr24_F4IVL6.yaml	2554	2554	0	0	1	242.737	77711	81920	94.86	100	75	True	493.01
gr24_F4IVL6.yaml	2554	2554	0	0	1	243.27	77711	81920	94.86	100	75	True	493.01
gr24_F4IVL6.yaml	2554	2554	0	0	1	243.8	77711	81920	94.86	100	75	True	493.01
gr24_F4IVL6.yaml	2554	2554	0	0	1	244.328	77711	81920	94.86	100	75	True	493.01
gr24_F4IVL6.yaml	2554	2554	0	0	1	244.857	77711	81920	94.86	100	75	True	493.01
gr24_F4IVL6.yaml	2554	2554	0	0	1	245.389	77711	81920	94.86	100	75	True	493.01
gr24_F4IVL6.yaml	2554	2554	0	0	1	245.92	77711	81920	94.86	100	75	True	493.01
gr24_F4IVL6.yaml	2554	2554	0	0	1	246.451	77711	81920	94.86	100	75	True	493.01
gr24_F4IVL6.yaml	2554	2554	0	0	1	246.986	77711	81920	94.86	100	75	True	493.01
gr24_F4IVL6.yaml	2554	2554	0	0	1	247.515	77711	81920	94.86	100	75	True	493.01
gr24_F4IVL6.yaml	2554	2554	0	0	1	248.044	77711	81920	94.86	100	75	True	493.01
gr24_F4IVL6.yaml	2554	2554	0	0	1	248.579	77711	81920	94.86	100	75	True	493.01
gr24_F4IVL6.yaml	2554	2554	0	0	1	249.109	77711	81920	94.86	100	75	True	493.01
gr24_F4IVL6.yaml	2554	2554	0	0	1	249.64	77711	81920	94.86	100	75	True	493.01
gr24_F4IVL6.yaml	2554	2554	0	0	1	250.17	77711	81920	94.86	100	75	True	493.01
gr24_F4IVL6.yaml	2554	2554	0	0	1	250.703	77711	81920	94.86	100	75	True	493.01
gr24_F4IVL6.yaml	2554	2554	0	0	1	251.231	77711	81920	94.86	100	75	True	493.01
gr24_F4IVL6.yaml	2554	2554	0	0	1	251.761	77711	81920	94.86	100	75	True	493.01
gr24_F4IVL6.yaml	2554	2554	0	0	1	252.29	77711	81920	94.86	100	75	True	493.01
gr24_F4IVL6.yaml	2554	2554	0	0	1	252.819	77711	81920	94.86	100	75	True	493.01
gr24_F4IVL6.yaml	2554	2554	0	0	1	253.349	77711	81920	94.86	100	74	True	493.01
gr24_F4IVL6.yaml	2554	2554	0	0	1	253.886	77711	81920	94.86	100	75	True	493.01
gr24_F4IVL6.yaml	2554	2554	0	0	1	254.418	77711	81920	94.86	100	75	True	493.01
gr24_F4IVL6.yaml	2554	2554	0	0	1	254.955	77711	81920	94.86	100	75	True	493.01
gr24_F4IVL6.yaml	2554	2554	0	0	1	255.484	77711	81920	94.86	100	75	True	493.01
gr24_F4IVL6.yaml	2554	2554	0	0	1	256.013	77711	81920	94.86	100	75	True	493.01
gr24_F4IVL6.yaml	2554	2554	0	0	1	256.544	77711	81920	94.86	100	75	True	493.01
gr24_F4IVL6.yaml	2554	2554	0	0	1	257.074	77711	81920	94.86	100	75	True	493.01
gr24_F4IVL6.yaml	2554	2554	0	0	1	257.605	77711	81920	94.86	100	75	True	493.01
gr24_F4IVL6.yaml	2554	2554	0	0	1	258.138	77711	81920	94.86	100	75	True	493.01
gr24_F4IVL6.yaml	2554	2554	0	0	1	258.671	77711	81920	94.86	100	75	True	493.01
gr24_F4IVL6.yaml	2554	2554	0	0	1	259.202	77711	81920	94.86	100	75	True	493.01
gr24_F4IVL6.yaml	2554	2554	0	0	1	259.736	77711	81920	94.86	100	75	True	493.01
gr24_F4IVL6.yaml	2554	2554	0	0	1	260.268	77711	81920	94.86	100	74	True	493.01
gr24_F4IVL6.yaml	2554	2554	0	0	1	260.802	77711	81920	94.86	100	75	True	493.01
gr24_F4IVL6.yaml	2554	2554	0	0	1	261.342	77711	81920	94.86	100	75	True	493.01
gr24_F4IVL6.yaml	2554	2554	0	0	1	261.876	77711	81920	94.86	100	75	True	493.01
gr24_F4IVL6.yaml	2554	2554	0	0	1	262.409	77711	81920	94.86	100	75	True	493.01
gr24_F4IVL6.yaml	2554	2554	0	0	1	262.941	77711	81920	94.86	100	75	True	493.01
gr24_F4IVL6.yaml	2554	2554	0	0	1	263.473	77711	81920	94.86	100	75	True	493.01
gr24_F4IVL6.yaml	2554	2554	0	0	1	264.012	77711	81920	94.86	100	75	True	493.01
gr24_F4IVL6.yaml	2554	2554	0	0	1	264.542	77711	81920	94.86	100	75	True	493.01
gr24_F4IVL6.yaml	2554	2554	0	0	1	265.071	77711	81920	94.86	100	75	True	493.01
gr24_F4IVL6.yaml	2554	2554	0	0	1	265.601	77711	81920	94.86	100	75	True	493.01
gr24_F4IVL6.yaml	2554	2554	0	0	1	266.136	77711	81920	94.86	100	75	True	493.01
gr24_F4IVL6.yaml	2554	2554	0	0	1	266.674	77711	81920	94.86	100	75	True	493.01
gr24_F4IVL6.yaml	2554	2554	0	0	1	267.201	77711	81920	94.86	100	75	True	493.01
gr24_F4IVL6.yaml	2554	2554	0	0	1	267.734	77711	81920	94.86	100	75	True	493.01
gr24_F4IVL6.yaml	2554	2554	0	0	1	268.262	77711	81920	94.86	100	75	True	493.01
gr24_F4IVL6.yaml	2554	2554	0	0	1	268.794	77711	81920	94.86	100	75	True	493.01
gr24_F4IVL6.yaml	2554	2554	0	0	1	269.322	77711	81920	94.86	100	75	True	493.01
gr24_F4IVL6.yaml	2554	2554	0	0	1	269.853	77711	81920	94.86	100	75	True	493.01
gr24_F4IVL6.yaml	2554	2554	0	0	1	270.383	77711	81920	94.86	100	75	True	493.01
gr24_F4IVL6.yaml	2554	2554	0	0	1	270.916	77711	81920	94.86	100	75	True	493.01
gr24_F4IVL6.yaml	2554	2554	0	0	1	271.445	77711	81920	94.86	100	75	True	493.01
gr24_F4IVL6.yaml	2554	2554	0	0	1	271.981	77711	81920	94.86	100	75	True	493.01
gr24_F4IVL6.yaml	2554	2554	0	0	1	272.508	77711	81920	94.86	100	75	True	493.01
gr24_F4IVL6.yaml	2554	2554	0	0	1	273.037	77711	81920	94.86	100	75	True	493.01
gr24_F4IVL6.yaml	2554	2554	0	0	1	273.567	77711	81920	94.86	100	75	True	493.01
gr24_F4IVL6.yaml	2554	2554	0	0	1	274.098	77711	81920	94.86	100	76	True	493.01
gr24_F4IVL6.yaml	2554	2554	0	0	1	274.627	77711	81920	94.86	100	75	True	493.01
gr24_F4IVL6.yaml	2554	2554	0	0	1	275.155	77711	81920	94.86	100	77	True	493.01
gr24_F4IVL6.yaml	2554	2554	0	0	1	275.686	77711	81920	94.86	100	77	True	493.01
gr24_F4IVL6.yaml	2554	2554	0	0	1	276.213	77711	81920	94.86	100	75	True	493.01
gr24_F4IVL6.yaml	2554	2554	0	0	1	276.744	77711	81920	94.86	100	75	True	493.01
gr24_F4IVL6.yaml	2554	2554	0	0	1	277.279	77711	81920	94.86	100	75	True	493.01
gr24_F4IVL6.yaml	2554	2554	0	0	1	277.812	77711	81920	94.86	100	76	True	493.01
gr24_F4IVL6.yaml	2554	2554	0	0	1	278.343	77711	81920	94.86	100	76	True	493.01
gr24_F4IVL6.yaml	2554	2554	0	0	1	278.874	77711	81920	94.86	100	76	True	493.01
gr24_F4IVL6.yaml	2554	2554	0	0	1	279.403	77711	81920	94.86	100	75	True	493.01
gr24_F4IVL6.yaml	2554	2554	0	0	1	279.941	77711	81920	94.86	100	75	True	493.01
gr24_F4IVL6.yaml	2554	2554	0	0	1	280.473	77711	81920	94.86	100	75	True	493.01
gr24_F4IVL6.yaml	2554	2554	0	0	1	281.0	77711	81920	94.86	100	77	True	493.01
gr24_F4IVL6.yaml	2554	2554	0	0	1	281.53	77711	81920	94.86	100	76	True	493.01
gr24_F4IVL6.yaml	2554	2554	0	0	1	282.063	77711	81920	94.86	100	75	True	493.01
gr24_F4IVL6.yaml	2554	2554	0	0	1	282.594	77711	81920	94.86	100	76	True	493.01
gr24_F4IVL6.yaml	2554	2554	0	0	1	283.126	77711	81920	94.86	100	75	True	493.01
gr24_F4IVL6.yaml	2554	2554	0	0	1	283.667	77711	81920	94.86	100	76	True	493.01
gr24_F4IVL6.yaml	2554	2554	0	0	1	284.199	77711	81920	94.86	100	76	True	493.01
gr24_F4IVL6.yaml	2554	2554	0	0	1	284.731	77711	81920	94.86	100	76	True	493.01
gr24_F4IVL6.yaml	2554	2554	0	0	1	285.263	77711	81920	94.86	100	75	True	493.01
gr24_F4IVL6.yaml	2554	2554	0	0	1	285.792	77711	81920	94.86	100	75	True	493.01
gr24_F4IVL6.yaml	2554	2554	0	0	1	286.322	77711	81920	94.86	100	75	True	493.01
gr24_F4IVL6.yaml	2554	2554	0	0	1	286.851	77711	81920	94.86	100	75	True	493.01
gr24_F4IVL6.yaml	2554	2554	0	0	1	287.381	77711	81920	94.86	100	75	True	493.01
gr24_F4IVL6.yaml	2554	2554	0	0	1	287.92	77711	81920	94.86	100	75	True	493.01
gr24_F4IVL6.yaml	2554	2554	0	0	1	288.451	77711	81920	94.86	100	75	True	493.01
gr24_F4IVL6.yaml	2554	2554	0	0	1	288.981	77711	81920	94.86	100	75	True	493.01
gr24_F4IVL6.yaml	2554	2554	0	0	1	289.515	77711	81920	94.86	100	75	True	493.01
gr24_F4IVL6.yaml	2554	2554	0	0	1	290.047	77711	81920	94.86	100	75	True	493.01
gr24_F4IVL6.yaml	2554	2554	0	0	1	290.578	77711	81920	94.86	100	74	True	493.01
gr24_F4IVL6.yaml	2554	2554	0	0	1	291.108	77711	81920	94.86	100	75	True	493.01
gr24_F4IVL6.yaml	2554	2554	0	0	1	291.637	77711	81920	94.86	100	75	True	493.01
gr24_F4IVL6.yaml	2554	2554	0	0	1	292.169	77711	81920	94.86	100	75	True	493.01
gr24_F4IVL6.yaml	2554	2554	0	0	1	292.701	77711	81920	94.86	100	75	True	493.01
gr24_F4IVL6.yaml	2554	2554	0	0	1	293.231	77711	81920	94.86	100	74	True	493.01
gr24_F4IVL6.yaml	2554	2554	0	0	1	293.763	77711	81920	94.86	100	75	True	493.01
gr24_F4IVL6.yaml	2554	2554	0	0	1	294.296	77711	81920	94.86	100	74	True	493.01
gr24_F4IVL6.yaml	2554	2554	0	0	1	294.825	77711	81920	94.86	100	74	True	493.01
gr24_F4IVL6.yaml	2554	2554	0	0	1	295.358	77711	81920	94.86	100	75	True	493.01
gr24_F4IVL6.yaml	2554	2554	0	0	1	295.889	77711	81920	94.86	100	75	True	493.01
gr24_F4IVL6.yaml	2554	2554	0	0	1	296.416	77711	81920	94.86	100	75	True	493.01
gr24_F4IVL6.yaml	2554	2554	0	0	1	296.944	77711	81920	94.86	100	75	True	493.01
gr24_F4IVL6.yaml	2554	2554	0	0	1	297.474	77711	81920	94.86	100	75	True	493.01
gr24_F4IVL6.yaml	2554	2554	0	0	1	298.003	77711	81920	94.86	100	74	True	493.01
gr24_F4IVL6.yaml	2554	2554	0	0	1	298.537	77711	81920	94.86	100	75	True	493.01
gr24_F4IVL6.yaml	2554	2554	0	0	1	299.065	77711	81920	94.86	100	74	True	493.01
gr24_F4IVL6.yaml	2554	2554	0	0	1	299.597	77711	81920	94.86	100	75	True	493.01
gr24_F4IVL6.yaml	2554	2554	0	0	1	300.126	77711	81920	94.86	100	75	True	493.01
gr24_F4IVL6.yaml	2554	2554	0	0	1	300.655	77711	81920	94.86	100	75	True	493.01
gr24_F4IVL6.yaml	2554	2554	0	0	1	301.195	77711	81920	94.86	100	75	True	493.01
gr24_F4IVL6.yaml	2554	2554	0	0	1	301.726	77711	81920	94.86	100	75	True	493.01
gr24_F4IVL6.yaml	2554	2554	0	0	1	302.256	77711	81920	94.86	100	75	True	493.01
gr24_F4IVL6.yaml	2554	2554	0	0	1	302.785	77711	81920	94.86	100	75	True	493.01
gr24_F4IVL6.yaml	2554	2554	0	0	1	303.316	77711	81920	94.86	100	75	True	493.01
gr24_F4IVL6.yaml	2554	2554	0	0	1	303.846	77711	81920	94.86	100	75	True	493.01
gr24_F4IVL6.yaml	2554	2554	0	0	1	304.378	77711	81920	94.86	100	75	True	493.01
gr24_F4IVL6.yaml	2554	2554	0	0	1	304.909	77711	81920	94.86	100	75	True	493.01
gr24_F4IVL6.yaml	2554	2554	0	0	1	305.44	77711	81920	94.86	100	75	True	493.01
gr24_F4IVL6.yaml	2554	2554	0	0	1	305.976	77711	81920	94.86	100	74	True	493.01
gr24_F4IVL6.yaml	2554	2554	0	0	1	306.511	77711	81920	94.86	100	75	True	493.01
gr24_F4IVL6.yaml	2554	2554	0	0	1	307.04	77711	81920	94.86	100	75	True	493.01
gr24_F4IVL6.yaml	2554	2554	0	0	1	307.568	77711	81920	94.86	100	75	True	493.01
gr24_F4IVL6.yaml	2554	2554	0	0	1	308.099	77711	81920	94.86	100	75	True	493.01
gr24_F4IVL6.yaml	2554	2554	0	0	1	308.633	77711	81920	94.86	100	75	True	493.01
gr24_F4IVL6.yaml	2554	2554	0	0	1	309.165	77711	81920	94.86	100	75	True	493.01
gr24_F4IVL6.yaml	2554	2554	0	0	1	309.699	77711	81920	94.86	100	75	True	493.01
gr24_F4IVL6.yaml	2554	2554	0	0	1	310.23	77711	81920	94.86	100	75	True	493.01
gr24_F4IVL6.yaml	2554	2554	0	0	1	310.763	77711	81920	94.86	100	75	True	493.01
gr24_F4IVL6.yaml	2554	2554	0	0	1	311.294	77711	81920	94.86	100	75	True	493.01
gr24_F4IVL6.yaml	2554	2554	0	0	1	311.823	77711	81920	94.86	100	75	True	493.01
gr24_F4IVL6.yaml	2554	2554	0	0	1	312.354	77711	81920	94.86	100	75	True	493.01
gr24_F4IVL6.yaml	2554	2554	0	0	1	312.883	77711	81920	94.86	100	76	True	493.01
gr24_F4IVL6.yaml	2554	2554	0	0	1	313.414	77711	81920	94.86	100	75	True	493.01
gr24_F4IVL6.yaml	2554	2554	0	0	1	313.946	77711	81920	94.86	100	75	True	493.01
gr24_F4IVL6.yaml	2554	2554	0	0	1	314.475	77711	81920	94.86	100	75	True	493.01
gr24_F4IVL6.yaml	2554	2554	0	0	1	315.01	77711	81920	94.86	100	75	True	493.01
gr24_F4IVL6.yaml	2554	2554	0	0	1	315.539	77711	81920	94.86	100	75	True	493.01
gr24_F4IVL6.yaml	2554	2554	0	0	1	316.069	77711	81920	94.86	100	75	True	493.01
gr24_F4IVL6.yaml	2554	2554	0	0	1	316.602	77711	81920	94.86	100	75	True	493.01
gr24_F4IVL6.yaml	2554	2554	0	0	1	317.134	77711	81920	94.86	100	75	True	493.01
gr24_F4IVL6.yaml	2554	2554	0	0	1	317.666	77711	81920	94.86	100	75	True	493.01
gr24_F4IVL6.yaml	2554	2554	0	0	1	318.199	77711	81920	94.86	100	75	True	493.01
gr24_F4IVL6.yaml	2554	2554	0	0	1	318.736	77711	81920	94.86	100	75	True	493.01
gr24_F4IVL6.yaml	2554	2554	0	0	1	319.267	77711	81920	94.86	100	75	True	493.01
gr24_F4IVL6.yaml	2554	2554	0	0	1	319.796	77711	81920	94.86	100	75	True	493.01
gr24_F4IVL6.yaml	2554	2554	0	0	1	320.324	77711	81920	94.86	100	75	True	493.01
gr24_F4IVL6.yaml	2554	2554	0	0	1	320.856	77711	81920	94.86	100	75	True	493.01
gr24_F4IVL6.yaml	2554	2554	0	0	1	321.386	77711	81920	94.86	100	75	True	493.01
gr24_F4IVL6.yaml	2554	2554	0	0	1	321.92	77711	81920	94.86	100	75	True	493.01
gr24_F4IVL6.yaml	2554	2554	0	0	1	322.451	77711	81920	94.86	100	75	True	493.01
gr24_F4IVL6.yaml	2554	2554	0	0	1	322.981	77711	81920	94.86	100	74	True	493.01
gr24_F4IVL6.yaml	2554	2554	0	0	1	323.509	77711	81920	94.86	100	75	True	493.01
gr24_F4IVL6.yaml	2554	2554	0	0	1	324.042	77711	81920	94.86	100	75	True	493.01
gr24_F4IVL6.yaml	2554	2554	0	0	1	324.582	77711	81920	94.86	100	75	True	493.01
gr24_F4IVL6.yaml	2554	2554	0	0	1	325.115	77711	81920	94.86	100	75	True	493.01
gr24_F4IVL6.yaml	2554	2554	0	0	1	325.648	77711	81920	94.86	100	75	True	493.01
gr24_F4IVL6.yaml	2554	2554	0	0	1	326.178	77711	81920	94.86	100	75	True	493.01
gr24_F4IVL6.yaml	2554	2554	0	0	1	326.709	77711	81920	94.86	100	75	True	493.01
gr24_F4IVL6.yaml	2554	2554	0	0	1	327.236	77711	81920	94.86	100	74	True	493.01
gr24_F4IVL6.yaml	2554	2554	0	0	1	327.766	77711	81920	94.86	100	75	True	493.01
gr24_F4IVL6.yaml	2554	2554	0	0	1	328.298	77711	81920	94.86	100	75	True	493.01
gr24_F4IVL6.yaml	2554	2554	0	0	1	328.827	77711	81920	94.86	100	75	True	493.01
gr24_F4IVL6.yaml	2554	2554	0	0	1	329.359	77711	81920	94.86	100	75	True	493.01
gr24_F4IVL6.yaml	2554	2554	0	0	1	329.89	77711	81920	94.86	100	75	True	493.01
gr24_F4IVL6.yaml	2554	2554	0	0	1	330.423	77711	81920	94.86	100	75	True	493.01
gr24_F4IVL6.yaml	2554	2554	0	0	1	330.946	77711	81920	94.86	100	75	True	493.01
gr24_F4IVL6.yaml	2554	2554	0	0	1	331.478	77711	81920	94.86	100	75	True	493.01
gr24_F4IVL6.yaml	2554	2554	0	0	1	332.013	77711	81920	94.86	100	75	True	493.01
gr24_F4IVL6.yaml	2554	2554	0	0	1	332.542	77711	81920	94.86	100	75	True	493.01
gr24_F4IVL6.yaml	2554	2554	0	0	1	333.072	77711	81920	94.86	100	75	True	493.01
gr24_F4IVL6.yaml	2554	2554	0	0	1	333.621	77711	81920	94.86	100	75	True	493.01
gr24_F4IVL6.yaml	2554	2554	0	0	1	334.155	77711	81920	94.86	100	74	True	493.01
gr24_F4IVL6.yaml	2554	2554	0	0	1	334.683	77711	81920	94.86	100	75	True	493.01
gr24_F4IVL6.yaml	2554	2554	0	0	1	335.211	77711	81920	94.86	100	76	True	493.01
gr24_F4IVL6.yaml	2554	2554	0	0	1	335.742	77711	81920	94.86	100	75	True	493.01
gr24_F4IVL6.yaml	2554	2554	0	0	1	336.273	77711	81920	94.86	100	75	True	493.01
gr24_F4IVL6.yaml	2554	2554	0	0	1	336.801	77711	81920	94.86	100	75	True	493.01
gr24_F4IVL6.yaml	2554	2554	0	0	1	337.331	77711	81920	94.86	100	75	True	493.01
gr24_F4IVL6.yaml	2554	2554	0	0	1	337.863	77711	81920	94.86	100	75	True	493.01
gr24_F4IVL6.yaml	2554	2554	0	0	1	338.402	77711	81920	94.86	100	74	True	493.01
gr24_F4IVL6.yaml	2554	2554	0	0	1	338.932	77711	81920	94.86	100	75	True	493.01
gr24_F4IVL6.yaml	2554	2554	0	0	1	339.462	77711	81920	94.86	100	75	True	493.01
gr24_F4IVL6.yaml	2554	2554	0	0	1	339.995	77711	81920	94.86	100	75	True	493.01
gr24_F4IVL6.yaml	2554	2554	0	0	1	340.524	77711	81920	94.86	100	75	True	493.01
gr24_F4IVL6.yaml	2554	2554	0	0	1	341.061	77711	81920	94.86	100	75	True	493.01
gr24_F4IVL6.yaml	2554	2554	0	0	1	341.594	77713	81920	94.86	100	75	True	493.01
gr24_F4IVL6.yaml	2554	2554	0	0	1	342.13	77713	81920	94.86	100	75	True	493.01
gr24_F4IVL6.yaml	2554	2554	0	0	1	342.661	77713	81920	94.86	100	75	True	493.01
gr24_F4IVL6.yaml	2554	2554	0	0	1	343.195	77713	81920	94.86	100	75	True	493.01
gr24_F4IVL6.yaml	2554	2554	0	0	1	343.725	77713	81920	94.86	100	75	True	493.01
gr24_F4IVL6.yaml	2554	2554	0	0	1	344.254	77713	81920	94.86	100	75	True	493.01
gr24_F4IVL6.yaml	2554	2554	0	0	1	344.782	77713	81920	94.86	100	76	True	493.01
gr24_F4IVL6.yaml	2554	2554	0	0	1	345.311	77713	81920	94.86	100	76	True	493.01
gr24_F4IVL6.yaml	2554	2554	0	0	1	345.845	33385	81920	40.75	100	69	True	493.01
gr24_F4IVL6.yaml	2554	2554	0	0	1	346.61	33425	81920	40.8	100	71	True	493.01
gr24_F4IVL6.yaml	2554	2554	0	0	1	347.142	33425	81920	40.8	100	71	True	493.01
gr24_F4IVL6.yaml	2554	2554	0	0	1	347.674	33425	81920	40.8	100	73	True	493.01
gr24_F4IVL6.yaml	2554	2554	0	0	1	348.203	33425	81920	40.8	100	74	True	493.01
gr24_F4IVL6.yaml	2554	2554	0	0	1	348.734	33425	81920	40.8	100	74	True	493.01
gr24_F4IVL6.yaml	2554	2554	0	0	1	349.263	33425	81920	40.8	100	74	True	493.01
gr24_F4IVL6.yaml	2554	2554	0	0	1	349.793	33425	81920	40.8	100	74	True	493.01
gr24_F4IVL6.yaml	2554	2554	0	0	1	350.322	33425	81920	40.8	100	75	True	493.01
gr24_F4IVL6.yaml	2554	2554	0	0	1	350.859	33425	81920	40.8	100	75	True	493.01
gr24_F4IVL6.yaml	2554	2554	0	0	1	351.393	33425	81920	40.8	99	75	True	493.01
gr24_F4IVL6.yaml	2554	2554	0	0	1	351.922	33425	81920	40.8	99	75	True	493.01
gr24_F4IVL6.yaml	2554	2554	0	0	1	352.452	33425	81920	40.8	100	75	True	493.01
gr24_F4IVL6.yaml	2554	2554	0	0	1	352.98	33425	81920	40.8	100	76	True	493.01
gr24_F4IVL6.yaml	2554	2554	0	0	1	353.511	33425	81920	40.8	99	76	True	493.01
gr24_F4IVL6.yaml	2554	2554	0	0	1	354.042	33425	81920	40.8	99	75	True	493.01
gr24_F4IVL6.yaml	2554	2554	0	0	1	354.573	33425	81920	40.8	100	76	True	493.01
gr24_F4IVL6.yaml	2554	2554	0	0	1	355.101	33425	81920	40.8	100	76	True	493.01
gr24_F4IVL6.yaml	2554	2554	0	0	1	355.631	33425	81920	40.8	100	76	True	493.01
gr24_F4IVL6.yaml	2554	2554	0	0	1	356.162	33425	81920	40.8	99	76	True	493.01
gr24_F4IVL6.yaml	2554	2554	0	0	1	356.691	33425	81920	40.8	99	76	True	493.01
gr24_F4IVL6.yaml	2554	2554	0	0	1	357.224	33425	81920	40.8	100	76	True	493.01
gr24_F4IVL6.yaml	2554	2554	0	0	1	357.754	33425	81920	40.8	100	76	True	493.01
gr24_F4IVL6.yaml	2554	2554	0	0	1	358.285	33425	81920	40.8	100	76	True	493.01
gr24_F4IVL6.yaml	2554	2554	0	0	1	358.82	33425	81920	40.8	99	76	True	493.01
gr24_F4IVL6.yaml	2554	2554	0	0	1	359.349	33425	81920	40.8	100	76	True	493.01
gr24_F4IVL6.yaml	2554	2554	0	0	1	359.877	33425	81920	40.8	100	76	True	493.01
gr24_F4IVL6.yaml	2554	2554	0	0	1	360.407	33425	81920	40.8	99	76	True	493.01
gr24_F4IVL6.yaml	2554	2554	0	0	1	360.939	33425	81920	40.8	99	76	True	493.01
gr24_F4IVL6.yaml	2554	2554	0	0	1	361.467	33425	81920	40.8	99	76	True	493.01
gr24_F4IVL6.yaml	2554	2554	0	0	1	362.002	33425	81920	40.8	99	76	True	493.01
gr24_F4IVL6.yaml	2554	2554	0	0	1	362.536	33425	81920	40.8	100	76	True	493.01
gr24_F4IVL6.yaml	2554	2554	0	0	1	363.065	33425	81920	40.8	99	76	True	493.01
gr24_F4IVL6.yaml	2554	2554	0	0	1	363.597	33425	81920	40.8	100	76	True	493.01
gr24_F4IVL6.yaml	2554	2554	0	0	1	364.127	33425	81920	40.8	99	76	True	493.01
gr24_F4IVL6.yaml	2554	2554	0	0	1	364.658	33425	81920	40.8	100	76	True	493.01
gr24_F4IVL6.yaml	2554	2554	0	0	1	365.187	33425	81920	40.8	100	76	True	493.01
gr24_F4IVL6.yaml	2554	2554	0	0	1	365.717	33425	81920	40.8	99	76	True	493.01
gr24_F4IVL6.yaml	2554	2554	0	0	1	366.249	33425	81920	40.8	99	76	True	493.01
gr24_F4IVL6.yaml	2554	2554	0	0	1	366.781	33425	81920	40.8	99	76	True	493.01
gr24_F4IVL6.yaml	2554	2554	0	0	1	367.318	33425	81920	40.8	100	76	True	493.01
gr24_F4IVL6.yaml	2554	2554	0	0	1	367.846	33425	81920	40.8	99	76	True	493.01
gr24_F4IVL6.yaml	2554	2554	0	0	1	368.376	33425	81920	40.8	99	76	True	493.01
gr24_F4IVL6.yaml	2554	2554	0	0	1	368.904	33425	81920	40.8	100	76	True	493.01
gr24_F4IVL6.yaml	2554	2554	0	0	1	369.436	33425	81920	40.8	99	76	True	493.01
gr24_F4IVL6.yaml	2554	2554	0	0	1	369.969	33425	81920	40.8	100	76	True	493.01
gr24_F4IVL6.yaml	2554	2554	0	0	1	370.502	33425	81920	40.8	99	76	True	493.01
gr24_F4IVL6.yaml	2554	2554	0	0	1	371.031	33425	81920	40.8	99	76	True	493.01
gr24_F4IVL6.yaml	2554	2554	0	0	1	371.561	33425	81920	40.8	100	76	True	493.01
gr24_F4IVL6.yaml	2554	2554	0	0	1	372.091	33425	81920	40.8	99	76	True	493.01
gr24_F4IVL6.yaml	2554	2554	0	0	1	372.618	33425	81920	40.8	100	76	True	493.01
gr24_F4IVL6.yaml	2554	2554	0	0	1	373.15	33425	81920	40.8	99	76	True	493.01
gr24_F4IVL6.yaml	2554	2554	0	0	1	373.682	33425	81920	40.8	99	76	True	493.01
gr24_F4IVL6.yaml	2554	2554	0	0	1	374.217	33425	81920	40.8	100	76	True	493.01
gr24_F4IVL6.yaml	2554	2554	0	0	1	374.744	33425	81920	40.8	100	76	True	493.01
gr24_F4IVL6.yaml	2554	2554	0	0	1	375.275	33425	81920	40.8	100	76	True	493.01
gr24_F4IVL6.yaml	2554	2554	0	0	1	375.803	33425	81920	40.8	99	76	True	493.01
gr24_F4IVL6.yaml	2554	2554	0	0	1	376.337	33425	81920	40.8	99	76	True	493.01
gr24_F4IVL6.yaml	2554	2554	0	0	1	376.869	33425	81920	40.8	100	76	True	493.01
gr24_F4IVL6.yaml	2554	2554	0	0	1	377.399	33425	81920	40.8	100	76	True	493.01
gr24_F4IVL6.yaml	2554	2554	0	0	1	377.93	33425	81920	40.8	100	76	True	493.01
gr24_F4IVL6.yaml	2554	2554	0	0	1	378.458	33425	81920	40.8	99	76	True	493.01
gr24_F4IVL6.yaml	2554	2554	0	0	1	378.992	33425	81920	40.8	100	76	True	493.01
gr24_F4IVL6.yaml	2554	2554	0	0	1	379.52	33425	81920	40.8	100	76	True	493.01
gr24_F4IVL6.yaml	2554	2554	0	0	1	380.048	33425	81920	40.8	100	76	True	493.01
gr24_F4IVL6.yaml	2554	2554	0	0	1	380.578	33425	81920	40.8	99	76	True	493.01
gr24_F4IVL6.yaml	2554	2554	0	0	1	381.11	33425	81920	40.8	99	76	True	493.01
gr24_F4IVL6.yaml	2554	2554	0	0	1	381.641	33425	81920	40.8	100	75	True	493.01
gr24_F4IVL6.yaml	2554	2554	0	0	1	382.175	33425	81920	40.8	99	76	True	493.01
gr24_F4IVL6.yaml	2554	2554	0	0	1	382.703	33425	81920	40.8	100	76	True	493.01
gr24_F4IVL6.yaml	2554	2554	0	0	1	383.233	33425	81920	40.8	99	75	True	493.01
gr24_F4IVL6.yaml	2554	2554	0	0	1	383.765	33425	81920	40.8	99	76	True	493.01
gr24_F4IVL6.yaml	2554	2554	0	0	1	384.297	33425	81920	40.8	100	76	True	493.01
gr24_F4IVL6.yaml	2554	2554	0	0	1	384.827	33425	81920	40.8	99	76	True	493.01
gr24_F4IVL6.yaml	2554	2554	0	0	1	385.36	33425	81920	40.8	100	75	True	493.01
gr24_F4IVL6.yaml	2554	2554	0	0	1	385.897	33425	81920	40.8	99	76	True	493.01
gr24_F4IVL6.yaml	2554	2554	0	0	1	386.429	33425	81920	40.8	100	76	True	493.01
gr24_F4IVL6.yaml	2554	2554	0	0	1	386.966	33425	81920	40.8	100	76	True	493.01
gr24_F4IVL6.yaml	2554	2554	0	0	1	387.496	33425	81920	40.8	99	76	True	493.01
gr24_F4IVL6.yaml	2554	2554	0	0	1	388.024	33425	81920	40.8	100	75	True	493.01
gr24_F4IVL6.yaml	2554	2554	0	0	1	388.556	33425	81920	40.8	99	76	True	493.01
gr24_F4IVL6.yaml	2554	2554	0	0	1	389.084	33425	81920	40.8	100	76	True	493.01
gr24_F4IVL6.yaml	2554	2554	0	0	1	389.625	33425	81920	40.8	99	76	True	493.01
gr24_F4IVL6.yaml	2554	2554	0	0	1	390.162	33425	81920	40.8	99	76	True	493.01
gr24_F4IVL6.yaml	2554	2554	0	0	1	390.696	33425	81920	40.8	100	75	True	493.01
gr24_F4IVL6.yaml	2554	2554	0	0	1	391.227	33425	81920	40.8	99	75	True	493.01
gr24_F4IVL6.yaml	2554	2554	0	0	1	391.755	33425	81920	40.8	100	76	True	493.01
gr24_F4IVL6.yaml	2554	2554	0	0	1	392.285	33425	81920	40.8	100	76	True	493.01
gr24_F4IVL6.yaml	2554	2554	0	0	1	392.816	33425	81920	40.8	99	76	True	493.01
gr24_F4IVL6.yaml	2554	2554	0	0	1	393.349	33425	81920	40.8	100	75	True	493.01
gr24_F4IVL6.yaml	2554	2554	0	0	1	393.879	33425	81920	40.8	100	75	True	493.01
gr24_F4IVL6.yaml	2554	2554	0	0	1	394.409	33425	81920	40.8	100	76	True	493.01
gr24_F4IVL6.yaml	2554	2554	0	0	1	394.943	33425	81920	40.8	99	76	True	493.01
gr24_F4IVL6.yaml	2554	2554	0	0	1	395.477	33425	81920	40.8	100	76	True	493.01
gr24_F4IVL6.yaml	2554	2554	0	0	1	396.205	33425	81920	40.8	100	75	True	493.01
gr24_F4IVL6.yaml	2554	2554	0	0	1	396.736	33425	81920	40.8	100	76	True	493.01
gr24_F4IVL6.yaml	2554	2554	0	0	1	397.268	33425	81920	40.8	99	75	True	493.01
gr24_F4IVL6.yaml	2554	2554	0	0	1	397.796	33425	81920	40.8	100	76	True	493.01
gr24_F4IVL6.yaml	2554	2554	0	0	1	398.326	33425	81920	40.8	99	75	True	493.01
gr24_F4IVL6.yaml	2554	2554	0	0	1	398.853	33425	81920	40.8	100	76	True	493.01
gr24_F4IVL6.yaml	2554	2554	0	0	1	399.382	33425	81920	40.8	99	75	True	493.01
gr24_F4IVL6.yaml	2554	2554	0	0	1	399.918	33425	81920	40.8	99	75	True	493.01
gr24_F4IVL6.yaml	2554	2554	0	0	1	400.449	33425	81920	40.8	100	76	True	493.01
gr24_F4IVL6.yaml	2554	2554	0	0	1	400.981	33425	81920	40.8	100	76	True	493.01
gr24_F4IVL6.yaml	2554	2554	0	0	1	401.509	33425	81920	40.8	99	75	True	493.01
gr24_F4IVL6.yaml	2554	2554	0	0	1	402.042	33425	81920	40.8	99	75	True	493.01
gr24_F4IVL6.yaml	2554	2554	0	0	1	402.577	33425	81920	40.8	100	75	True	493.01
gr24_F4IVL6.yaml	2554	2554	0	0	1	403.106	33425	81920	40.8	100	75	True	493.01
gr24_F4IVL6.yaml	2554	2554	0	0	1	403.635	33425	81920	40.8	99	75	True	493.01
gr24_F4IVL6.yaml	2554	2554	0	0	1	404.169	33425	81920	40.8	99	75	True	493.01
gr24_F4IVL6.yaml	2554	2554	0	0	1	404.698	33425	81920	40.8	99	75	True	493.01
gr24_F4IVL6.yaml	2554	2554	0	0	1	405.231	33425	81920	40.8	99	76	True	493.01
gr24_F4IVL6.yaml	2554	2554	0	0	1	405.764	33425	81920	40.8	100	76	True	493.01
gr24_F4IVL6.yaml	2554	2554	0	0	1	406.298	33425	81920	40.8	99	75	True	493.01
gr24_F4IVL6.yaml	2554	2554	0	0	1	406.829	33425	81920	40.8	100	75	True	493.01
gr24_F4IVL6.yaml	2554	2554	0	0	1	407.364	33425	81920	40.8	99	75	True	493.01
gr24_F4IVL6.yaml	2554	2554	0	0	1	407.899	33425	81920	40.8	100	76	True	493.01
gr24_F4IVL6.yaml	2554	2554	0	0	1	408.427	33425	81920	40.8	100	75	True	493.01
gr24_F4IVL6.yaml	2554	2554	0	0	1	408.966	33425	81920	40.8	99	75	True	493.01
gr24_F4IVL6.yaml	2554	2554	0	0	1	409.497	33425	81920	40.8	99	75	True	493.01
gr24_F4IVL6.yaml	2554	2554	0	0	1	410.029	33425	81920	40.8	99	76	True	493.01
gr24_F4IVL6.yaml	2554	2554	0	0	1	410.562	33425	81920	40.8	100	75	True	493.01
gr24_F4IVL6.yaml	2554	2554	0	0	1	411.095	33425	81920	40.8	99	75	True	493.01
gr24_F4IVL6.yaml	2554	2554	0	0	1	411.626	33425	81920	40.8	99	76	True	493.01
gr24_F4IVL6.yaml	2554	2554	0	0	1	412.16	33425	81920	40.8	100	75	True	493.01
gr24_F4IVL6.yaml	2554	2554	0	0	1	412.692	33425	81920	40.8	100	76	True	493.01
gr24_F4IVL6.yaml	2554	2554	0	0	1	413.221	33425	81920	40.8	100	75	True	493.01
gr24_F4IVL6.yaml	2554	2554	0	0	1	413.754	33425	81920	40.8	99	76	True	493.01
gr24_F4IVL6.yaml	2554	2554	0	0	1	414.283	33425	81920	40.8	99	76	True	493.01
gr24_F4IVL6.yaml	2554	2554	0	0	1	414.819	33425	81920	40.8	100	75	True	493.01
gr24_F4IVL6.yaml	2554	2554	0	0	1	415.35	33425	81920	40.8	100	76	True	493.01
gr24_F4IVL6.yaml	2554	2554	0	0	1	415.897	33425	81920	40.8	100	75	True	493.01
gr24_F4IVL6.yaml	2554	2554	0	0	1	416.429	33425	81920	40.8	99	76	True	493.01
gr24_F4IVL6.yaml	2554	2554	0	0	1	416.96	33425	81920	40.8	100	75	True	493.01
gr24_F4IVL6.yaml	2554	2554	0	0	1	417.491	33425	81920	40.8	100	76	True	493.01
gr24_F4IVL6.yaml	2554	2554	0	0	1	418.019	33425	81920	40.8	100	75	True	493.01
gr24_F4IVL6.yaml	2554	2554	0	0	1	418.555	33425	81920	40.8	99	75	True	493.01
gr24_F4IVL6.yaml	2554	2554	0	0	1	419.087	33425	81920	40.8	99	76	True	493.01
gr24_F4IVL6.yaml	2554	2554	0	0	1	419.616	33425	81920	40.8	100	75	True	493.01
gr24_F4IVL6.yaml	2554	2554	0	0	1	420.147	33425	81920	40.8	100	75	True	493.01
gr24_F4IVL6.yaml	2554	2554	0	0	1	420.678	33425	81920	40.8	100	75	True	493.01
gr24_F4IVL6.yaml	2554	2554	0	0	1	421.208	33425	81920	40.8	99	75	True	493.01
gr24_F4IVL6.yaml	2554	2554	0	0	1	421.737	33425	81920	40.8	99	76	True	493.01
gr24_F4IVL6.yaml	2554	2554	0	0	1	422.27	33425	81920	40.8	100	75	True	493.01
gr24_F4IVL6.yaml	2554	2554	0	0	1	422.799	33425	81920	40.8	99	75	True	493.01
gr24_F4IVL6.yaml	2554	2554	0	0	1	423.332	33425	81920	40.8	100	75	True	493.01
gr24_F4IVL6.yaml	2554	2554	0	0	1	423.865	33425	81920	40.8	99	76	True	493.01
gr24_F4IVL6.yaml	2554	2554	0	0	1	424.394	33425	81920	40.8	100	75	True	493.01
gr24_F4IVL6.yaml	2554	2554	0	0	1	424.924	33425	81920	40.8	100	76	True	493.01
gr24_F4IVL6.yaml	2554	2554	0	0	1	425.453	33425	81920	40.8	99	75	True	493.01
gr24_F4IVL6.yaml	2554	2554	0	0	1	425.984	33425	81920	40.8	100	75	True	493.01
gr24_F4IVL6.yaml	2554	2554	0	0	1	426.512	33425	81920	40.8	99	76	True	493.01
gr24_F4IVL6.yaml	2554	2554	0	0	1	427.042	33425	81920	40.8	99	75	True	493.01
gr24_F4IVL6.yaml	2554	2554	0	0	1	427.575	33425	81920	40.8	100	75	True	493.01
gr24_F4IVL6.yaml	2554	2554	0	0	1	428.113	33425	81920	40.8	99	76	True	493.01
gr24_F4IVL6.yaml	2554	2554	0	0	1	428.642	33425	81920	40.8	99	76	True	493.01
gr24_F4IVL6.yaml	2554	2554	0	0	1	429.172	33425	81920	40.8	99	76	True	493.01
gr24_F4IVL6.yaml	2554	2554	0	0	1	429.702	33425	81920	40.8	100	75	True	493.01
gr24_F4IVL6.yaml	2554	2554	0	0	1	430.231	33425	81920	40.8	100	75	True	493.01
gr24_F4IVL6.yaml	2554	2554	0	0	1	430.764	33425	81920	40.8	99	75	True	493.01
gr24_F4IVL6.yaml	2554	2554	0	0	1	431.297	33425	81920	40.8	99	75	True	493.01
gr24_F4IVL6.yaml	2554	2554	0	0	1	431.828	33425	81920	40.8	99	75	True	493.01
gr24_F4IVL6.yaml	2554	2554	0	0	1	432.361	33425	81920	40.8	100	76	True	493.01
gr24_F4IVL6.yaml	2554	2554	0	0	1	432.891	33425	81920	40.8	99	76	True	493.01
gr24_F4IVL6.yaml	2554	2554	0	0	1	433.418	33425	81920	40.8	99	75	True	493.01
gr24_F4IVL6.yaml	2554	2554	0	0	1	433.951	67893	81920	82.88	99	75	True	493.01
gr24_F4IVL6.yaml	2554	2554	0	0	1	434.486	74375	81920	90.79	100	75	True	493.01
gr24_F4IVL6.yaml	2554	2554	0	0	1	435.017	74377	81920	90.79	100	74	True	493.01
gr24_F4IVL6.yaml	2554	2554	0	0	1	435.546	74377	81920	90.79	100	74	True	493.01
gr24_F4IVL6.yaml	2554	2554	0	0	1	436.077	74377	81920	90.79	100	74	True	493.01
gr24_F4IVL6.yaml	2554	2554	0	0	1	436.604	74377	81920	90.79	100	74	True	493.01
gr24_F4IVL6.yaml	2554	2554	0	0	1	437.137	74377	81920	90.79	100	74	True	493.01
gr24_F4IVL6.yaml	2554	2554	0	0	1	437.67	74377	81920	90.79	100	74	True	493.01
gr24_F4IVL6.yaml	2554	2554	0	0	1	438.206	74379	81920	90.79	100	74	True	493.01
gr24_F4IVL6.yaml	2554	2554	0	0	1	438.735	74379	81920	90.79	100	74	True	493.01
gr24_F4IVL6.yaml	2554	2554	0	0	1	439.264	74379	81920	90.79	100	74	True	493.01
gr24_F4IVL6.yaml	2554	2554	0	0	1	439.793	74379	81920	90.79	100	74	True	493.01
gr24_F4IVL6.yaml	2554	2554	0	0	1	440.321	74379	81920	90.79	100	74	True	493.01
gr24_F4IVL6.yaml	2554	2554	0	0	1	440.864	74379	81920	90.79	100	74	True	493.01
gr24_F4IVL6.yaml	2554	2554	0	0	1	441.394	74379	81920	90.79	100	72	True	493.01
gr24_F4IVL6.yaml	2554	2554	0	0	1	441.921	74379	81920	90.79	7	68	True	493.01
gr24_F4IVL6.yaml	2554	2554	0	0	1	442.453	74379	81920	90.79	3	66	True	493.01
gr24_F4IVL6.yaml	2554	2554	0	0	1	442.98	74379	81920	90.79	2	63	True	493.01
gr24_F4IVL6.yaml	2554	2554	0	0	1	443.508	74379	81920	90.79	0	62	True	493.01
gr24_F4IVL6.yaml	2554	2554	0	0	1	444.035	74379	81920	90.79	0	60	True	493.01
gr24_F4IVL6.yaml	2554	2554	0	0	1	444.561	74379	81920	90.79	0	59	True	493.01
gr24_F4IVL6.yaml	2554	2554	0	0	1	445.092	74379	81920	90.79	0	58	True	493.01
gr24_F4IVL6.yaml	2554	2554	0	0	1	445.62	74379	81920	90.79	3	57	True	493.01
gr24_F4IVL6.yaml	2554	2554	0	0	1	446.151	74379	81920	90.79	7	56	True	493.01
gr24_F4IVL6.yaml	2554	2554	0	0	1	446.687	66829	81920	81.58	8	56	True	493.01
gr24_F4IVL6.yaml	2554	2554	0	0	1	447.218	567	81920	0.69	100	55	True	493.01
gr24_F4IVL6.yaml	2554	2554	0	0	1	447.749	567	81920	0.69	100	54	True	493.01
gr24_F4IVL6.yaml	2554	2554	0	0	1	448.276	567	81920	0.69	100	54	True	493.01
gr24_F4IVL6.yaml	2554	2554	0	0	1	448.807	567	81920	0.69	100	53	True	493.01
gr24_F4IVL6.yaml	2554	2554	0	0	1	449.354	567	81920	0.69	0	53	True	493.01
gr24_F4IVL6.yaml	2554	2554	0	0	1	449.884	567	81920	0.69	0	52	True	493.01
gr24_F4IVL6.yaml	2554	2554	0	0	1	450.418	567	81920	0.69	0	52	True	493.01
gr24_F4IVL6.yaml	2554	2554	0	0	1	450.936	567	81920	0.69	0	52	True	493.01
gr24_F4IVL6.yaml	2554	2554	0	0	1	451.454	567	81920	0.69	0	51	True	493.01
gr24_F4IVL6.yaml	2554	2554	0	0	1	451.98	567	81920	0.69	0	51	True	493.01
gr24_F4IVL6.yaml	2554	2554	0	0	1	452.497	567	81920	0.69	0	51	True	493.01
gr24_F4IVL6.yaml	2554	2554	0	0	1	453.014	567	81920	0.69	0	51	True	493.01
gr24_F4IVL6.yaml	2554	2554	0	0	1	453.533	567	81920	0.69	0	50	True	493.01
gr24_F4IVL6.yaml	2554	2554	0	0	1	454.057	567	81920	0.69	0	50	True	493.01
gr24_F4IVL6.yaml	2554	2554	0	0	1	454.577	567	81920	0.69	0	50	True	493.01
gr24_F4IVL6.yaml	2554	2554	0	0	1	455.097	567	81920	0.69	0	50	True	493.01
gr24_F4IVL6.yaml	2554	2554	0	0	1	455.623	567	81920	0.69	0	50	True	493.01
gr24_F4IVL6.yaml	2554	2554	0	0	1	456.149	567	81920	0.69	0	49	True	493.01
gr24_F4IVL6.yaml	2554	2554	0	0	1	456.674	567	81920	0.69	0	49	True	493.01
gr24_F4IVL6.yaml	2554	2554	0	0	1	457.205	567	81920	0.69	0	49	True	493.01
gr24_F4IVL6.yaml	2554	2554	0	0	1	457.722	567	81920	0.69	0	49	True	493.01
gr24_F4IVL6.yaml	2554	2554	0	0	1	458.244	567	81920	0.69	0	49	True	493.01
gr24_F4IVL6.yaml	2554	2554	0	0	1	458.763	567	81920	0.69	0	49	True	493.01
gr24_F4IVL6.yaml	2554	2554	0	0	1	459.284	567	81920	0.69	0	49	True	493.01
gr24_F4IVL6.yaml	2554	2554	0	0	1	459.807	567	81920	0.69	0	49	True	493.01
gr24_F4IVL6.yaml	2554	2554	0	0	1	460.327	567	81920	0.69	0	49	True	493.01
gr24_F4IVL6.yaml	2554	2554	0	0	1	460.847	567	81920	0.69	0	49	True	493.01
gr24_F4IVL6.yaml	2554	2554	0	0	1	461.367	567	81920	0.69	0	49	True	493.01
gr24_F4IVL6.yaml	2554	2554	0	0	1	461.886	567	81920	0.69	0	49	True	493.01
gr24_F4IVL6.yaml	2554	2554	0	0	1	462.413	567	81920	0.69	0	49	True	493.01
gr24_F4IVL6.yaml	2554	2554	0	0	1	462.934	567	81920	0.69	0	49	True	493.01
gr24_F4IVL6.yaml	2554	2554	0	0	1	463.458	567	81920	0.69	0	49	True	493.01
gr24_F4IVL6.yaml	2554	2554	0	0	1	463.976	567	81920	0.69	0	48	True	493.01
gr24_F4IVL6.yaml	2554	2554	0	0	1	464.508	567	81920	0.69	0	48	True	493.01
gr24_F4IVL6.yaml	2554	2554	0	0	1	465.025	567	81920	0.69	0	48	True	493.01
gr24_F4IVL6.yaml	2554	2554	0	0	1	465.551	567	81920	0.69	0	48	True	493.01
gr24_F4IVL6.yaml	2554	2554	0	0	1	466.069	567	81920	0.69	0	48	True	493.01
gr24_F4IVL6.yaml	2554	2554	0	0	1	466.587	567	81920	0.69	0	48	True	493.01
gr24_F4IVL6.yaml	2554	2554	0	0	1	467.107	567	81920	0.69	0	48	True	493.01
gr24_F4IVL6.yaml	2554	2554	0	0	1	467.626	567	81920	0.69	0	48	True	493.01
gr24_F4IVL6.yaml	2554	2554	0	0	1	468.197	2707	81920	3.3	29	48	True	493.01
gr24_F4IVL6.yaml	2554	2554	0	0	1	468.724	2707	81920	3.3	0	48	True	493.01
gr24_F4IVL6.yaml	2554	2554	0	0	1	469.25	2707	81920	3.3	0	48	True	493.01
gr24_F4IVL6.yaml	2554	2554	0	0	1	469.778	2707	81920	3.3	0	48	True	493.01
gr24_F4IVL6.yaml	2554	2554	0	0	1	470.304	10041	81920	12.26	0	51	True	493.01
gr24_F4IVL6.yaml	2554	2554	0	0	1	470.825	10041	81920	12.26	100	57	True	493.01
gr24_F4IVL6.yaml	2554	2554	0	0	1	471.348	10041	81920	12.26	100	59	True	493.01
gr24_F4IVL6.yaml	2554	2554	0	0	1	471.873	10041	81920	12.26	100	61	True	493.01
gr24_F4IVL6.yaml	2554	2554	0	0	1	472.401	10041	81920	12.26	100	63	True	493.01
gr24_F4IVL6.yaml	2554	2554	0	0	1	472.934	10041	81920	12.26	100	65	True	493.01
gr24_F4IVL6.yaml	2554	2554	0	0	1	473.507	10041	81920	12.26	100	66	True	493.01
gr24_F4IVL6.yaml	2554	2554	0	0	1	474.036	10041	81920	12.26	100	67	True	493.01
gr24_F4IVL6.yaml	2554	2554	0	0	1	474.564	10041	81920	12.26	98	69	True	493.01
gr24_F4IVL6.yaml	2554	2554	0	0	1	475.094	10041	81920	12.26	98	71	True	493.01
gr24_F4IVL6.yaml	2554	2554	0	0	1	475.622	10041	81920	12.26	98	73	True	493.01
gr24_F4IVL6.yaml	2554	2554	0	0	1	476.152	10041	81920	12.26	98	73	True	493.01
gr24_F4IVL6.yaml	2554	2554	0	0	1	476.682	10041	81920	12.26	98	74	True	493.01
gr24_F4IVL6.yaml	2554	2554	0	0	1	477.213	10041	81920	12.26	98	74	True	493.01
gr24_F4IVL6.yaml	2554	2554	0	0	1	477.746	10041	81920	12.26	98	74	True	493.01
gr24_F4IVL6.yaml	2554	2554	0	0	1	478.274	10041	81920	12.26	98	75	True	493.01
gr24_F4IVL6.yaml	2554	2554	0	0	1	478.803	10041	81920	12.26	98	76	True	493.01
gr24_F4IVL6.yaml	2554	2554	0	0	1	479.333	10041	81920	12.26	98	76	True	493.01
gr24_F4IVL6.yaml	2554	2554	0	0	1	479.861	10041	81920	12.26	98	76	True	493.01
gr24_F4IVL6.yaml	2554	2554	0	0	1	480.392	10041	81920	12.26	98	77	True	493.01
gr24_F4IVL6.yaml	2554	2554	0	0	1	480.921	10041	81920	12.26	98	77	True	493.01
gr24_F4IVL6.yaml	2554	2554	0	0	1	481.45	10041	81920	12.26	98	77	True	493.01
gr24_F4IVL6.yaml	2554	2554	0	0	1	481.98	10041	81920	12.26	97	78	True	493.01
gr24_F4IVL6.yaml	2554	2554	0	0	1	482.513	10041	81920	12.26	97	77	True	493.01
gr24_F4IVL6.yaml	2554	2554	0	0	1	483.043	10041	81920	12.26	98	78	True	493.01
gr24_F4IVL6.yaml	2554	2554	0	0	1	483.571	10041	81920	12.26	98	77	True	493.01
gr24_F4IVL6.yaml	2554	2554	0	0	1	484.102	10041	81920	12.26	98	78	True	493.01
gr24_F4IVL6.yaml	2554	2554	0	0	1	484.632	10041	81920	12.26	98	78	True	493.01
gr24_F4IVL6.yaml	2554	2554	0	0	1	485.168	10041	81920	12.26	98	78	True	493.01
gr24_F4IVL6.yaml	2554	2554	0	0	1	485.696	10041	81920	12.26	98	78	True	493.01
gr24_F4IVL6.yaml	2554	2554	0	0	1	486.226	10041	81920	12.26	98	78	True	493.01
gr24_F4IVL6.yaml	2554	2554	0	0	1	486.755	10041	81920	12.26	98	78	True	493.01
gr24_F4IVL6.yaml	2554	2554	0	0	1	487.288	10041	81920	12.26	98	78	True	493.01
gr24_F4IVL6.yaml	2554	2554	0	0	1	487.814	10057	81920	12.28	96	77	True	493.01
gr24_F4IVL6.yaml	2554	2554	0	0	1	488.343	10057	81920	12.28	7	70	True	493.01
gr24_F4IVL6.yaml	2554	2554	0	0	1	488.872	10057	81920	12.28	8	66	True	493.01
gr24_F4IVL6.yaml	2554	2554	0	0	1	489.399	565	81920	0.69	75	64	True	493.01
gr24_F4IVL6.yaml	2554	2554	0	0	1	489.931	565	81920	0.69	0	62	True	493.01
gr24_F4IVL6.yaml	2554	2554	0	0	1	490.472	529	81920	0.65	0	60	True	493.01
gr24_F4IVL6.yaml	2554	2554	0	0	1	491.002	529	81920	0.65	0	59	True	493.01
gr24_F4IVL6.yaml	2554	2554	0	0	1	491.534	529	81920	0.65	0	58	True	493.01
gr24_F4IVL6.yaml	2554	2554	0	0	1	492.063	519	81920	0.63	0	57	True	493.01
gr24_F4IVL6.yaml	2554	2554	0	0	1	492.649	0	81920	0.0	0	56	True	493.01
